xls,site_name,proxy,age,age_uncertainty_older,age_uncertainty_younger,co2,co2_uncertainty_higher,co2_uncertainty_lower,reference,doi,co2_as_published,proxy_category,category_reason,co2_superseded,co2_recalculated,co2_revised_reason,age_as_published,age_quarantined,age_superseded,age_recalculated,age_revised_reason
phytoplankton_badger_2019_p1.0.xlsx,Category 1: (a) Weighted mean of all methods with Category 1 estimates.,Phytoplankton,111.32,4,4,224.31,271.38,88.59,"Badger, M. P., Chalk, T. B., Foster, G. L., Bown, P. R., Gibbs, S. J., Sexton, P. F., ... & Pancost, R. D. (2019). Insensitivity of alkenone carbon isotopes to atmospheric CO2 at low to moderate CO2 levels. Climate of the Past, 15(2), 539-554.",Badger 2019,false,1,Category 1: (a) Weighted mean of all methods with Category 1 estimates.,FALSE,true,Recalculation of all alkenone CO2 results using uniform calculation methods and comprehensive treatment of uncertainties.,true,false,FALSE,false,
phytoplankton_badger_2019_p1.0.xlsx,Category 1: (a) Weighted mean of all methods with Category 1 estimates.,Phytoplankton,119.06,4,4,258.08,344.16,107.04,"Badger, M. P., Chalk, T. B., Foster, G. L., Bown, P. R., Gibbs, S. J., Sexton, P. F., ... & Pancost, R. D. (2019). Insensitivity of alkenone carbon isotopes to atmospheric CO2 at low to moderate CO2 levels. Climate of the Past, 15(2), 539-554.",Badger 2019,false,1,Category 1: (a) Weighted mean of all methods with Category 1 estimates.,FALSE,true,Recalculation of all alkenone CO2 results using uniform calculation methods and comprehensive treatment of uncertainties.,true,false,FALSE,false,
phytoplankton_badger_2019_p1.0.xlsx,Category 1: (a) Weighted mean of all methods with Category 1 estimates.,Phytoplankton,123.77,4,4,254.2,319.57,104.02,"Badger, M. P., Chalk, T. B., Foster, G. L., Bown, P. R., Gibbs, S. J., Sexton, P. F., ... & Pancost, R. D. (2019). Insensitivity of alkenone carbon isotopes to atmospheric CO2 at low to moderate CO2 levels. Climate of the Past, 15(2), 539-554.",Badger 2019,false,1,Category 1: (a) Weighted mean of all methods with Category 1 estimates.,FALSE,true,Recalculation of all alkenone CO2 results using uniform calculation methods and comprehensive treatment of uncertainties.,true,false,FALSE,false,
phytoplankton_badger_2019_p1.0.xlsx,Category 1: (a) Weighted mean of all methods with Category 1 estimates.,Phytoplankton,127.48,4,4,278.75,371.23,115.89,"Badger, M. P., Chalk, T. B., Foster, G. L., Bown, P. R., Gibbs, S. J., Sexton, P. F., ... & Pancost, R. D. (2019). Insensitivity of alkenone carbon isotopes to atmospheric CO2 at low to moderate CO2 levels. Climate of the Past, 15(2), 539-554.",Badger 2019,false,1,Category 1: (a) Weighted mean of all methods with Category 1 estimates.,FALSE,true,Recalculation of all alkenone CO2 results using uniform calculation methods and comprehensive treatment of uncertainties.,true,false,FALSE,false,
phytoplankton_badger_2019_p1.0.xlsx,Category 1: (a) Weighted mean of all methods with Category 1 estimates.,Phytoplankton,131.91,4,4,206.8,231,79.76,"Badger, M. P., Chalk, T. B., Foster, G. L., Bown, P. R., Gibbs, S. J., Sexton, P. F., ... & Pancost, R. D. (2019). Insensitivity of alkenone carbon isotopes to atmospheric CO2 at low to moderate CO2 levels. Climate of the Past, 15(2), 539-554.",Badger 2019,false,1,Category 1: (a) Weighted mean of all methods with Category 1 estimates.,FALSE,true,Recalculation of all alkenone CO2 results using uniform calculation methods and comprehensive treatment of uncertainties.,true,false,FALSE,false,
phytoplankton_badger_2019_p1.0.xlsx,Category 1: (a) Weighted mean of all methods with Category 1 estimates.,Phytoplankton,133.22,4,4,302.82,432.21,130.09,"Badger, M. P., Chalk, T. B., Foster, G. L., Bown, P. R., Gibbs, S. J., Sexton, P. F., ... & Pancost, R. D. (2019). Insensitivity of alkenone carbon isotopes to atmospheric CO2 at low to moderate CO2 levels. Climate of the Past, 15(2), 539-554.",Badger 2019,false,1,Category 1: (a) Weighted mean of all methods with Category 1 estimates.,FALSE,true,Recalculation of all alkenone CO2 results using uniform calculation methods and comprehensive treatment of uncertainties.,true,false,FALSE,false,
phytoplankton_badger_2019_p1.0.xlsx,Category 1: (a) Weighted mean of all methods with Category 1 estimates.,Phytoplankton,135.57,4,4,202.76,230.71,78.47,"Badger, M. P., Chalk, T. B., Foster, G. L., Bown, P. R., Gibbs, S. J., Sexton, P. F., ... & Pancost, R. D. (2019). Insensitivity of alkenone carbon isotopes to atmospheric CO2 at low to moderate CO2 levels. Climate of the Past, 15(2), 539-554.",Badger 2019,false,1,Category 1: (a) Weighted mean of all methods with Category 1 estimates.,FALSE,true,Recalculation of all alkenone CO2 results using uniform calculation methods and comprehensive treatment of uncertainties.,true,false,FALSE,false,
phytoplankton_badger_2019_p1.0.xlsx,Category 1: (a) Weighted mean of all methods with Category 1 estimates.,Phytoplankton,138.97,4,4,202.01,230.75,75.88,"Badger, M. P., Chalk, T. B., Foster, G. L., Bown, P. R., Gibbs, S. J., Sexton, P. F., ... & Pancost, R. D. (2019). Insensitivity of alkenone carbon isotopes to atmospheric CO2 at low to moderate CO2 levels. Climate of the Past, 15(2), 539-554.",Badger 2019,false,1,Category 1: (a) Weighted mean of all methods with Category 1 estimates.,FALSE,true,Recalculation of all alkenone CO2 results using uniform calculation methods and comprehensive treatment of uncertainties.,true,false,FALSE,false,
phytoplankton_badger_2019_p1.0.xlsx,Category 1: (a) Weighted mean of all methods with Category 1 estimates.,Phytoplankton,146.69,4,4,191.39,215.64,71.38,"Badger, M. P., Chalk, T. B., Foster, G. L., Bown, P. R., Gibbs, S. J., Sexton, P. F., ... & Pancost, R. D. (2019). Insensitivity of alkenone carbon isotopes to atmospheric CO2 at low to moderate CO2 levels. Climate of the Past, 15(2), 539-554.",Badger 2019,false,1,Category 1: (a) Weighted mean of all methods with Category 1 estimates.,FALSE,true,Recalculation of all alkenone CO2 results using uniform calculation methods and comprehensive treatment of uncertainties.,true,false,FALSE,false,
phytoplankton_badger_2019_p1.0.xlsx,Category 1: (a) Weighted mean of all methods with Category 1 estimates.,Phytoplankton,150.04,4,4,216.45,265.55,84.17,"Badger, M. P., Chalk, T. B., Foster, G. L., Bown, P. R., Gibbs, S. J., Sexton, P. F., ... & Pancost, R. D. (2019). Insensitivity of alkenone carbon isotopes to atmospheric CO2 at low to moderate CO2 levels. Climate of the Past, 15(2), 539-554.",Badger 2019,false,1,Category 1: (a) Weighted mean of all methods with Category 1 estimates.,FALSE,true,Recalculation of all alkenone CO2 results using uniform calculation methods and comprehensive treatment of uncertainties.,true,false,FALSE,false,
phytoplankton_badger_2019_p1.0.xlsx,Category 1: (a) Weighted mean of all methods with Category 1 estimates.,Phytoplankton,169.76,4,4,196.32,221.21,74.01,"Badger, M. P., Chalk, T. B., Foster, G. L., Bown, P. R., Gibbs, S. J., Sexton, P. F., ... & Pancost, R. D. (2019). Insensitivity of alkenone carbon isotopes to atmospheric CO2 at low to moderate CO2 levels. Climate of the Past, 15(2), 539-554.",Badger 2019,false,1,Category 1: (a) Weighted mean of all methods with Category 1 estimates.,FALSE,true,Recalculation of all alkenone CO2 results using uniform calculation methods and comprehensive treatment of uncertainties.,true,false,FALSE,false,
phytoplankton_badger_2019_p1.0.xlsx,Category 1: (a) Weighted mean of all methods with Category 1 estimates.,Phytoplankton,179.94,4,4,175.72,684.55,137.55,"Badger, M. P., Chalk, T. B., Foster, G. L., Bown, P. R., Gibbs, S. J., Sexton, P. F., ... & Pancost, R. D. (2019). Insensitivity of alkenone carbon isotopes to atmospheric CO2 at low to moderate CO2 levels. Climate of the Past, 15(2), 539-554.",Badger 2019,false,1,Category 1: (a) Weighted mean of all methods with Category 1 estimates.,FALSE,true,Recalculation of all alkenone CO2 results using uniform calculation methods and comprehensive treatment of uncertainties.,true,false,FALSE,false,
phytoplankton_badger_2019_p1.0.xlsx,Category 1: (a) Weighted mean of all methods with Category 1 estimates.,Phytoplankton,184.37,4,4,165.31,638.84,126.72,"Badger, M. P., Chalk, T. B., Foster, G. L., Bown, P. R., Gibbs, S. J., Sexton, P. F., ... & Pancost, R. D. (2019). Insensitivity of alkenone carbon isotopes to atmospheric CO2 at low to moderate CO2 levels. Climate of the Past, 15(2), 539-554.",Badger 2019,false,1,Category 1: (a) Weighted mean of all methods with Category 1 estimates.,FALSE,true,Recalculation of all alkenone CO2 results using uniform calculation methods and comprehensive treatment of uncertainties.,true,false,FALSE,false,
phytoplankton_badger_2019_p1.0.xlsx,Category 1: (a) Weighted mean of all methods with Category 1 estimates.,Phytoplankton,190.01,4,4,216.35,253.82,85.65,"Badger, M. P., Chalk, T. B., Foster, G. L., Bown, P. R., Gibbs, S. J., Sexton, P. F., ... & Pancost, R. D. (2019). Insensitivity of alkenone carbon isotopes to atmospheric CO2 at low to moderate CO2 levels. Climate of the Past, 15(2), 539-554.",Badger 2019,false,1,Category 1: (a) Weighted mean of all methods with Category 1 estimates.,FALSE,true,Recalculation of all alkenone CO2 results using uniform calculation methods and comprehensive treatment of uncertainties.,true,false,FALSE,false,
phytoplankton_badger_2019_p1.0.xlsx,Category 1: (a) Weighted mean of all methods with Category 1 estimates.,Phytoplankton,191.68,4,4,247.06,309.21,99.88,"Badger, M. P., Chalk, T. B., Foster, G. L., Bown, P. R., Gibbs, S. J., Sexton, P. F., ... & Pancost, R. D. (2019). Insensitivity of alkenone carbon isotopes to atmospheric CO2 at low to moderate CO2 levels. Climate of the Past, 15(2), 539-554.",Badger 2019,false,1,Category 1: (a) Weighted mean of all methods with Category 1 estimates.,FALSE,true,Recalculation of all alkenone CO2 results using uniform calculation methods and comprehensive treatment of uncertainties.,true,false,FALSE,false,
phytoplankton_badger_2019_p1.0.xlsx,Category 1: (a) Weighted mean of all methods with Category 1 estimates.,Phytoplankton,198.07,4,4,238.25,295.16,96.17,"Badger, M. P., Chalk, T. B., Foster, G. L., Bown, P. R., Gibbs, S. J., Sexton, P. F., ... & Pancost, R. D. (2019). Insensitivity of alkenone carbon isotopes to atmospheric CO2 at low to moderate CO2 levels. Climate of the Past, 15(2), 539-554.",Badger 2019,false,1,Category 1: (a) Weighted mean of all methods with Category 1 estimates.,FALSE,true,Recalculation of all alkenone CO2 results using uniform calculation methods and comprehensive treatment of uncertainties.,true,false,FALSE,false,
phytoplankton_badger_2019_p1.0.xlsx,Category 1: (a) Weighted mean of all methods with Category 1 estimates.,Phytoplankton,211.57,4,4,235.41,279.26,95.01,"Badger, M. P., Chalk, T. B., Foster, G. L., Bown, P. R., Gibbs, S. J., Sexton, P. F., ... & Pancost, R. D. (2019). Insensitivity of alkenone carbon isotopes to atmospheric CO2 at low to moderate CO2 levels. Climate of the Past, 15(2), 539-554.",Badger 2019,false,1,Category 1: (a) Weighted mean of all methods with Category 1 estimates.,FALSE,true,Recalculation of all alkenone CO2 results using uniform calculation methods and comprehensive treatment of uncertainties.,true,false,FALSE,false,
phytoplankton_badger_2019_p1.0.xlsx,Category 1: (a) Weighted mean of all methods with Category 1 estimates.,Phytoplankton,220.44,4,4,186.75,197.1,68.72,"Badger, M. P., Chalk, T. B., Foster, G. L., Bown, P. R., Gibbs, S. J., Sexton, P. F., ... & Pancost, R. D. (2019). Insensitivity of alkenone carbon isotopes to atmospheric CO2 at low to moderate CO2 levels. Climate of the Past, 15(2), 539-554.",Badger 2019,false,1,Category 1: (a) Weighted mean of all methods with Category 1 estimates.,FALSE,true,Recalculation of all alkenone CO2 results using uniform calculation methods and comprehensive treatment of uncertainties.,true,false,FALSE,false,
phytoplankton_badger_2019_p1.0.xlsx,Category 1: (a) Weighted mean of all methods with Category 1 estimates.,Phytoplankton,223.66,4,4,229.08,278.91,91.78,"Badger, M. P., Chalk, T. B., Foster, G. L., Bown, P. R., Gibbs, S. J., Sexton, P. F., ... & Pancost, R. D. (2019). Insensitivity of alkenone carbon isotopes to atmospheric CO2 at low to moderate CO2 levels. Climate of the Past, 15(2), 539-554.",Badger 2019,false,1,Category 1: (a) Weighted mean of all methods with Category 1 estimates.,FALSE,true,Recalculation of all alkenone CO2 results using uniform calculation methods and comprehensive treatment of uncertainties.,true,false,FALSE,false,
phytoplankton_badger_2019_p1.0.xlsx,Category 1: (a) Weighted mean of all methods with Category 1 estimates.,Phytoplankton,227.1,4,4,216.34,246.05,84.93,"Badger, M. P., Chalk, T. B., Foster, G. L., Bown, P. R., Gibbs, S. J., Sexton, P. F., ... & Pancost, R. D. (2019). Insensitivity of alkenone carbon isotopes to atmospheric CO2 at low to moderate CO2 levels. Climate of the Past, 15(2), 539-554.",Badger 2019,false,1,Category 1: (a) Weighted mean of all methods with Category 1 estimates.,FALSE,true,Recalculation of all alkenone CO2 results using uniform calculation methods and comprehensive treatment of uncertainties.,true,false,FALSE,false,
phytoplankton_badger_2019_p1.0.xlsx,Category 1: (a) Weighted mean of all methods with Category 1 estimates.,Phytoplankton,235.76,4,4,276.83,371.16,117.31,"Badger, M. P., Chalk, T. B., Foster, G. L., Bown, P. R., Gibbs, S. J., Sexton, P. F., ... & Pancost, R. D. (2019). Insensitivity of alkenone carbon isotopes to atmospheric CO2 at low to moderate CO2 levels. Climate of the Past, 15(2), 539-554.",Badger 2019,false,1,Category 1: (a) Weighted mean of all methods with Category 1 estimates.,FALSE,true,Recalculation of all alkenone CO2 results using uniform calculation methods and comprehensive treatment of uncertainties.,true,false,FALSE,false,
phytoplankton_badger_2019_p1.0.xlsx,Category 1: (a) Weighted mean of all methods with Category 1 estimates.,Phytoplankton,239.48,4,4,237.79,296.96,94.95,"Badger, M. P., Chalk, T. B., Foster, G. L., Bown, P. R., Gibbs, S. J., Sexton, P. F., ... & Pancost, R. D. (2019). Insensitivity of alkenone carbon isotopes to atmospheric CO2 at low to moderate CO2 levels. Climate of the Past, 15(2), 539-554.",Badger 2019,false,1,Category 1: (a) Weighted mean of all methods with Category 1 estimates.,FALSE,true,Recalculation of all alkenone CO2 results using uniform calculation methods and comprehensive treatment of uncertainties.,true,false,FALSE,false,
phytoplankton_badger_2019_p1.0.xlsx,Category 1: (a) Weighted mean of all methods with Category 1 estimates.,Phytoplankton,247.18,4,4,181.21,676.24,142.05,"Badger, M. P., Chalk, T. B., Foster, G. L., Bown, P. R., Gibbs, S. J., Sexton, P. F., ... & Pancost, R. D. (2019). Insensitivity of alkenone carbon isotopes to atmospheric CO2 at low to moderate CO2 levels. Climate of the Past, 15(2), 539-554.",Badger 2019,false,1,Category 1: (a) Weighted mean of all methods with Category 1 estimates.,FALSE,true,Recalculation of all alkenone CO2 results using uniform calculation methods and comprehensive treatment of uncertainties.,true,false,FALSE,false,
phytoplankton_badger_2019_p1.0.xlsx,Category 1: (a) Weighted mean of all methods with Category 1 estimates.,Phytoplankton,250.07,4,4,174.41,691.02,136.04,"Badger, M. P., Chalk, T. B., Foster, G. L., Bown, P. R., Gibbs, S. J., Sexton, P. F., ... & Pancost, R. D. (2019). Insensitivity of alkenone carbon isotopes to atmospheric CO2 at low to moderate CO2 levels. Climate of the Past, 15(2), 539-554.",Badger 2019,false,1,Category 1: (a) Weighted mean of all methods with Category 1 estimates.,FALSE,true,Recalculation of all alkenone CO2 results using uniform calculation methods and comprehensive treatment of uncertainties.,true,false,FALSE,false,
phytoplankton_badger_2019_p1.0.xlsx,Category 1: (a) Weighted mean of all methods with Category 1 estimates.,Phytoplankton,257.84,4,4,177.31,683.32,137.31,"Badger, M. P., Chalk, T. B., Foster, G. L., Bown, P. R., Gibbs, S. J., Sexton, P. F., ... & Pancost, R. D. (2019). Insensitivity of alkenone carbon isotopes to atmospheric CO2 at low to moderate CO2 levels. Climate of the Past, 15(2), 539-554.",Badger 2019,false,1,Category 1: (a) Weighted mean of all methods with Category 1 estimates.,FALSE,true,Recalculation of all alkenone CO2 results using uniform calculation methods and comprehensive treatment of uncertainties.,true,false,FALSE,false,
phytoplankton_badger_2019_p1.0.xlsx,Category 1: (a) Weighted mean of all methods with Category 1 estimates.,Phytoplankton,2599.5,6,6,194.45,209.93,71.58,"Badger, M. P., Chalk, T. B., Foster, G. L., Bown, P. R., Gibbs, S. J., Sexton, P. F., ... & Pancost, R. D. (2019). Insensitivity of alkenone carbon isotopes to atmospheric CO2 at low to moderate CO2 levels. Climate of the Past, 15(2), 539-554.",Badger 2019,false,1,Category 1: (a) Weighted mean of all methods with Category 1 estimates.,FALSE,true,Recalculation of all alkenone CO2 results using uniform calculation methods and comprehensive treatment of uncertainties.,true,false,FALSE,false,
phytoplankton_badger_2019_p1.0.xlsx,Category 1: (a) Weighted mean of all methods with Category 1 estimates.,Phytoplankton,2607.54,6,6,147.63,495.01,113.07,"Badger, M. P., Chalk, T. B., Foster, G. L., Bown, P. R., Gibbs, S. J., Sexton, P. F., ... & Pancost, R. D. (2019). Insensitivity of alkenone carbon isotopes to atmospheric CO2 at low to moderate CO2 levels. Climate of the Past, 15(2), 539-554.",Badger 2019,false,1,Category 1: (a) Weighted mean of all methods with Category 1 estimates.,FALSE,true,Recalculation of all alkenone CO2 results using uniform calculation methods and comprehensive treatment of uncertainties.,true,false,FALSE,false,
phytoplankton_badger_2019_p1.0.xlsx,Category 1: (a) Weighted mean of all methods with Category 1 estimates.,Phytoplankton,2617.32,6,6,170.5,586.39,129.71,"Badger, M. P., Chalk, T. B., Foster, G. L., Bown, P. R., Gibbs, S. J., Sexton, P. F., ... & Pancost, R. D. (2019). Insensitivity of alkenone carbon isotopes to atmospheric CO2 at low to moderate CO2 levels. Climate of the Past, 15(2), 539-554.",Badger 2019,false,1,Category 1: (a) Weighted mean of all methods with Category 1 estimates.,FALSE,true,Recalculation of all alkenone CO2 results using uniform calculation methods and comprehensive treatment of uncertainties.,true,false,FALSE,false,
phytoplankton_badger_2019_p1.0.xlsx,Category 1: (a) Weighted mean of all methods with Category 1 estimates.,Phytoplankton,2627.02,6,6,147.03,506.69,112.22,"Badger, M. P., Chalk, T. B., Foster, G. L., Bown, P. R., Gibbs, S. J., Sexton, P. F., ... & Pancost, R. D. (2019). Insensitivity of alkenone carbon isotopes to atmospheric CO2 at low to moderate CO2 levels. Climate of the Past, 15(2), 539-554.",Badger 2019,false,1,Category 1: (a) Weighted mean of all methods with Category 1 estimates.,FALSE,true,Recalculation of all alkenone CO2 results using uniform calculation methods and comprehensive treatment of uncertainties.,true,false,FALSE,false,
phytoplankton_badger_2019_p1.0.xlsx,Category 1: (a) Weighted mean of all methods with Category 1 estimates.,Phytoplankton,2633.61,6,6,167.58,610.77,128.51,"Badger, M. P., Chalk, T. B., Foster, G. L., Bown, P. R., Gibbs, S. J., Sexton, P. F., ... & Pancost, R. D. (2019). Insensitivity of alkenone carbon isotopes to atmospheric CO2 at low to moderate CO2 levels. Climate of the Past, 15(2), 539-554.",Badger 2019,false,1,Category 1: (a) Weighted mean of all methods with Category 1 estimates.,FALSE,true,Recalculation of all alkenone CO2 results using uniform calculation methods and comprehensive treatment of uncertainties.,true,false,FALSE,false,
phytoplankton_badger_2019_p1.0.xlsx,Category 1: (a) Weighted mean of all methods with Category 1 estimates.,Phytoplankton,2642.29,6,6,141.4,476.65,108.3,"Badger, M. P., Chalk, T. B., Foster, G. L., Bown, P. R., Gibbs, S. J., Sexton, P. F., ... & Pancost, R. D. (2019). Insensitivity of alkenone carbon isotopes to atmospheric CO2 at low to moderate CO2 levels. Climate of the Past, 15(2), 539-554.",Badger 2019,false,1,Category 1: (a) Weighted mean of all methods with Category 1 estimates.,FALSE,true,Recalculation of all alkenone CO2 results using uniform calculation methods and comprehensive treatment of uncertainties.,true,false,FALSE,false,
phytoplankton_badger_2019_p1.0.xlsx,Category 1: (a) Weighted mean of all methods with Category 1 estimates.,Phytoplankton,2650.61,6,6,221.28,259.54,87.97,"Badger, M. P., Chalk, T. B., Foster, G. L., Bown, P. R., Gibbs, S. J., Sexton, P. F., ... & Pancost, R. D. (2019). Insensitivity of alkenone carbon isotopes to atmospheric CO2 at low to moderate CO2 levels. Climate of the Past, 15(2), 539-554.",Badger 2019,false,1,Category 1: (a) Weighted mean of all methods with Category 1 estimates.,FALSE,true,Recalculation of all alkenone CO2 results using uniform calculation methods and comprehensive treatment of uncertainties.,true,false,FALSE,false,
phytoplankton_badger_2019_p1.0.xlsx,Category 1: (a) Weighted mean of all methods with Category 1 estimates.,Phytoplankton,2656.85,6,6,196.48,214.8,74.47,"Badger, M. P., Chalk, T. B., Foster, G. L., Bown, P. R., Gibbs, S. J., Sexton, P. F., ... & Pancost, R. D. (2019). Insensitivity of alkenone carbon isotopes to atmospheric CO2 at low to moderate CO2 levels. Climate of the Past, 15(2), 539-554.",Badger 2019,false,1,Category 1: (a) Weighted mean of all methods with Category 1 estimates.,FALSE,true,Recalculation of all alkenone CO2 results using uniform calculation methods and comprehensive treatment of uncertainties.,true,false,FALSE,false,
phytoplankton_badger_2019_p1.0.xlsx,Category 1: (a) Weighted mean of all methods with Category 1 estimates.,Phytoplankton,2666.22,6,6,173.3,652.17,134.29,"Badger, M. P., Chalk, T. B., Foster, G. L., Bown, P. R., Gibbs, S. J., Sexton, P. F., ... & Pancost, R. D. (2019). Insensitivity of alkenone carbon isotopes to atmospheric CO2 at low to moderate CO2 levels. Climate of the Past, 15(2), 539-554.",Badger 2019,false,1,Category 1: (a) Weighted mean of all methods with Category 1 estimates.,FALSE,true,Recalculation of all alkenone CO2 results using uniform calculation methods and comprehensive treatment of uncertainties.,true,false,FALSE,false,
phytoplankton_badger_2019_p1.0.xlsx,Category 1: (a) Weighted mean of all methods with Category 1 estimates.,Phytoplankton,2675.18,6,6,145.24,483.87,110.51,"Badger, M. P., Chalk, T. B., Foster, G. L., Bown, P. R., Gibbs, S. J., Sexton, P. F., ... & Pancost, R. D. (2019). Insensitivity of alkenone carbon isotopes to atmospheric CO2 at low to moderate CO2 levels. Climate of the Past, 15(2), 539-554.",Badger 2019,false,1,Category 1: (a) Weighted mean of all methods with Category 1 estimates.,FALSE,true,Recalculation of all alkenone CO2 results using uniform calculation methods and comprehensive treatment of uncertainties.,true,false,FALSE,false,
phytoplankton_badger_2019_p1.0.xlsx,Category 1: (a) Weighted mean of all methods with Category 1 estimates.,Phytoplankton,2682.12,6,6,168.64,618.85,129.85,"Badger, M. P., Chalk, T. B., Foster, G. L., Bown, P. R., Gibbs, S. J., Sexton, P. F., ... & Pancost, R. D. (2019). Insensitivity of alkenone carbon isotopes to atmospheric CO2 at low to moderate CO2 levels. Climate of the Past, 15(2), 539-554.",Badger 2019,false,1,Category 1: (a) Weighted mean of all methods with Category 1 estimates.,FALSE,true,Recalculation of all alkenone CO2 results using uniform calculation methods and comprehensive treatment of uncertainties.,true,false,FALSE,false,
phytoplankton_badger_2019_p1.0.xlsx,Category 1: (a) Weighted mean of all methods with Category 1 estimates.,Phytoplankton,2688.22,6,6,264.64,215.05,106.65,"Badger, M. P., Chalk, T. B., Foster, G. L., Bown, P. R., Gibbs, S. J., Sexton, P. F., ... & Pancost, R. D. (2019). Insensitivity of alkenone carbon isotopes to atmospheric CO2 at low to moderate CO2 levels. Climate of the Past, 15(2), 539-554.",Badger 2019,false,1,Category 1: (a) Weighted mean of all methods with Category 1 estimates.,FALSE,true,Recalculation of all alkenone CO2 results using uniform calculation methods and comprehensive treatment of uncertainties.,true,false,FALSE,false,
phytoplankton_badger_2019_p1.0.xlsx,Category 1: (a) Weighted mean of all methods with Category 1 estimates.,Phytoplankton,2693.49,6,6,264.25,344.66,109.54,"Badger, M. P., Chalk, T. B., Foster, G. L., Bown, P. R., Gibbs, S. J., Sexton, P. F., ... & Pancost, R. D. (2019). Insensitivity of alkenone carbon isotopes to atmospheric CO2 at low to moderate CO2 levels. Climate of the Past, 15(2), 539-554.",Badger 2019,false,1,Category 1: (a) Weighted mean of all methods with Category 1 estimates.,FALSE,true,Recalculation of all alkenone CO2 results using uniform calculation methods and comprehensive treatment of uncertainties.,true,false,FALSE,false,
phytoplankton_badger_2019_p1.0.xlsx,Category 1: (a) Weighted mean of all methods with Category 1 estimates.,Phytoplankton,2698.76,6,6,260.46,209.46,107.52,"Badger, M. P., Chalk, T. B., Foster, G. L., Bown, P. R., Gibbs, S. J., Sexton, P. F., ... & Pancost, R. D. (2019). Insensitivity of alkenone carbon isotopes to atmospheric CO2 at low to moderate CO2 levels. Climate of the Past, 15(2), 539-554.",Badger 2019,false,1,Category 1: (a) Weighted mean of all methods with Category 1 estimates.,FALSE,true,Recalculation of all alkenone CO2 results using uniform calculation methods and comprehensive treatment of uncertainties.,true,false,FALSE,false,
phytoplankton_badger_2019_p1.0.xlsx,Category 1: (a) Weighted mean of all methods with Category 1 estimates.,Phytoplankton,2704.87,6,6,211.4,239.98,80.67,"Badger, M. P., Chalk, T. B., Foster, G. L., Bown, P. R., Gibbs, S. J., Sexton, P. F., ... & Pancost, R. D. (2019). Insensitivity of alkenone carbon isotopes to atmospheric CO2 at low to moderate CO2 levels. Climate of the Past, 15(2), 539-554.",Badger 2019,false,1,Category 1: (a) Weighted mean of all methods with Category 1 estimates.,FALSE,true,Recalculation of all alkenone CO2 results using uniform calculation methods and comprehensive treatment of uncertainties.,true,false,FALSE,false,
phytoplankton_badger_2019_p1.0.xlsx,Category 1: (a) Weighted mean of all methods with Category 1 estimates.,Phytoplankton,2709.03,6,6,140.98,467.83,107.96,"Badger, M. P., Chalk, T. B., Foster, G. L., Bown, P. R., Gibbs, S. J., Sexton, P. F., ... & Pancost, R. D. (2019). Insensitivity of alkenone carbon isotopes to atmospheric CO2 at low to moderate CO2 levels. Climate of the Past, 15(2), 539-554.",Badger 2019,false,1,Category 1: (a) Weighted mean of all methods with Category 1 estimates.,FALSE,true,Recalculation of all alkenone CO2 results using uniform calculation methods and comprehensive treatment of uncertainties.,true,false,FALSE,false,
phytoplankton_badger_2019_p1.0.xlsx,Category 1: (a) Weighted mean of all methods with Category 1 estimates.,Phytoplankton,2714.3,6,6,180.29,188.51,66.51,"Badger, M. P., Chalk, T. B., Foster, G. L., Bown, P. R., Gibbs, S. J., Sexton, P. F., ... & Pancost, R. D. (2019). Insensitivity of alkenone carbon isotopes to atmospheric CO2 at low to moderate CO2 levels. Climate of the Past, 15(2), 539-554.",Badger 2019,false,1,Category 1: (a) Weighted mean of all methods with Category 1 estimates.,FALSE,true,Recalculation of all alkenone CO2 results using uniform calculation methods and comprehensive treatment of uncertainties.,true,false,FALSE,false,
phytoplankton_badger_2019_p1.0.xlsx,Category 1: (a) Weighted mean of all methods with Category 1 estimates.,Phytoplankton,2741.86,6,6,203.65,222.95,76.22,"Badger, M. P., Chalk, T. B., Foster, G. L., Bown, P. R., Gibbs, S. J., Sexton, P. F., ... & Pancost, R. D. (2019). Insensitivity of alkenone carbon isotopes to atmospheric CO2 at low to moderate CO2 levels. Climate of the Past, 15(2), 539-554.",Badger 2019,false,1,Category 1: (a) Weighted mean of all methods with Category 1 estimates.,FALSE,true,Recalculation of all alkenone CO2 results using uniform calculation methods and comprehensive treatment of uncertainties.,true,false,FALSE,false,
phytoplankton_badger_2019_p1.0.xlsx,Category 1: (a) Weighted mean of all methods with Category 1 estimates.,Phytoplankton,2752.26,6,6,169.04,581.04,131.42,"Badger, M. P., Chalk, T. B., Foster, G. L., Bown, P. R., Gibbs, S. J., Sexton, P. F., ... & Pancost, R. D. (2019). Insensitivity of alkenone carbon isotopes to atmospheric CO2 at low to moderate CO2 levels. Climate of the Past, 15(2), 539-554.",Badger 2019,false,1,Category 1: (a) Weighted mean of all methods with Category 1 estimates.,FALSE,true,Recalculation of all alkenone CO2 results using uniform calculation methods and comprehensive treatment of uncertainties.,true,false,FALSE,false,
phytoplankton_badger_2019_p1.0.xlsx,Category 1: (a) Weighted mean of all methods with Category 1 estimates.,Phytoplankton,2766.14,6,6,168.62,562.24,128.87,"Badger, M. P., Chalk, T. B., Foster, G. L., Bown, P. R., Gibbs, S. J., Sexton, P. F., ... & Pancost, R. D. (2019). Insensitivity of alkenone carbon isotopes to atmospheric CO2 at low to moderate CO2 levels. Climate of the Past, 15(2), 539-554.",Badger 2019,false,1,Category 1: (a) Weighted mean of all methods with Category 1 estimates.,FALSE,true,Recalculation of all alkenone CO2 results using uniform calculation methods and comprehensive treatment of uncertainties.,true,false,FALSE,false,
phytoplankton_badger_2019_p1.0.xlsx,Category 1: (a) Weighted mean of all methods with Category 1 estimates.,Phytoplankton,2781.56,6,6,227.21,268.4,89.82,"Badger, M. P., Chalk, T. B., Foster, G. L., Bown, P. R., Gibbs, S. J., Sexton, P. F., ... & Pancost, R. D. (2019). Insensitivity of alkenone carbon isotopes to atmospheric CO2 at low to moderate CO2 levels. Climate of the Past, 15(2), 539-554.",Badger 2019,false,1,Category 1: (a) Weighted mean of all methods with Category 1 estimates.,FALSE,true,Recalculation of all alkenone CO2 results using uniform calculation methods and comprehensive treatment of uncertainties.,true,false,FALSE,false,
phytoplankton_badger_2019_p1.0.xlsx,Category 1: (a) Weighted mean of all methods with Category 1 estimates.,Phytoplankton,2789.61,6,6,169.08,589.19,128.7,"Badger, M. P., Chalk, T. B., Foster, G. L., Bown, P. R., Gibbs, S. J., Sexton, P. F., ... & Pancost, R. D. (2019). Insensitivity of alkenone carbon isotopes to atmospheric CO2 at low to moderate CO2 levels. Climate of the Past, 15(2), 539-554.",Badger 2019,false,1,Category 1: (a) Weighted mean of all methods with Category 1 estimates.,FALSE,true,Recalculation of all alkenone CO2 results using uniform calculation methods and comprehensive treatment of uncertainties.,true,false,FALSE,false,
phytoplankton_tanner_2021_p1.0.xlsx,Category 1: (a) Weighted mean of all methods with Category 1 estimates.,Phytoplankton,4297,30,30,105.59,331.56,81.14,"Tanner, T., Hernández‐Almeida, I., Drury, A. J., Guitián, J., & Stoll, H. (2020). Decreasing atmospheric CO2 during the late Miocene cooling. Paleoceanography and Paleoclimatology, 35, e2020PA003925. https://doi.org/10.1029/2020PA003925",Tanner 2020,false,1,Category 1: (a) Weighted mean of all methods with Category 1 estimates.,FALSE,true,Recalculation of all alkenone CO2 results using uniform calculation methods and comprehensive treatment of uncertainties.,true,false,FALSE,false,
phytoplankton_tanner_2021_p1.0.xlsx,Category 1: (a) Weighted mean of all methods with Category 1 estimates.,Phytoplankton,4624,30,30,123.31,396.49,93.53,"Tanner, T., Hernández‐Almeida, I., Drury, A. J., Guitián, J., & Stoll, H. (2020). Decreasing atmospheric CO2 during the late Miocene cooling. Paleoceanography and Paleoclimatology, 35, e2020PA003925. https://doi.org/10.1029/2020PA003926",Tanner 2020,false,1,Category 1: (a) Weighted mean of all methods with Category 1 estimates.,FALSE,true,Recalculation of all alkenone CO2 results using uniform calculation methods and comprehensive treatment of uncertainties.,true,false,FALSE,false,
phytoplankton_tanner_2021_p1.0.xlsx,Category 1: (a) Weighted mean of all methods with Category 1 estimates.,Phytoplankton,5009,40,40,123.39,389.81,93.65,"Tanner, T., Hernández‐Almeida, I., Drury, A. J., Guitián, J., & Stoll, H. (2020). Decreasing atmospheric CO2 during the late Miocene cooling. Paleoceanography and Paleoclimatology, 35, e2020PA003925. https://doi.org/10.1029/2020PA003927",Tanner 2020,false,1,Category 1: (a) Weighted mean of all methods with Category 1 estimates.,FALSE,true,Recalculation of all alkenone CO2 results using uniform calculation methods and comprehensive treatment of uncertainties.,true,false,FALSE,false,
phytoplankton_tanner_2021_p1.0.xlsx,Category 1: (a) Weighted mean of all methods with Category 1 estimates.,Phytoplankton,5264,40,40,129.86,403.94,98.37,"Tanner, T., Hernández‐Almeida, I., Drury, A. J., Guitián, J., & Stoll, H. (2020). Decreasing atmospheric CO2 during the late Miocene cooling. Paleoceanography and Paleoclimatology, 35, e2020PA003925. https://doi.org/10.1029/2020PA003928",Tanner 2020,false,1,Category 1: (a) Weighted mean of all methods with Category 1 estimates.,FALSE,true,Recalculation of all alkenone CO2 results using uniform calculation methods and comprehensive treatment of uncertainties.,true,false,FALSE,false,
phytoplankton_tanner_2021_p1.0.xlsx,Category 1: (a) Weighted mean of all methods with Category 1 estimates.,Phytoplankton,5549,29.47,29.47,131.55,420.47,99.38,"Tanner, T., Hernández‐Almeida, I., Drury, A. J., Guitián, J., & Stoll, H. (2020). Decreasing atmospheric CO2 during the late Miocene cooling. Paleoceanography and Paleoclimatology, 35, e2020PA003925. https://doi.org/10.1029/2020PA003929",Tanner 2020,false,1,Category 1: (a) Weighted mean of all methods with Category 1 estimates.,FALSE,true,Recalculation of all alkenone CO2 results using uniform calculation methods and comprehensive treatment of uncertainties.,true,false,FALSE,false,
phytoplankton_tanner_2021_p1.0.xlsx,Category 1: (a) Weighted mean of all methods with Category 1 estimates.,Phytoplankton,5663,30.04,30.04,130.92,412.07,100.07,"Tanner, T., Hernández‐Almeida, I., Drury, A. J., Guitián, J., & Stoll, H. (2020). Decreasing atmospheric CO2 during the late Miocene cooling. Paleoceanography and Paleoclimatology, 35, e2020PA003925. https://doi.org/10.1029/2020PA003930",Tanner 2020,false,1,Category 1: (a) Weighted mean of all methods with Category 1 estimates.,FALSE,true,Recalculation of all alkenone CO2 results using uniform calculation methods and comprehensive treatment of uncertainties.,true,false,FALSE,false,
phytoplankton_tanner_2021_p1.0.xlsx,Category 1: (a) Weighted mean of all methods with Category 1 estimates.,Phytoplankton,5789,30.67,30.67,105.09,322.09,79.12,"Tanner, T., Hernández‐Almeida, I., Drury, A. J., Guitián, J., & Stoll, H. (2020). Decreasing atmospheric CO2 during the late Miocene cooling. Paleoceanography and Paleoclimatology, 35, e2020PA003925. https://doi.org/10.1029/2020PA003931",Tanner 2020,false,1,Category 1: (a) Weighted mean of all methods with Category 1 estimates.,FALSE,true,Recalculation of all alkenone CO2 results using uniform calculation methods and comprehensive treatment of uncertainties.,true,false,FALSE,false,
phytoplankton_tanner_2021_p1.0.xlsx,Category 1: (a) Weighted mean of all methods with Category 1 estimates.,Phytoplankton,5799,30.72,30.72,108.97,344.39,82.2,"Tanner, T., Hernández‐Almeida, I., Drury, A. J., Guitián, J., & Stoll, H. (2020). Decreasing atmospheric CO2 during the late Miocene cooling. Paleoceanography and Paleoclimatology, 35, e2020PA003925. https://doi.org/10.1029/2020PA003932",Tanner 2020,false,1,Category 1: (a) Weighted mean of all methods with Category 1 estimates.,FALSE,true,Recalculation of all alkenone CO2 results using uniform calculation methods and comprehensive treatment of uncertainties.,true,false,FALSE,false,
phytoplankton_tanner_2021_p1.0.xlsx,Category 1: (a) Weighted mean of all methods with Category 1 estimates.,Phytoplankton,5823,30.85,30.85,107.13,341.12,80.51,"Tanner, T., Hernández‐Almeida, I., Drury, A. J., Guitián, J., & Stoll, H. (2020). Decreasing atmospheric CO2 during the late Miocene cooling. Paleoceanography and Paleoclimatology, 35, e2020PA003925. https://doi.org/10.1029/2020PA003933",Tanner 2020,false,1,Category 1: (a) Weighted mean of all methods with Category 1 estimates.,FALSE,true,Recalculation of all alkenone CO2 results using uniform calculation methods and comprehensive treatment of uncertainties.,true,false,FALSE,false,
phytoplankton_tanner_2021_p1.0.xlsx,Category 1: (a) Weighted mean of all methods with Category 1 estimates.,Phytoplankton,6022,31.84,31.84,202.55,97.15,90.23,"Tanner, T., Hernández‐Almeida, I., Drury, A. J., Guitián, J., & Stoll, H. (2020). Decreasing atmospheric CO2 during the late Miocene cooling. Paleoceanography and Paleoclimatology, 35, e2020PA003925. https://doi.org/10.1029/2020PA003934",Tanner 2020,false,1,Category 1: (a) Weighted mean of all methods with Category 1 estimates.,FALSE,true,Recalculation of all alkenone CO2 results using uniform calculation methods and comprehensive treatment of uncertainties.,true,false,FALSE,false,
phytoplankton_tanner_2021_p1.0.xlsx,Category 1: (a) Weighted mean of all methods with Category 1 estimates.,Phytoplankton,6106,32.27,32.27,116.3,374.03,88.61,"Tanner, T., Hernández‐Almeida, I., Drury, A. J., Guitián, J., & Stoll, H. (2020). Decreasing atmospheric CO2 during the late Miocene cooling. Paleoceanography and Paleoclimatology, 35, e2020PA003925. https://doi.org/10.1029/2020PA003935",Tanner 2020,false,1,Category 1: (a) Weighted mean of all methods with Category 1 estimates.,FALSE,true,Recalculation of all alkenone CO2 results using uniform calculation methods and comprehensive treatment of uncertainties.,true,false,FALSE,false,
phytoplankton_tanner_2021_p1.0.xlsx,Category 1: (a) Weighted mean of all methods with Category 1 estimates.,Phytoplankton,6154,32.51,32.51,111.87,359.36,85.32,"Tanner, T., Hernández‐Almeida, I., Drury, A. J., Guitián, J., & Stoll, H. (2020). Decreasing atmospheric CO2 during the late Miocene cooling. Paleoceanography and Paleoclimatology, 35, e2020PA003925. https://doi.org/10.1029/2020PA003936",Tanner 2020,false,1,Category 1: (a) Weighted mean of all methods with Category 1 estimates.,FALSE,true,Recalculation of all alkenone CO2 results using uniform calculation methods and comprehensive treatment of uncertainties.,true,false,FALSE,false,
phytoplankton_tanner_2021_p1.0.xlsx,Category 1: (a) Weighted mean of all methods with Category 1 estimates.,Phytoplankton,6215,32.81,32.81,112.76,360.02,84.76,"Tanner, T., Hernández‐Almeida, I., Drury, A. J., Guitián, J., & Stoll, H. (2020). Decreasing atmospheric CO2 during the late Miocene cooling. Paleoceanography and Paleoclimatology, 35, e2020PA003925. https://doi.org/10.1029/2020PA003937",Tanner 2020,false,1,Category 1: (a) Weighted mean of all methods with Category 1 estimates.,FALSE,true,Recalculation of all alkenone CO2 results using uniform calculation methods and comprehensive treatment of uncertainties.,true,false,FALSE,false,
phytoplankton_tanner_2021_p1.0.xlsx,Category 1: (a) Weighted mean of all methods with Category 1 estimates.,Phytoplankton,6261,33.04,33.04,119.98,378.06,91.18,"Tanner, T., Hernández‐Almeida, I., Drury, A. J., Guitián, J., & Stoll, H. (2020). Decreasing atmospheric CO2 during the late Miocene cooling. Paleoceanography and Paleoclimatology, 35, e2020PA003925. https://doi.org/10.1029/2020PA003938",Tanner 2020,false,1,Category 1: (a) Weighted mean of all methods with Category 1 estimates.,FALSE,true,Recalculation of all alkenone CO2 results using uniform calculation methods and comprehensive treatment of uncertainties.,true,false,FALSE,false,
phytoplankton_tanner_2021_p1.0.xlsx,Category 1: (a) Weighted mean of all methods with Category 1 estimates.,Phytoplankton,6282,33.15,33.15,119.59,385.93,90.99,"Tanner, T., Hernández‐Almeida, I., Drury, A. J., Guitián, J., & Stoll, H. (2020). Decreasing atmospheric CO2 during the late Miocene cooling. Paleoceanography and Paleoclimatology, 35, e2020PA003925. https://doi.org/10.1029/2020PA003939",Tanner 2020,false,1,Category 1: (a) Weighted mean of all methods with Category 1 estimates.,FALSE,true,Recalculation of all alkenone CO2 results using uniform calculation methods and comprehensive treatment of uncertainties.,true,false,FALSE,false,
phytoplankton_tanner_2021_p1.0.xlsx,Category 1: (a) Weighted mean of all methods with Category 1 estimates.,Phytoplankton,6305,33.26,33.26,207.92,101.26,90.65,"Tanner, T., Hernández‐Almeida, I., Drury, A. J., Guitián, J., & Stoll, H. (2020). Decreasing atmospheric CO2 during the late Miocene cooling. Paleoceanography and Paleoclimatology, 35, e2020PA003925. https://doi.org/10.1029/2020PA003940",Tanner 2020,false,1,Category 1: (a) Weighted mean of all methods with Category 1 estimates.,FALSE,true,Recalculation of all alkenone CO2 results using uniform calculation methods and comprehensive treatment of uncertainties.,true,false,FALSE,false,
phytoplankton_tanner_2021_p1.0.xlsx,Category 1: (a) Weighted mean of all methods with Category 1 estimates.,Phytoplankton,6361,33.54,33.54,207.88,99.76,90.09,"Tanner, T., Hernández‐Almeida, I., Drury, A. J., Guitián, J., & Stoll, H. (2020). Decreasing atmospheric CO2 during the late Miocene cooling. Paleoceanography and Paleoclimatology, 35, e2020PA003925. https://doi.org/10.1029/2020PA003941",Tanner 2020,false,1,Category 1: (a) Weighted mean of all methods with Category 1 estimates.,FALSE,true,Recalculation of all alkenone CO2 results using uniform calculation methods and comprehensive treatment of uncertainties.,true,false,FALSE,false,
phytoplankton_tanner_2021_p1.0.xlsx,Category 1: (a) Weighted mean of all methods with Category 1 estimates.,Phytoplankton,6406,33.77,33.77,116.01,354.86,87.9,"Tanner, T., Hernández‐Almeida, I., Drury, A. J., Guitián, J., & Stoll, H. (2020). Decreasing atmospheric CO2 during the late Miocene cooling. Paleoceanography and Paleoclimatology, 35, e2020PA003925. https://doi.org/10.1029/2020PA003942",Tanner 2020,false,1,Category 1: (a) Weighted mean of all methods with Category 1 estimates.,FALSE,true,Recalculation of all alkenone CO2 results using uniform calculation methods and comprehensive treatment of uncertainties.,true,false,FALSE,false,
phytoplankton_tanner_2021_p1.0.xlsx,Category 1: (a) Weighted mean of all methods with Category 1 estimates.,Phytoplankton,6453,34,34,119.35,382.34,90.12,"Tanner, T., Hernández‐Almeida, I., Drury, A. J., Guitián, J., & Stoll, H. (2020). Decreasing atmospheric CO2 during the late Miocene cooling. Paleoceanography and Paleoclimatology, 35, e2020PA003925. https://doi.org/10.1029/2020PA003943",Tanner 2020,false,1,Category 1: (a) Weighted mean of all methods with Category 1 estimates.,FALSE,true,Recalculation of all alkenone CO2 results using uniform calculation methods and comprehensive treatment of uncertainties.,true,false,FALSE,false,
phytoplankton_tanner_2021_p1.0.xlsx,Category 1: (a) Weighted mean of all methods with Category 1 estimates.,Phytoplankton,6507,34.27,34.27,115.53,359.34,87.7,"Tanner, T., Hernández‐Almeida, I., Drury, A. J., Guitián, J., & Stoll, H. (2020). Decreasing atmospheric CO2 during the late Miocene cooling. Paleoceanography and Paleoclimatology, 35, e2020PA003925. https://doi.org/10.1029/2020PA003944",Tanner 2020,false,1,Category 1: (a) Weighted mean of all methods with Category 1 estimates.,FALSE,true,Recalculation of all alkenone CO2 results using uniform calculation methods and comprehensive treatment of uncertainties.,true,false,FALSE,false,
phytoplankton_tanner_2021_p1.0.xlsx,Category 1: (a) Weighted mean of all methods with Category 1 estimates.,Phytoplankton,6529,34.38,34.38,121.13,381.9,91.25,"Tanner, T., Hernández‐Almeida, I., Drury, A. J., Guitián, J., & Stoll, H. (2020). Decreasing atmospheric CO2 during the late Miocene cooling. Paleoceanography and Paleoclimatology, 35, e2020PA003925. https://doi.org/10.1029/2020PA003945",Tanner 2020,false,1,Category 1: (a) Weighted mean of all methods with Category 1 estimates.,FALSE,true,Recalculation of all alkenone CO2 results using uniform calculation methods and comprehensive treatment of uncertainties.,true,false,FALSE,false,
phytoplankton_tanner_2021_p1.0.xlsx,Category 1: (a) Weighted mean of all methods with Category 1 estimates.,Phytoplankton,6587,34.67,34.67,124.03,388.86,94.46,"Tanner, T., Hernández‐Almeida, I., Drury, A. J., Guitián, J., & Stoll, H. (2020). Decreasing atmospheric CO2 during the late Miocene cooling. Paleoceanography and Paleoclimatology, 35, e2020PA003925. https://doi.org/10.1029/2020PA003946",Tanner 2020,false,1,Category 1: (a) Weighted mean of all methods with Category 1 estimates.,FALSE,true,Recalculation of all alkenone CO2 results using uniform calculation methods and comprehensive treatment of uncertainties.,true,false,FALSE,false,
phytoplankton_tanner_2021_p1.0.xlsx,Category 1: (a) Weighted mean of all methods with Category 1 estimates.,Phytoplankton,6677,35.12,35.12,127.74,390.16,97.28,"Tanner, T., Hernández‐Almeida, I., Drury, A. J., Guitián, J., & Stoll, H. (2020). Decreasing atmospheric CO2 during the late Miocene cooling. Paleoceanography and Paleoclimatology, 35, e2020PA003925. https://doi.org/10.1029/2020PA003947",Tanner 2020,false,1,Category 1: (a) Weighted mean of all methods with Category 1 estimates.,FALSE,true,Recalculation of all alkenone CO2 results using uniform calculation methods and comprehensive treatment of uncertainties.,true,false,FALSE,false,
phytoplankton_tanner_2021_p1.0.xlsx,Category 1: (a) Weighted mean of all methods with Category 1 estimates.,Phytoplankton,6707,35.27,35.27,130.21,413.95,99.91,"Tanner, T., Hernández‐Almeida, I., Drury, A. J., Guitián, J., & Stoll, H. (2020). Decreasing atmospheric CO2 during the late Miocene cooling. Paleoceanography and Paleoclimatology, 35, e2020PA003925. https://doi.org/10.1029/2020PA003948",Tanner 2020,false,1,Category 1: (a) Weighted mean of all methods with Category 1 estimates.,FALSE,true,Recalculation of all alkenone CO2 results using uniform calculation methods and comprehensive treatment of uncertainties.,true,false,FALSE,false,
phytoplankton_tanner_2021_p1.0.xlsx,Category 1: (a) Weighted mean of all methods with Category 1 estimates.,Phytoplankton,6780,35.63,35.63,132.05,423.77,100.59,"Tanner, T., Hernández‐Almeida, I., Drury, A. J., Guitián, J., & Stoll, H. (2020). Decreasing atmospheric CO2 during the late Miocene cooling. Paleoceanography and Paleoclimatology, 35, e2020PA003925. https://doi.org/10.1029/2020PA003949",Tanner 2020,false,1,Category 1: (a) Weighted mean of all methods with Category 1 estimates.,FALSE,true,Recalculation of all alkenone CO2 results using uniform calculation methods and comprehensive treatment of uncertainties.,true,false,FALSE,false,
phytoplankton_tanner_2021_p1.0.xlsx,Category 1: (a) Weighted mean of all methods with Category 1 estimates.,Phytoplankton,6843,35.95,35.95,132.24,428.49,100.05,"Tanner, T., Hernández‐Almeida, I., Drury, A. J., Guitián, J., & Stoll, H. (2020). Decreasing atmospheric CO2 during the late Miocene cooling. Paleoceanography and Paleoclimatology, 35, e2020PA003925. https://doi.org/10.1029/2020PA003950",Tanner 2020,false,1,Category 1: (a) Weighted mean of all methods with Category 1 estimates.,FALSE,true,Recalculation of all alkenone CO2 results using uniform calculation methods and comprehensive treatment of uncertainties.,true,false,FALSE,false,
phytoplankton_tanner_2021_p1.0.xlsx,Category 1: (a) Weighted mean of all methods with Category 1 estimates.,Phytoplankton,6888,36.17,36.17,128.44,391.78,97.77,"Tanner, T., Hernández‐Almeida, I., Drury, A. J., Guitián, J., & Stoll, H. (2020). Decreasing atmospheric CO2 during the late Miocene cooling. Paleoceanography and Paleoclimatology, 35, e2020PA003925. https://doi.org/10.1029/2020PA003951",Tanner 2020,false,1,Category 1: (a) Weighted mean of all methods with Category 1 estimates.,FALSE,true,Recalculation of all alkenone CO2 results using uniform calculation methods and comprehensive treatment of uncertainties.,true,false,FALSE,false,
phytoplankton_tanner_2021_p1.0.xlsx,Category 1: (a) Weighted mean of all methods with Category 1 estimates.,Phytoplankton,6959,36.52,36.52,134.63,429.45,102.27,"Tanner, T., Hernández‐Almeida, I., Drury, A. J., Guitián, J., & Stoll, H. (2020). Decreasing atmospheric CO2 during the late Miocene cooling. Paleoceanography and Paleoclimatology, 35, e2020PA003925. https://doi.org/10.1029/2020PA003952",Tanner 2020,false,1,Category 1: (a) Weighted mean of all methods with Category 1 estimates.,FALSE,true,Recalculation of all alkenone CO2 results using uniform calculation methods and comprehensive treatment of uncertainties.,true,false,FALSE,false,
phytoplankton_tanner_2021_p1.0.xlsx,Category 1: (a) Weighted mean of all methods with Category 1 estimates.,Phytoplankton,7049,36.97,36.97,136.45,450.2,103.82,"Tanner, T., Hernández‐Almeida, I., Drury, A. J., Guitián, J., & Stoll, H. (2020). Decreasing atmospheric CO2 during the late Miocene cooling. Paleoceanography and Paleoclimatology, 35, e2020PA003925. https://doi.org/10.1029/2020PA003953",Tanner 2020,false,1,Category 1: (a) Weighted mean of all methods with Category 1 estimates.,FALSE,true,Recalculation of all alkenone CO2 results using uniform calculation methods and comprehensive treatment of uncertainties.,true,false,FALSE,false,
phytoplankton_tanner_2021_p1.0.xlsx,Category 1: (a) Weighted mean of all methods with Category 1 estimates.,Phytoplankton,7326,38.35,38.35,235.77,112.22,100.72,"Tanner, T., Hernández‐Almeida, I., Drury, A. J., Guitián, J., & Stoll, H. (2020). Decreasing atmospheric CO2 during the late Miocene cooling. Paleoceanography and Paleoclimatology, 35, e2020PA003925. https://doi.org/10.1029/2020PA003954",Tanner 2020,false,1,Category 1: (a) Weighted mean of all methods with Category 1 estimates.,FALSE,true,Recalculation of all alkenone CO2 results using uniform calculation methods and comprehensive treatment of uncertainties.,true,false,FALSE,false,
phytoplankton_tanner_2021_p1.0.xlsx,Category 1: (a) Weighted mean of all methods with Category 1 estimates.,Phytoplankton,7609,39.75,39.75,251.82,120.88,111.1,"Tanner, T., Hernández‐Almeida, I., Drury, A. J., Guitián, J., & Stoll, H. (2020). Decreasing atmospheric CO2 during the late Miocene cooling. Paleoceanography and Paleoclimatology, 35, e2020PA003925. https://doi.org/10.1029/2020PA003955",Tanner 2020,false,1,Category 1: (a) Weighted mean of all methods with Category 1 estimates.,FALSE,true,Recalculation of all alkenone CO2 results using uniform calculation methods and comprehensive treatment of uncertainties.,true,false,FALSE,false,
phytoplankton_tanner_2021_p1.0.xlsx,Category 1: (a) Weighted mean of all methods with Category 1 estimates.,Phytoplankton,8196,42.65,42.65,275.74,135.2,118.57,"Tanner, T., Hernández‐Almeida, I., Drury, A. J., Guitián, J., & Stoll, H. (2020). Decreasing atmospheric CO2 during the late Miocene cooling. Paleoceanography and Paleoclimatology, 35, e2020PA003925. https://doi.org/10.1029/2020PA003956",Tanner 2020,false,1,Category 1: (a) Weighted mean of all methods with Category 1 estimates.,FALSE,true,Recalculation of all alkenone CO2 results using uniform calculation methods and comprehensive treatment of uncertainties.,true,false,FALSE,false,
phytoplankton_jasper_1990_p1.0.xlsx,Category 1: (a) Weighted mean of all methods with Category 1 estimates.,Phytoplankton,2.9,4,4,181.42,623.57,139.65,"Jasper, John P., and J. M. Hayes. ""A carbon isotope record of CO2 levels during the late Quaternary."" Nature 347.6292 (1990): 462.",Jasper 1990,false,1,Category 1: (a) Weighted mean of all methods with Category 1 estimates.,FALSE,true,Recalculation of all alkenone CO2 results using uniform calculation methods and comprehensive treatment of uncertainties.,true,false,FALSE,false,
phytoplankton_jasper_1990_p1.0.xlsx,Category 1: (a) Weighted mean of all methods with Category 1 estimates.,Phytoplankton,8.5,4,4,145.71,499.33,111.18,"Jasper, John P., and J. M. Hayes. ""A carbon isotope record of CO2 levels during the late Quaternary."" Nature 347.6292 (1990): 462.",Jasper 1990,false,1,Category 1: (a) Weighted mean of all methods with Category 1 estimates.,FALSE,true,Recalculation of all alkenone CO2 results using uniform calculation methods and comprehensive treatment of uncertainties.,true,false,FALSE,false,
phytoplankton_jasper_1990_p1.0.xlsx,Category 1: (a) Weighted mean of all methods with Category 1 estimates.,Phytoplankton,15.1,4,4,137.83,483.25,104.87,"Jasper, John P., and J. M. Hayes. ""A carbon isotope record of CO2 levels during the late Quaternary."" Nature 347.6292 (1990): 462.",Jasper 1990,false,1,Category 1: (a) Weighted mean of all methods with Category 1 estimates.,FALSE,true,Recalculation of all alkenone CO2 results using uniform calculation methods and comprehensive treatment of uncertainties.,true,false,FALSE,false,
phytoplankton_jasper_1990_p1.0.xlsx,Category 1: (a) Weighted mean of all methods with Category 1 estimates.,Phytoplankton,16,4,4,131.13,438.04,98.9,"Jasper, John P., and J. M. Hayes. ""A carbon isotope record of CO2 levels during the late Quaternary."" Nature 347.6292 (1990): 462.",Jasper 1990,false,1,Category 1: (a) Weighted mean of all methods with Category 1 estimates.,FALSE,true,Recalculation of all alkenone CO2 results using uniform calculation methods and comprehensive treatment of uncertainties.,true,false,FALSE,false,
phytoplankton_jasper_1990_p1.0.xlsx,Category 1: (a) Weighted mean of all methods with Category 1 estimates.,Phytoplankton,17.4,4,4,122.88,419,93.45,"Jasper, John P., and J. M. Hayes. ""A carbon isotope record of CO2 levels during the late Quaternary."" Nature 347.6292 (1990): 462.",Jasper 1990,false,1,Category 1: (a) Weighted mean of all methods with Category 1 estimates.,FALSE,true,Recalculation of all alkenone CO2 results using uniform calculation methods and comprehensive treatment of uncertainties.,true,false,FALSE,false,
phytoplankton_jasper_1990_p1.0.xlsx,Category 1: (a) Weighted mean of all methods with Category 1 estimates.,Phytoplankton,17.8,4,4,67.06,229.37,51.42,"Jasper, John P., and J. M. Hayes. ""A carbon isotope record of CO2 levels during the late Quaternary."" Nature 347.6292 (1990): 462.",Jasper 1990,false,1,Category 1: (a) Weighted mean of all methods with Category 1 estimates.,FALSE,true,Recalculation of all alkenone CO2 results using uniform calculation methods and comprehensive treatment of uncertainties.,true,false,FALSE,false,
phytoplankton_jasper_1990_p1.0.xlsx,Category 1: (a) Weighted mean of all methods with Category 1 estimates.,Phytoplankton,19.1,4,4,104.45,354.23,79.3,"Jasper, John P., and J. M. Hayes. ""A carbon isotope record of CO2 levels during the late Quaternary."" Nature 347.6292 (1990): 462.",Jasper 1990,false,1,Category 1: (a) Weighted mean of all methods with Category 1 estimates.,FALSE,true,Recalculation of all alkenone CO2 results using uniform calculation methods and comprehensive treatment of uncertainties.,true,false,FALSE,false,
phytoplankton_jasper_1990_p1.0.xlsx,Category 1: (a) Weighted mean of all methods with Category 1 estimates.,Phytoplankton,26.7,4,4,117.65,392.61,90.13,"Jasper, John P., and J. M. Hayes. ""A carbon isotope record of CO2 levels during the late Quaternary."" Nature 347.6292 (1990): 462.",Jasper 1990,false,1,Category 1: (a) Weighted mean of all methods with Category 1 estimates.,FALSE,true,Recalculation of all alkenone CO2 results using uniform calculation methods and comprehensive treatment of uncertainties.,true,false,FALSE,false,
phytoplankton_jasper_1990_p1.0.xlsx,Category 1: (a) Weighted mean of all methods with Category 1 estimates.,Phytoplankton,33.9,4,4,112.82,385.83,85.79,"Jasper, John P., and J. M. Hayes. ""A carbon isotope record of CO2 levels during the late Quaternary."" Nature 347.6292 (1990): 462.",Jasper 1990,false,1,Category 1: (a) Weighted mean of all methods with Category 1 estimates.,FALSE,true,Recalculation of all alkenone CO2 results using uniform calculation methods and comprehensive treatment of uncertainties.,true,false,FALSE,false,
phytoplankton_jasper_1990_p1.0.xlsx,Category 1: (a) Weighted mean of all methods with Category 1 estimates.,Phytoplankton,46.2,4,4,61.71,209.05,46.96,"Jasper, John P., and J. M. Hayes. ""A carbon isotope record of CO2 levels during the late Quaternary."" Nature 347.6292 (1990): 462.",Jasper 1990,false,1,Category 1: (a) Weighted mean of all methods with Category 1 estimates.,FALSE,true,Recalculation of all alkenone CO2 results using uniform calculation methods and comprehensive treatment of uncertainties.,true,false,FALSE,false,
phytoplankton_jasper_1990_p1.0.xlsx,Category 1: (a) Weighted mean of all methods with Category 1 estimates.,Phytoplankton,57.3,4,4,136.34,447.66,105.33,"Jasper, John P., and J. M. Hayes. ""A carbon isotope record of CO2 levels during the late Quaternary."" Nature 347.6292 (1990): 462.",Jasper 1990,false,1,Category 1: (a) Weighted mean of all methods with Category 1 estimates.,FALSE,true,Recalculation of all alkenone CO2 results using uniform calculation methods and comprehensive treatment of uncertainties.,true,false,FALSE,false,
phytoplankton_jasper_1990_p1.0.xlsx,Category 1: (a) Weighted mean of all methods with Category 1 estimates.,Phytoplankton,60.1,4,4,116.32,416.45,89.11,"Jasper, John P., and J. M. Hayes. ""A carbon isotope record of CO2 levels during the late Quaternary."" Nature 347.6292 (1990): 462.",Jasper 1990,false,1,Category 1: (a) Weighted mean of all methods with Category 1 estimates.,FALSE,true,Recalculation of all alkenone CO2 results using uniform calculation methods and comprehensive treatment of uncertainties.,true,false,FALSE,false,
phytoplankton_jasper_1990_p1.0.xlsx,Category 1: (a) Weighted mean of all methods with Category 1 estimates.,Phytoplankton,61.8,4,4,121.47,407.18,93.53,"Jasper, John P., and J. M. Hayes. ""A carbon isotope record of CO2 levels during the late Quaternary."" Nature 347.6292 (1990): 462.",Jasper 1990,false,1,Category 1: (a) Weighted mean of all methods with Category 1 estimates.,FALSE,true,Recalculation of all alkenone CO2 results using uniform calculation methods and comprehensive treatment of uncertainties.,true,false,FALSE,false,
phytoplankton_jasper_1990_p1.0.xlsx,Category 1: (a) Weighted mean of all methods with Category 1 estimates.,Phytoplankton,65.9,4,4,150,515.72,113.78,"Jasper, John P., and J. M. Hayes. ""A carbon isotope record of CO2 levels during the late Quaternary."" Nature 347.6292 (1990): 462.",Jasper 1990,false,1,Category 1: (a) Weighted mean of all methods with Category 1 estimates.,FALSE,true,Recalculation of all alkenone CO2 results using uniform calculation methods and comprehensive treatment of uncertainties.,true,false,FALSE,false,
phytoplankton_jasper_1990_p1.0.xlsx,Category 1: (a) Weighted mean of all methods with Category 1 estimates.,Phytoplankton,80.2,4,4,149.11,521.07,114.21,"Jasper, John P., and J. M. Hayes. ""A carbon isotope record of CO2 levels during the late Quaternary."" Nature 347.6292 (1990): 462.",Jasper 1990,false,1,Category 1: (a) Weighted mean of all methods with Category 1 estimates.,FALSE,true,Recalculation of all alkenone CO2 results using uniform calculation methods and comprehensive treatment of uncertainties.,true,false,FALSE,false,
phytoplankton_jasper_1990_p1.0.xlsx,Category 1: (a) Weighted mean of all methods with Category 1 estimates.,Phytoplankton,81.5,4,4,145.16,508.87,112.01,"Jasper, John P., and J. M. Hayes. ""A carbon isotope record of CO2 levels during the late Quaternary."" Nature 347.6292 (1990): 462.",Jasper 1990,false,1,Category 1: (a) Weighted mean of all methods with Category 1 estimates.,FALSE,true,Recalculation of all alkenone CO2 results using uniform calculation methods and comprehensive treatment of uncertainties.,true,false,FALSE,false,
phytoplankton_jasper_1990_p1.0.xlsx,Category 1: (a) Weighted mean of all methods with Category 1 estimates.,Phytoplankton,93.9,4,4,156.05,547.64,119.1,"Jasper, John P., and J. M. Hayes. ""A carbon isotope record of CO2 levels during the late Quaternary."" Nature 347.6292 (1990): 462.",Jasper 1990,false,1,Category 1: (a) Weighted mean of all methods with Category 1 estimates.,FALSE,true,Recalculation of all alkenone CO2 results using uniform calculation methods and comprehensive treatment of uncertainties.,true,false,FALSE,false,
phytoplankton_jasper_1990_p1.0.xlsx,Category 1: (a) Weighted mean of all methods with Category 1 estimates.,Phytoplankton,96,4,4,167.41,578.91,127.9,"Jasper, John P., and J. M. Hayes. ""A carbon isotope record of CO2 levels during the late Quaternary."" Nature 347.6292 (1990): 462.",Jasper 1990,false,1,Category 1: (a) Weighted mean of all methods with Category 1 estimates.,FALSE,true,Recalculation of all alkenone CO2 results using uniform calculation methods and comprehensive treatment of uncertainties.,true,false,FALSE,false,
phytoplankton_seki_2010_p1.0.xlsx,Category 1: (a) Weighted mean of all methods with Category 1 estimates.,Phytoplankton,200,4,4,275.72,398.22,123.49,"Seki, O., Foster, G. L., Schmidt, D. N., Mackensen, A., Kawamura, K., & Pancost, R. D. (2010). Alkenone and boron-based Pliocene pCO2 records. Earth and Planetary Science Letters, 292(1-2), 201-211.",Seki 2010,false,1,Category 1: (a) Weighted mean of all methods with Category 1 estimates.,FALSE,true,Recalculation of all alkenone CO2 results using uniform calculation methods and comprehensive treatment of uncertainties.,true,false,FALSE,false,
phytoplankton_seki_2010_p1.0.xlsx,Category 1: (a) Weighted mean of all methods with Category 1 estimates.,Phytoplankton,250,4,4,178.34,208.92,71.36,"Seki, O., Foster, G. L., Schmidt, D. N., Mackensen, A., Kawamura, K., & Pancost, R. D. (2010). Alkenone and boron-based Pliocene pCO2 records. Earth and Planetary Science Letters, 292(1-2), 201-211.",Seki 2010,false,1,Category 1: (a) Weighted mean of all methods with Category 1 estimates.,FALSE,true,Recalculation of all alkenone CO2 results using uniform calculation methods and comprehensive treatment of uncertainties.,true,false,FALSE,false,
phytoplankton_seki_2010_p1.0.xlsx,Category 1: (a) Weighted mean of all methods with Category 1 estimates.,Phytoplankton,460,4,4,187.11,216.45,74.36,"Seki, O., Foster, G. L., Schmidt, D. N., Mackensen, A., Kawamura, K., & Pancost, R. D. (2010). Alkenone and boron-based Pliocene pCO2 records. Earth and Planetary Science Letters, 292(1-2), 201-211.",Seki 2010,false,1,Category 1: (a) Weighted mean of all methods with Category 1 estimates.,FALSE,true,Recalculation of all alkenone CO2 results using uniform calculation methods and comprehensive treatment of uncertainties.,true,false,FALSE,false,
phytoplankton_seki_2010_p1.0.xlsx,Category 1: (a) Weighted mean of all methods with Category 1 estimates.,Phytoplankton,900,4,4,144.15,476.99,109.19,"Seki, O., Foster, G. L., Schmidt, D. N., Mackensen, A., Kawamura, K., & Pancost, R. D. (2010). Alkenone and boron-based Pliocene pCO2 records. Earth and Planetary Science Letters, 292(1-2), 201-211.",Seki 2010,false,1,Category 1: (a) Weighted mean of all methods with Category 1 estimates.,FALSE,true,Recalculation of all alkenone CO2 results using uniform calculation methods and comprehensive treatment of uncertainties.,true,false,FALSE,false,
phytoplankton_seki_2010_p1.0.xlsx,Category 1: (a) Weighted mean of all methods with Category 1 estimates.,Phytoplankton,1000,6,6,150.64,484.4,115.09,"Seki, O., Foster, G. L., Schmidt, D. N., Mackensen, A., Kawamura, K., & Pancost, R. D. (2010). Alkenone and boron-based Pliocene pCO2 records. Earth and Planetary Science Letters, 292(1-2), 201-211.",Seki 2010,false,1,Category 1: (a) Weighted mean of all methods with Category 1 estimates.,FALSE,true,Recalculation of all alkenone CO2 results using uniform calculation methods and comprehensive treatment of uncertainties.,true,false,FALSE,false,
phytoplankton_seki_2010_p1.0.xlsx,Category 1: (a) Weighted mean of all methods with Category 1 estimates.,Phytoplankton,1200,6,6,212.01,262.42,87.54,"Seki, O., Foster, G. L., Schmidt, D. N., Mackensen, A., Kawamura, K., & Pancost, R. D. (2010). Alkenone and boron-based Pliocene pCO2 records. Earth and Planetary Science Letters, 292(1-2), 201-211.",Seki 2010,false,1,Category 1: (a) Weighted mean of all methods with Category 1 estimates.,FALSE,true,Recalculation of all alkenone CO2 results using uniform calculation methods and comprehensive treatment of uncertainties.,true,false,FALSE,false,
phytoplankton_seki_2010_p1.0.xlsx,Category 1: (a) Weighted mean of all methods with Category 1 estimates.,Phytoplankton,1300,6,6,204.2,239.55,81.74,"Seki, O., Foster, G. L., Schmidt, D. N., Mackensen, A., Kawamura, K., & Pancost, R. D. (2010). Alkenone and boron-based Pliocene pCO2 records. Earth and Planetary Science Letters, 292(1-2), 201-211.",Seki 2010,false,1,Category 1: (a) Weighted mean of all methods with Category 1 estimates.,FALSE,true,Recalculation of all alkenone CO2 results using uniform calculation methods and comprehensive treatment of uncertainties.,true,false,FALSE,false,
phytoplankton_seki_2010_p1.0.xlsx,Category 1: (a) Weighted mean of all methods with Category 1 estimates.,Phytoplankton,1500,6,6,226.28,271.82,92.99,"Seki, O., Foster, G. L., Schmidt, D. N., Mackensen, A., Kawamura, K., & Pancost, R. D. (2010). Alkenone and boron-based Pliocene pCO2 records. Earth and Planetary Science Letters, 292(1-2), 201-211.",Seki 2010,false,1,Category 1: (a) Weighted mean of all methods with Category 1 estimates.,FALSE,true,Recalculation of all alkenone CO2 results using uniform calculation methods and comprehensive treatment of uncertainties.,true,false,FALSE,false,
phytoplankton_seki_2010_p1.0.xlsx,Category 1: (a) Weighted mean of all methods with Category 1 estimates.,Phytoplankton,1750,6,6,209.59,245.45,85.41,"Seki, O., Foster, G. L., Schmidt, D. N., Mackensen, A., Kawamura, K., & Pancost, R. D. (2010). Alkenone and boron-based Pliocene pCO2 records. Earth and Planetary Science Letters, 292(1-2), 201-211.",Seki 2010,false,1,Category 1: (a) Weighted mean of all methods with Category 1 estimates.,FALSE,true,Recalculation of all alkenone CO2 results using uniform calculation methods and comprehensive treatment of uncertainties.,true,false,FALSE,false,
phytoplankton_seki_2010_p1.0.xlsx,Category 1: (a) Weighted mean of all methods with Category 1 estimates.,Phytoplankton,2110,6,6,186.1,200.57,73,"Seki, O., Foster, G. L., Schmidt, D. N., Mackensen, A., Kawamura, K., & Pancost, R. D. (2010). Alkenone and boron-based Pliocene pCO2 records. Earth and Planetary Science Letters, 292(1-2), 201-211.",Seki 2010,false,1,Category 1: (a) Weighted mean of all methods with Category 1 estimates.,FALSE,true,Recalculation of all alkenone CO2 results using uniform calculation methods and comprehensive treatment of uncertainties.,true,false,FALSE,false,
phytoplankton_seki_2010_p1.0.xlsx,Category 1: (a) Weighted mean of all methods with Category 1 estimates.,Phytoplankton,2310,6,6,205.29,242.31,82.3,"Seki, O., Foster, G. L., Schmidt, D. N., Mackensen, A., Kawamura, K., & Pancost, R. D. (2010). Alkenone and boron-based Pliocene pCO2 records. Earth and Planetary Science Letters, 292(1-2), 201-211.",Seki 2010,false,1,Category 1: (a) Weighted mean of all methods with Category 1 estimates.,FALSE,true,Recalculation of all alkenone CO2 results using uniform calculation methods and comprehensive treatment of uncertainties.,true,false,FALSE,false,
phytoplankton_seki_2010_p1.0.xlsx,Category 1: (a) Weighted mean of all methods with Category 1 estimates.,Phytoplankton,2590,6,6,190.31,211.35,75.09,"Seki, O., Foster, G. L., Schmidt, D. N., Mackensen, A., Kawamura, K., & Pancost, R. D. (2010). Alkenone and boron-based Pliocene pCO2 records. Earth and Planetary Science Letters, 292(1-2), 201-211.",Seki 2010,false,1,Category 1: (a) Weighted mean of all methods with Category 1 estimates.,FALSE,true,Recalculation of all alkenone CO2 results using uniform calculation methods and comprehensive treatment of uncertainties.,true,false,FALSE,false,
phytoplankton_seki_2010_p1.0.xlsx,Category 1: (a) Weighted mean of all methods with Category 1 estimates.,Phytoplankton,2790,6,6,225.24,278.76,92.91,"Seki, O., Foster, G. L., Schmidt, D. N., Mackensen, A., Kawamura, K., & Pancost, R. D. (2010). Alkenone and boron-based Pliocene pCO2 records. Earth and Planetary Science Letters, 292(1-2), 201-211.",Seki 2010,false,1,Category 1: (a) Weighted mean of all methods with Category 1 estimates.,FALSE,true,Recalculation of all alkenone CO2 results using uniform calculation methods and comprehensive treatment of uncertainties.,true,false,FALSE,false,
phytoplankton_seki_2010_p1.0.xlsx,Category 1: (a) Weighted mean of all methods with Category 1 estimates.,Phytoplankton,2820,6,6,206.03,240.76,81.85,"Seki, O., Foster, G. L., Schmidt, D. N., Mackensen, A., Kawamura, K., & Pancost, R. D. (2010). Alkenone and boron-based Pliocene pCO2 records. Earth and Planetary Science Letters, 292(1-2), 201-211.",Seki 2010,false,1,Category 1: (a) Weighted mean of all methods with Category 1 estimates.,FALSE,true,Recalculation of all alkenone CO2 results using uniform calculation methods and comprehensive treatment of uncertainties.,true,false,FALSE,false,
phytoplankton_seki_2010_p1.0.xlsx,Category 1: (a) Weighted mean of all methods with Category 1 estimates.,Phytoplankton,2890,6,6,235.33,300.51,99.92,"Seki, O., Foster, G. L., Schmidt, D. N., Mackensen, A., Kawamura, K., & Pancost, R. D. (2010). Alkenone and boron-based Pliocene pCO2 records. Earth and Planetary Science Letters, 292(1-2), 201-211.",Seki 2010,false,1,Category 1: (a) Weighted mean of all methods with Category 1 estimates.,FALSE,true,Recalculation of all alkenone CO2 results using uniform calculation methods and comprehensive treatment of uncertainties.,true,false,FALSE,false,
phytoplankton_seki_2010_p1.0.xlsx,Category 1: (a) Weighted mean of all methods with Category 1 estimates.,Phytoplankton,2940,6,6,236.39,306.11,100.17,"Seki, O., Foster, G. L., Schmidt, D. N., Mackensen, A., Kawamura, K., & Pancost, R. D. (2010). Alkenone and boron-based Pliocene pCO2 records. Earth and Planetary Science Letters, 292(1-2), 201-211.",Seki 2010,false,1,Category 1: (a) Weighted mean of all methods with Category 1 estimates.,FALSE,true,Recalculation of all alkenone CO2 results using uniform calculation methods and comprehensive treatment of uncertainties.,true,false,FALSE,false,
phytoplankton_seki_2010_p1.0.xlsx,Category 1: (a) Weighted mean of all methods with Category 1 estimates.,Phytoplankton,2990,6,6,290.94,425.94,131.41,"Seki, O., Foster, G. L., Schmidt, D. N., Mackensen, A., Kawamura, K., & Pancost, R. D. (2010). Alkenone and boron-based Pliocene pCO2 records. Earth and Planetary Science Letters, 292(1-2), 201-211.",Seki 2010,false,1,Category 1: (a) Weighted mean of all methods with Category 1 estimates.,FALSE,true,Recalculation of all alkenone CO2 results using uniform calculation methods and comprehensive treatment of uncertainties.,true,false,FALSE,false,
phytoplankton_seki_2010_p1.0.xlsx,Category 1: (a) Weighted mean of all methods with Category 1 estimates.,Phytoplankton,3070,15,15,248.89,339.48,105.19,"Seki, O., Foster, G. L., Schmidt, D. N., Mackensen, A., Kawamura, K., & Pancost, R. D. (2010). Alkenone and boron-based Pliocene pCO2 records. Earth and Planetary Science Letters, 292(1-2), 201-211.",Seki 2010,false,1,Category 1: (a) Weighted mean of all methods with Category 1 estimates.,FALSE,true,Recalculation of all alkenone CO2 results using uniform calculation methods and comprehensive treatment of uncertainties.,true,false,FALSE,false,
phytoplankton_seki_2010_p1.0.xlsx,Category 1: (a) Weighted mean of all methods with Category 1 estimates.,Phytoplankton,3120,15,15,233.23,290.47,97.46,"Seki, O., Foster, G. L., Schmidt, D. N., Mackensen, A., Kawamura, K., & Pancost, R. D. (2010). Alkenone and boron-based Pliocene pCO2 records. Earth and Planetary Science Letters, 292(1-2), 201-211.",Seki 2010,false,1,Category 1: (a) Weighted mean of all methods with Category 1 estimates.,FALSE,true,Recalculation of all alkenone CO2 results using uniform calculation methods and comprehensive treatment of uncertainties.,true,false,FALSE,false,
phytoplankton_seki_2010_p1.0.xlsx,Category 1: (a) Weighted mean of all methods with Category 1 estimates.,Phytoplankton,3170,15,15,262.29,355.91,115.93,"Seki, O., Foster, G. L., Schmidt, D. N., Mackensen, A., Kawamura, K., & Pancost, R. D. (2010). Alkenone and boron-based Pliocene pCO2 records. Earth and Planetary Science Letters, 292(1-2), 201-211.",Seki 2010,false,1,Category 1: (a) Weighted mean of all methods with Category 1 estimates.,FALSE,true,Recalculation of all alkenone CO2 results using uniform calculation methods and comprehensive treatment of uncertainties.,true,false,FALSE,false,
phytoplankton_seki_2010_p1.0.xlsx,Category 1: (a) Weighted mean of all methods with Category 1 estimates.,Phytoplankton,3230,15,15,238.52,303.83,99.81,"Seki, O., Foster, G. L., Schmidt, D. N., Mackensen, A., Kawamura, K., & Pancost, R. D. (2010). Alkenone and boron-based Pliocene pCO2 records. Earth and Planetary Science Letters, 292(1-2), 201-211.",Seki 2010,false,1,Category 1: (a) Weighted mean of all methods with Category 1 estimates.,FALSE,true,Recalculation of all alkenone CO2 results using uniform calculation methods and comprehensive treatment of uncertainties.,true,false,FALSE,false,
phytoplankton_seki_2010_p1.0.xlsx,Category 1: (a) Weighted mean of all methods with Category 1 estimates.,Phytoplankton,3620,15,15,314.88,470.03,143.15,"Seki, O., Foster, G. L., Schmidt, D. N., Mackensen, A., Kawamura, K., & Pancost, R. D. (2010). Alkenone and boron-based Pliocene pCO2 records. Earth and Planetary Science Letters, 292(1-2), 201-211.",Seki 2010,false,1,Category 1: (a) Weighted mean of all methods with Category 1 estimates.,FALSE,true,Recalculation of all alkenone CO2 results using uniform calculation methods and comprehensive treatment of uncertainties.,true,false,FALSE,false,
phytoplankton_seki_2010_p1.0.xlsx,Category 1: (a) Weighted mean of all methods with Category 1 estimates.,Phytoplankton,3850,15,15,293.19,424.48,130.05,"Seki, O., Foster, G. L., Schmidt, D. N., Mackensen, A., Kawamura, K., & Pancost, R. D. (2010). Alkenone and boron-based Pliocene pCO2 records. Earth and Planetary Science Letters, 292(1-2), 201-211.",Seki 2010,false,1,Category 1: (a) Weighted mean of all methods with Category 1 estimates.,FALSE,true,Recalculation of all alkenone CO2 results using uniform calculation methods and comprehensive treatment of uncertainties.,true,false,FALSE,false,
phytoplankton_seki_2010_p1.0.xlsx,Category 1: (a) Weighted mean of all methods with Category 1 estimates.,Phytoplankton,3930,15,15,220.6,271.82,88.89,"Seki, O., Foster, G. L., Schmidt, D. N., Mackensen, A., Kawamura, K., & Pancost, R. D. (2010). Alkenone and boron-based Pliocene pCO2 records. Earth and Planetary Science Letters, 292(1-2), 201-211.",Seki 2010,false,1,Category 1: (a) Weighted mean of all methods with Category 1 estimates.,FALSE,true,Recalculation of all alkenone CO2 results using uniform calculation methods and comprehensive treatment of uncertainties.,true,false,FALSE,false,
phytoplankton_seki_2010_p1.0.xlsx,Category 1: (a) Weighted mean of all methods with Category 1 estimates.,Phytoplankton,4030,30,30,244.46,313.28,103.41,"Seki, O., Foster, G. L., Schmidt, D. N., Mackensen, A., Kawamura, K., & Pancost, R. D. (2010). Alkenone and boron-based Pliocene pCO2 records. Earth and Planetary Science Letters, 292(1-2), 201-211.",Seki 2010,false,1,Category 1: (a) Weighted mean of all methods with Category 1 estimates.,FALSE,true,Recalculation of all alkenone CO2 results using uniform calculation methods and comprehensive treatment of uncertainties.,true,false,FALSE,false,
phytoplankton_seki_2010_p1.0.xlsx,Category 1: (a) Weighted mean of all methods with Category 1 estimates.,Phytoplankton,4110,30,30,301.8,426.2,135.12,"Seki, O., Foster, G. L., Schmidt, D. N., Mackensen, A., Kawamura, K., & Pancost, R. D. (2010). Alkenone and boron-based Pliocene pCO2 records. Earth and Planetary Science Letters, 292(1-2), 201-211.",Seki 2010,false,1,Category 1: (a) Weighted mean of all methods with Category 1 estimates.,FALSE,true,Recalculation of all alkenone CO2 results using uniform calculation methods and comprehensive treatment of uncertainties.,true,false,FALSE,false,
phytoplankton_seki_2010_p1.0.xlsx,Category 1: (a) Weighted mean of all methods with Category 1 estimates.,Phytoplankton,4340,30,30,327.24,485.7,149.58,"Seki, O., Foster, G. L., Schmidt, D. N., Mackensen, A., Kawamura, K., & Pancost, R. D. (2010). Alkenone and boron-based Pliocene pCO2 records. Earth and Planetary Science Letters, 292(1-2), 201-211.",Seki 2010,false,1,Category 1: (a) Weighted mean of all methods with Category 1 estimates.,FALSE,true,Recalculation of all alkenone CO2 results using uniform calculation methods and comprehensive treatment of uncertainties.,true,false,FALSE,false,
phytoplankton_seki_2010_p1.0.xlsx,Category 1: (a) Weighted mean of all methods with Category 1 estimates.,Phytoplankton,4430,30,30,290.48,410.83,130.86,"Seki, O., Foster, G. L., Schmidt, D. N., Mackensen, A., Kawamura, K., & Pancost, R. D. (2010). Alkenone and boron-based Pliocene pCO2 records. Earth and Planetary Science Letters, 292(1-2), 201-211.",Seki 2010,false,1,Category 1: (a) Weighted mean of all methods with Category 1 estimates.,FALSE,true,Recalculation of all alkenone CO2 results using uniform calculation methods and comprehensive treatment of uncertainties.,true,false,FALSE,false,
phytoplankton_seki_2010_p1.0.xlsx,Category 1: (a) Weighted mean of all methods with Category 1 estimates.,Phytoplankton,4580,30,30,309.53,443.21,140.78,"Seki, O., Foster, G. L., Schmidt, D. N., Mackensen, A., Kawamura, K., & Pancost, R. D. (2010). Alkenone and boron-based Pliocene pCO2 records. Earth and Planetary Science Letters, 292(1-2), 201-211.",Seki 2010,false,1,Category 1: (a) Weighted mean of all methods with Category 1 estimates.,FALSE,true,Recalculation of all alkenone CO2 results using uniform calculation methods and comprehensive treatment of uncertainties.,true,false,FALSE,false,
phytoplankton_seki_2010_p1.0.xlsx,Category 1: (a) Weighted mean of all methods with Category 1 estimates.,Phytoplankton,4780,30,30,225.24,278.02,93.19,"Seki, O., Foster, G. L., Schmidt, D. N., Mackensen, A., Kawamura, K., & Pancost, R. D. (2010). Alkenone and boron-based Pliocene pCO2 records. Earth and Planetary Science Letters, 292(1-2), 201-211.",Seki 2010,false,1,Category 1: (a) Weighted mean of all methods with Category 1 estimates.,FALSE,true,Recalculation of all alkenone CO2 results using uniform calculation methods and comprehensive treatment of uncertainties.,true,false,FALSE,false,
phytoplankton_seki_2010_p1.0.xlsx,Category 1: (a) Weighted mean of all methods with Category 1 estimates.,Phytoplankton,4860,30,30,236.36,302.71,99.73,"Seki, O., Foster, G. L., Schmidt, D. N., Mackensen, A., Kawamura, K., & Pancost, R. D. (2010). Alkenone and boron-based Pliocene pCO2 records. Earth and Planetary Science Letters, 292(1-2), 201-211.",Seki 2010,false,1,Category 1: (a) Weighted mean of all methods with Category 1 estimates.,FALSE,true,Recalculation of all alkenone CO2 results using uniform calculation methods and comprehensive treatment of uncertainties.,true,false,FALSE,false,
phytoplankton_seki_2010_p1.0.xlsx,Category 1: (a) Weighted mean of all methods with Category 1 estimates.,Phytoplankton,4940,30,30,252.04,345.71,109.32,"Seki, O., Foster, G. L., Schmidt, D. N., Mackensen, A., Kawamura, K., & Pancost, R. D. (2010). Alkenone and boron-based Pliocene pCO2 records. Earth and Planetary Science Letters, 292(1-2), 201-211.",Seki 2010,false,1,Category 1: (a) Weighted mean of all methods with Category 1 estimates.,FALSE,true,Recalculation of all alkenone CO2 results using uniform calculation methods and comprehensive treatment of uncertainties.,true,false,FALSE,false,
phytoplankton_seki_2010_p1.0.xlsx,Category 1: (a) Weighted mean of all methods with Category 1 estimates.,Phytoplankton,5040,40,40,238.46,312.57,98.95,"Seki, O., Foster, G. L., Schmidt, D. N., Mackensen, A., Kawamura, K., & Pancost, R. D. (2010). Alkenone and boron-based Pliocene pCO2 records. Earth and Planetary Science Letters, 292(1-2), 201-211.",Seki 2010,false,1,Category 1: (a) Weighted mean of all methods with Category 1 estimates.,FALSE,true,Recalculation of all alkenone CO2 results using uniform calculation methods and comprehensive treatment of uncertainties.,true,false,FALSE,false,
phytoplankton_seki_2010_p1.0.xlsx,Category 1: (a) Weighted mean of all methods with Category 1 estimates.,Phytoplankton,5190,40,40,245.96,326.71,103.45,"Seki, O., Foster, G. L., Schmidt, D. N., Mackensen, A., Kawamura, K., & Pancost, R. D. (2010). Alkenone and boron-based Pliocene pCO2 records. Earth and Planetary Science Letters, 292(1-2), 201-211.",Seki 2010,false,1,Category 1: (a) Weighted mean of all methods with Category 1 estimates.,FALSE,true,Recalculation of all alkenone CO2 results using uniform calculation methods and comprehensive treatment of uncertainties.,true,false,FALSE,false,
phytoplankton_seki_2010_p1.0.xlsx,Category 1: (a) Weighted mean of all methods with Category 1 estimates.,Phytoplankton,210,4,4,298.78,255.6,170.37,"Seki, O., Foster, G. L., Schmidt, D. N., Mackensen, A., Kawamura, K., & Pancost, R. D. (2010). Alkenone and boron-based Pliocene pCO2 records. Earth and Planetary Science Letters, 292(1-2), 201-211.",Seki 2010,false,1,Category 1: (a) Weighted mean of all methods with Category 1 estimates.,FALSE,true,Recalculation of all alkenone CO2 results using uniform calculation methods and comprehensive treatment of uncertainties.,true,false,FALSE,false,
phytoplankton_seki_2010_p1.0.xlsx,Category 1: (a) Weighted mean of all methods with Category 1 estimates.,Phytoplankton,450,4,4,291.85,251.93,164.35,"Seki, O., Foster, G. L., Schmidt, D. N., Mackensen, A., Kawamura, K., & Pancost, R. D. (2010). Alkenone and boron-based Pliocene pCO2 records. Earth and Planetary Science Letters, 292(1-2), 201-211.",Seki 2010,false,1,Category 1: (a) Weighted mean of all methods with Category 1 estimates.,FALSE,true,Recalculation of all alkenone CO2 results using uniform calculation methods and comprehensive treatment of uncertainties.,true,false,FALSE,false,
phytoplankton_seki_2010_p1.0.xlsx,Category 1: (a) Weighted mean of all methods with Category 1 estimates.,Phytoplankton,680,4,4,300.17,255.01,169.26,"Seki, O., Foster, G. L., Schmidt, D. N., Mackensen, A., Kawamura, K., & Pancost, R. D. (2010). Alkenone and boron-based Pliocene pCO2 records. Earth and Planetary Science Letters, 292(1-2), 201-211.",Seki 2010,false,1,Category 1: (a) Weighted mean of all methods with Category 1 estimates.,FALSE,true,Recalculation of all alkenone CO2 results using uniform calculation methods and comprehensive treatment of uncertainties.,true,false,FALSE,false,
phytoplankton_seki_2010_p1.0.xlsx,Category 1: (a) Weighted mean of all methods with Category 1 estimates.,Phytoplankton,820,4,4,272.84,232.68,153.82,"Seki, O., Foster, G. L., Schmidt, D. N., Mackensen, A., Kawamura, K., & Pancost, R. D. (2010). Alkenone and boron-based Pliocene pCO2 records. Earth and Planetary Science Letters, 292(1-2), 201-211.",Seki 2010,false,1,Category 1: (a) Weighted mean of all methods with Category 1 estimates.,FALSE,true,Recalculation of all alkenone CO2 results using uniform calculation methods and comprehensive treatment of uncertainties.,true,false,FALSE,false,
phytoplankton_seki_2010_p1.0.xlsx,Category 1: (a) Weighted mean of all methods with Category 1 estimates.,Phytoplankton,1080,6,6,269.12,229.68,154.6,"Seki, O., Foster, G. L., Schmidt, D. N., Mackensen, A., Kawamura, K., & Pancost, R. D. (2010). Alkenone and boron-based Pliocene pCO2 records. Earth and Planetary Science Letters, 292(1-2), 201-211.",Seki 2010,false,1,Category 1: (a) Weighted mean of all methods with Category 1 estimates.,FALSE,true,Recalculation of all alkenone CO2 results using uniform calculation methods and comprehensive treatment of uncertainties.,true,false,FALSE,false,
phytoplankton_seki_2010_p1.0.xlsx,Category 1: (a) Weighted mean of all methods with Category 1 estimates.,Phytoplankton,1250,6,6,308.39,265.85,176.1,"Seki, O., Foster, G. L., Schmidt, D. N., Mackensen, A., Kawamura, K., & Pancost, R. D. (2010). Alkenone and boron-based Pliocene pCO2 records. Earth and Planetary Science Letters, 292(1-2), 201-211.",Seki 2010,false,1,Category 1: (a) Weighted mean of all methods with Category 1 estimates.,FALSE,true,Recalculation of all alkenone CO2 results using uniform calculation methods and comprehensive treatment of uncertainties.,true,false,FALSE,false,
phytoplankton_seki_2010_p1.0.xlsx,Category 1: (a) Weighted mean of all methods with Category 1 estimates.,Phytoplankton,1560,6,6,300.27,252.68,171.53,"Seki, O., Foster, G. L., Schmidt, D. N., Mackensen, A., Kawamura, K., & Pancost, R. D. (2010). Alkenone and boron-based Pliocene pCO2 records. Earth and Planetary Science Letters, 292(1-2), 201-211.",Seki 2010,false,1,Category 1: (a) Weighted mean of all methods with Category 1 estimates.,FALSE,true,Recalculation of all alkenone CO2 results using uniform calculation methods and comprehensive treatment of uncertainties.,true,false,FALSE,false,
phytoplankton_seki_2010_p1.0.xlsx,Category 1: (a) Weighted mean of all methods with Category 1 estimates.,Phytoplankton,1600,6,6,301.46,261.96,172.87,"Seki, O., Foster, G. L., Schmidt, D. N., Mackensen, A., Kawamura, K., & Pancost, R. D. (2010). Alkenone and boron-based Pliocene pCO2 records. Earth and Planetary Science Letters, 292(1-2), 201-211.",Seki 2010,false,1,Category 1: (a) Weighted mean of all methods with Category 1 estimates.,FALSE,true,Recalculation of all alkenone CO2 results using uniform calculation methods and comprehensive treatment of uncertainties.,true,false,FALSE,false,
phytoplankton_seki_2010_p1.0.xlsx,Category 1: (a) Weighted mean of all methods with Category 1 estimates.,Phytoplankton,1720,6,6,293.27,252.45,168.85,"Seki, O., Foster, G. L., Schmidt, D. N., Mackensen, A., Kawamura, K., & Pancost, R. D. (2010). Alkenone and boron-based Pliocene pCO2 records. Earth and Planetary Science Letters, 292(1-2), 201-211.",Seki 2010,false,1,Category 1: (a) Weighted mean of all methods with Category 1 estimates.,FALSE,true,Recalculation of all alkenone CO2 results using uniform calculation methods and comprehensive treatment of uncertainties.,true,false,FALSE,false,
phytoplankton_seki_2010_p1.0.xlsx,Category 1: (a) Weighted mean of all methods with Category 1 estimates.,Phytoplankton,1830,6,6,300.13,250.79,172.79,"Seki, O., Foster, G. L., Schmidt, D. N., Mackensen, A., Kawamura, K., & Pancost, R. D. (2010). Alkenone and boron-based Pliocene pCO2 records. Earth and Planetary Science Letters, 292(1-2), 201-211.",Seki 2010,false,1,Category 1: (a) Weighted mean of all methods with Category 1 estimates.,FALSE,true,Recalculation of all alkenone CO2 results using uniform calculation methods and comprehensive treatment of uncertainties.,true,false,FALSE,false,
phytoplankton_seki_2010_p1.0.xlsx,Category 1: (a) Weighted mean of all methods with Category 1 estimates.,Phytoplankton,1970,6,6,312.1,268.73,175.56,"Seki, O., Foster, G. L., Schmidt, D. N., Mackensen, A., Kawamura, K., & Pancost, R. D. (2010). Alkenone and boron-based Pliocene pCO2 records. Earth and Planetary Science Letters, 292(1-2), 201-211.",Seki 2010,false,1,Category 1: (a) Weighted mean of all methods with Category 1 estimates.,FALSE,true,Recalculation of all alkenone CO2 results using uniform calculation methods and comprehensive treatment of uncertainties.,true,false,FALSE,false,
phytoplankton_seki_2010_p1.0.xlsx,Category 1: (a) Weighted mean of all methods with Category 1 estimates.,Phytoplankton,2000,6,6,280.55,234.69,161,"Seki, O., Foster, G. L., Schmidt, D. N., Mackensen, A., Kawamura, K., & Pancost, R. D. (2010). Alkenone and boron-based Pliocene pCO2 records. Earth and Planetary Science Letters, 292(1-2), 201-211.",Seki 2010,false,1,Category 1: (a) Weighted mean of all methods with Category 1 estimates.,FALSE,true,Recalculation of all alkenone CO2 results using uniform calculation methods and comprehensive treatment of uncertainties.,true,false,FALSE,false,
phytoplankton_seki_2010_p1.0.xlsx,Category 1: (a) Weighted mean of all methods with Category 1 estimates.,Phytoplankton,2070,6,6,312.47,257.25,178.59,"Seki, O., Foster, G. L., Schmidt, D. N., Mackensen, A., Kawamura, K., & Pancost, R. D. (2010). Alkenone and boron-based Pliocene pCO2 records. Earth and Planetary Science Letters, 292(1-2), 201-211.",Seki 2010,false,1,Category 1: (a) Weighted mean of all methods with Category 1 estimates.,FALSE,true,Recalculation of all alkenone CO2 results using uniform calculation methods and comprehensive treatment of uncertainties.,true,false,FALSE,false,
phytoplankton_seki_2010_p1.0.xlsx,Category 1: (a) Weighted mean of all methods with Category 1 estimates.,Phytoplankton,2210,6,6,307.67,272.3,174.16,"Seki, O., Foster, G. L., Schmidt, D. N., Mackensen, A., Kawamura, K., & Pancost, R. D. (2010). Alkenone and boron-based Pliocene pCO2 records. Earth and Planetary Science Letters, 292(1-2), 201-211.",Seki 2010,false,1,Category 1: (a) Weighted mean of all methods with Category 1 estimates.,FALSE,true,Recalculation of all alkenone CO2 results using uniform calculation methods and comprehensive treatment of uncertainties.,true,false,FALSE,false,
phytoplankton_seki_2010_p1.0.xlsx,Category 1: (a) Weighted mean of all methods with Category 1 estimates.,Phytoplankton,2300,6,6,300.47,261.77,172.57,"Seki, O., Foster, G. L., Schmidt, D. N., Mackensen, A., Kawamura, K., & Pancost, R. D. (2010). Alkenone and boron-based Pliocene pCO2 records. Earth and Planetary Science Letters, 292(1-2), 201-211.",Seki 2010,false,1,Category 1: (a) Weighted mean of all methods with Category 1 estimates.,FALSE,true,Recalculation of all alkenone CO2 results using uniform calculation methods and comprehensive treatment of uncertainties.,true,false,FALSE,false,
phytoplankton_seki_2010_p1.0.xlsx,Category 1: (a) Weighted mean of all methods with Category 1 estimates.,Phytoplankton,2490,6,6,296.42,250.98,168.83,"Seki, O., Foster, G. L., Schmidt, D. N., Mackensen, A., Kawamura, K., & Pancost, R. D. (2010). Alkenone and boron-based Pliocene pCO2 records. Earth and Planetary Science Letters, 292(1-2), 201-211.",Seki 2010,false,1,Category 1: (a) Weighted mean of all methods with Category 1 estimates.,FALSE,true,Recalculation of all alkenone CO2 results using uniform calculation methods and comprehensive treatment of uncertainties.,true,false,FALSE,false,
phytoplankton_seki_2010_p1.0.xlsx,Category 1: (a) Weighted mean of all methods with Category 1 estimates.,Phytoplankton,2620,6,6,317.48,276.61,181.37,"Seki, O., Foster, G. L., Schmidt, D. N., Mackensen, A., Kawamura, K., & Pancost, R. D. (2010). Alkenone and boron-based Pliocene pCO2 records. Earth and Planetary Science Letters, 292(1-2), 201-211.",Seki 2010,false,1,Category 1: (a) Weighted mean of all methods with Category 1 estimates.,FALSE,true,Recalculation of all alkenone CO2 results using uniform calculation methods and comprehensive treatment of uncertainties.,true,false,FALSE,false,
phytoplankton_seki_2010_p1.0.xlsx,Category 1: (a) Weighted mean of all methods with Category 1 estimates.,Phytoplankton,2680,6,6,324.42,273.48,183.91,"Seki, O., Foster, G. L., Schmidt, D. N., Mackensen, A., Kawamura, K., & Pancost, R. D. (2010). Alkenone and boron-based Pliocene pCO2 records. Earth and Planetary Science Letters, 292(1-2), 201-211.",Seki 2010,false,1,Category 1: (a) Weighted mean of all methods with Category 1 estimates.,FALSE,true,Recalculation of all alkenone CO2 results using uniform calculation methods and comprehensive treatment of uncertainties.,true,false,FALSE,false,
phytoplankton_seki_2010_p1.0.xlsx,Category 1: (a) Weighted mean of all methods with Category 1 estimates.,Phytoplankton,2810,6,6,314.04,280.26,178.72,"Seki, O., Foster, G. L., Schmidt, D. N., Mackensen, A., Kawamura, K., & Pancost, R. D. (2010). Alkenone and boron-based Pliocene pCO2 records. Earth and Planetary Science Letters, 292(1-2), 201-211.",Seki 2010,false,1,Category 1: (a) Weighted mean of all methods with Category 1 estimates.,FALSE,true,Recalculation of all alkenone CO2 results using uniform calculation methods and comprehensive treatment of uncertainties.,true,false,FALSE,false,
phytoplankton_seki_2010_p1.0.xlsx,Category 1: (a) Weighted mean of all methods with Category 1 estimates.,Phytoplankton,3020,15,15,319.43,276.24,183.04,"Seki, O., Foster, G. L., Schmidt, D. N., Mackensen, A., Kawamura, K., & Pancost, R. D. (2010). Alkenone and boron-based Pliocene pCO2 records. Earth and Planetary Science Letters, 292(1-2), 201-211.",Seki 2010,false,1,Category 1: (a) Weighted mean of all methods with Category 1 estimates.,FALSE,true,Recalculation of all alkenone CO2 results using uniform calculation methods and comprehensive treatment of uncertainties.,true,false,FALSE,false,
phytoplankton_seki_2010_p1.0.xlsx,Category 1: (a) Weighted mean of all methods with Category 1 estimates.,Phytoplankton,3160,15,15,321.16,271.89,182.82,"Seki, O., Foster, G. L., Schmidt, D. N., Mackensen, A., Kawamura, K., & Pancost, R. D. (2010). Alkenone and boron-based Pliocene pCO2 records. Earth and Planetary Science Letters, 292(1-2), 201-211.",Seki 2010,false,1,Category 1: (a) Weighted mean of all methods with Category 1 estimates.,FALSE,true,Recalculation of all alkenone CO2 results using uniform calculation methods and comprehensive treatment of uncertainties.,true,false,FALSE,false,
phytoplankton_seki_2010_p1.0.xlsx,Category 1: (a) Weighted mean of all methods with Category 1 estimates.,Phytoplankton,3250,15,15,321.16,281.92,182.99,"Seki, O., Foster, G. L., Schmidt, D. N., Mackensen, A., Kawamura, K., & Pancost, R. D. (2010). Alkenone and boron-based Pliocene pCO2 records. Earth and Planetary Science Letters, 292(1-2), 201-211.",Seki 2010,false,1,Category 1: (a) Weighted mean of all methods with Category 1 estimates.,FALSE,true,Recalculation of all alkenone CO2 results using uniform calculation methods and comprehensive treatment of uncertainties.,true,false,FALSE,false,
phytoplankton_seki_2010_p1.0.xlsx,Category 1: (a) Weighted mean of all methods with Category 1 estimates.,Phytoplankton,3380,15,15,304.6,260.5,172.32,"Seki, O., Foster, G. L., Schmidt, D. N., Mackensen, A., Kawamura, K., & Pancost, R. D. (2010). Alkenone and boron-based Pliocene pCO2 records. Earth and Planetary Science Letters, 292(1-2), 201-211.",Seki 2010,false,1,Category 1: (a) Weighted mean of all methods with Category 1 estimates.,FALSE,true,Recalculation of all alkenone CO2 results using uniform calculation methods and comprehensive treatment of uncertainties.,true,false,FALSE,false,
phytoplankton_seki_2010_p1.0.xlsx,Category 1: (a) Weighted mean of all methods with Category 1 estimates.,Phytoplankton,3460,15,15,317.86,272.75,180.43,"Seki, O., Foster, G. L., Schmidt, D. N., Mackensen, A., Kawamura, K., & Pancost, R. D. (2010). Alkenone and boron-based Pliocene pCO2 records. Earth and Planetary Science Letters, 292(1-2), 201-211.",Seki 2010,false,1,Category 1: (a) Weighted mean of all methods with Category 1 estimates.,FALSE,true,Recalculation of all alkenone CO2 results using uniform calculation methods and comprehensive treatment of uncertainties.,true,false,FALSE,false,
phytoplankton_seki_2010_p1.0.xlsx,Category 1: (a) Weighted mean of all methods with Category 1 estimates.,Phytoplankton,3540,15,15,315.64,272.4,176.8,"Seki, O., Foster, G. L., Schmidt, D. N., Mackensen, A., Kawamura, K., & Pancost, R. D. (2010). Alkenone and boron-based Pliocene pCO2 records. Earth and Planetary Science Letters, 292(1-2), 201-211.",Seki 2010,false,1,Category 1: (a) Weighted mean of all methods with Category 1 estimates.,FALSE,true,Recalculation of all alkenone CO2 results using uniform calculation methods and comprehensive treatment of uncertainties.,true,false,FALSE,false,
phytoplankton_seki_2010_p1.0.xlsx,Category 1: (a) Weighted mean of all methods with Category 1 estimates.,Phytoplankton,3690,15,15,333.95,284.55,189.12,"Seki, O., Foster, G. L., Schmidt, D. N., Mackensen, A., Kawamura, K., & Pancost, R. D. (2010). Alkenone and boron-based Pliocene pCO2 records. Earth and Planetary Science Letters, 292(1-2), 201-211.",Seki 2010,false,1,Category 1: (a) Weighted mean of all methods with Category 1 estimates.,FALSE,true,Recalculation of all alkenone CO2 results using uniform calculation methods and comprehensive treatment of uncertainties.,true,false,FALSE,false,
phytoplankton_seki_2010_p1.0.xlsx,Category 1: (a) Weighted mean of all methods with Category 1 estimates.,Phytoplankton,3810,15,15,328.2,284.37,184.18,"Seki, O., Foster, G. L., Schmidt, D. N., Mackensen, A., Kawamura, K., & Pancost, R. D. (2010). Alkenone and boron-based Pliocene pCO2 records. Earth and Planetary Science Letters, 292(1-2), 201-211.",Seki 2010,false,1,Category 1: (a) Weighted mean of all methods with Category 1 estimates.,FALSE,true,Recalculation of all alkenone CO2 results using uniform calculation methods and comprehensive treatment of uncertainties.,true,false,FALSE,false,
phytoplankton_seki_2010_p1.0.xlsx,Category 1: (a) Weighted mean of all methods with Category 1 estimates.,Phytoplankton,3900,15,15,334.54,282.93,191.13,"Seki, O., Foster, G. L., Schmidt, D. N., Mackensen, A., Kawamura, K., & Pancost, R. D. (2010). Alkenone and boron-based Pliocene pCO2 records. Earth and Planetary Science Letters, 292(1-2), 201-211.",Seki 2010,false,1,Category 1: (a) Weighted mean of all methods with Category 1 estimates.,FALSE,true,Recalculation of all alkenone CO2 results using uniform calculation methods and comprehensive treatment of uncertainties.,true,false,FALSE,false,
phytoplankton_seki_2010_p1.0.xlsx,Category 1: (a) Weighted mean of all methods with Category 1 estimates.,Phytoplankton,4000,30,30,331,282.11,189.18,"Seki, O., Foster, G. L., Schmidt, D. N., Mackensen, A., Kawamura, K., & Pancost, R. D. (2010). Alkenone and boron-based Pliocene pCO2 records. Earth and Planetary Science Letters, 292(1-2), 201-211.",Seki 2010,false,1,Category 1: (a) Weighted mean of all methods with Category 1 estimates.,FALSE,true,Recalculation of all alkenone CO2 results using uniform calculation methods and comprehensive treatment of uncertainties.,true,false,FALSE,false,
phytoplankton_seki_2010_p1.0.xlsx,Category 1: (a) Weighted mean of all methods with Category 1 estimates.,Phytoplankton,4110,30,30,338.07,282.08,190.31,"Seki, O., Foster, G. L., Schmidt, D. N., Mackensen, A., Kawamura, K., & Pancost, R. D. (2010). Alkenone and boron-based Pliocene pCO2 records. Earth and Planetary Science Letters, 292(1-2), 201-211.",Seki 2010,false,1,Category 1: (a) Weighted mean of all methods with Category 1 estimates.,FALSE,true,Recalculation of all alkenone CO2 results using uniform calculation methods and comprehensive treatment of uncertainties.,true,false,FALSE,false,
phytoplankton_seki_2010_p1.0.xlsx,Category 1: (a) Weighted mean of all methods with Category 1 estimates.,Phytoplankton,4210,30,30,346.26,293.47,197.94,"Seki, O., Foster, G. L., Schmidt, D. N., Mackensen, A., Kawamura, K., & Pancost, R. D. (2010). Alkenone and boron-based Pliocene pCO2 records. Earth and Planetary Science Letters, 292(1-2), 201-211.",Seki 2010,false,1,Category 1: (a) Weighted mean of all methods with Category 1 estimates.,FALSE,true,Recalculation of all alkenone CO2 results using uniform calculation methods and comprehensive treatment of uncertainties.,true,false,FALSE,false,
phytoplankton_seki_2010_p1.0.xlsx,Category 1: (a) Weighted mean of all methods with Category 1 estimates.,Phytoplankton,4300,30,30,341.55,299.03,195.75,"Seki, O., Foster, G. L., Schmidt, D. N., Mackensen, A., Kawamura, K., & Pancost, R. D. (2010). Alkenone and boron-based Pliocene pCO2 records. Earth and Planetary Science Letters, 292(1-2), 201-211.",Seki 2010,false,1,Category 1: (a) Weighted mean of all methods with Category 1 estimates.,FALSE,true,Recalculation of all alkenone CO2 results using uniform calculation methods and comprehensive treatment of uncertainties.,true,false,FALSE,false,
phytoplankton_seki_2010_p1.0.xlsx,Category 1: (a) Weighted mean of all methods with Category 1 estimates.,Phytoplankton,4390,30,30,323.85,279.82,183.84,"Seki, O., Foster, G. L., Schmidt, D. N., Mackensen, A., Kawamura, K., & Pancost, R. D. (2010). Alkenone and boron-based Pliocene pCO2 records. Earth and Planetary Science Letters, 292(1-2), 201-211.",Seki 2010,false,1,Category 1: (a) Weighted mean of all methods with Category 1 estimates.,FALSE,true,Recalculation of all alkenone CO2 results using uniform calculation methods and comprehensive treatment of uncertainties.,true,false,FALSE,false,
phytoplankton_seki_2010_p1.0.xlsx,Category 1: (a) Weighted mean of all methods with Category 1 estimates.,Phytoplankton,4540,30,30,344.52,293.47,197.99,"Seki, O., Foster, G. L., Schmidt, D. N., Mackensen, A., Kawamura, K., & Pancost, R. D. (2010). Alkenone and boron-based Pliocene pCO2 records. Earth and Planetary Science Letters, 292(1-2), 201-211.",Seki 2010,false,1,Category 1: (a) Weighted mean of all methods with Category 1 estimates.,FALSE,true,Recalculation of all alkenone CO2 results using uniform calculation methods and comprehensive treatment of uncertainties.,true,false,FALSE,false,
phytoplankton_seki_2010_p1.0.xlsx,Category 1: (a) Weighted mean of all methods with Category 1 estimates.,Phytoplankton,4580,30,30,334.3,285.24,191.31,"Seki, O., Foster, G. L., Schmidt, D. N., Mackensen, A., Kawamura, K., & Pancost, R. D. (2010). Alkenone and boron-based Pliocene pCO2 records. Earth and Planetary Science Letters, 292(1-2), 201-211.",Seki 2010,false,1,Category 1: (a) Weighted mean of all methods with Category 1 estimates.,FALSE,true,Recalculation of all alkenone CO2 results using uniform calculation methods and comprehensive treatment of uncertainties.,true,false,FALSE,false,
phytoplankton_seki_2010_p1.0.xlsx,Category 1: (a) Weighted mean of all methods with Category 1 estimates.,Phytoplankton,4620,30,30,343.03,288.95,196.17,"Seki, O., Foster, G. L., Schmidt, D. N., Mackensen, A., Kawamura, K., & Pancost, R. D. (2010). Alkenone and boron-based Pliocene pCO2 records. Earth and Planetary Science Letters, 292(1-2), 201-211.",Seki 2010,false,1,Category 1: (a) Weighted mean of all methods with Category 1 estimates.,FALSE,true,Recalculation of all alkenone CO2 results using uniform calculation methods and comprehensive treatment of uncertainties.,true,false,FALSE,false,
phytoplankton_seki_2010_p1.0.xlsx,Category 1: (a) Weighted mean of all methods with Category 1 estimates.,Phytoplankton,4690,30,30,317.29,267.61,182.07,"Seki, O., Foster, G. L., Schmidt, D. N., Mackensen, A., Kawamura, K., & Pancost, R. D. (2010). Alkenone and boron-based Pliocene pCO2 records. Earth and Planetary Science Letters, 292(1-2), 201-211.",Seki 2010,false,1,Category 1: (a) Weighted mean of all methods with Category 1 estimates.,FALSE,true,Recalculation of all alkenone CO2 results using uniform calculation methods and comprehensive treatment of uncertainties.,true,false,FALSE,false,
phytoplankton_super_2018_p1.0.xlsx,Category 1: (a) Weighted mean of all methods with Category 1 estimates.,Phytoplankton,8924,46.24,46.24,251.2,241.51,151.07,"Super, J. R., Thomas, E., Pagani, M., Huber, M., O’Brien, C., & Hull, P. M. (2018). North Atlantic temperature and p CO2 coupling in the early-middle Miocene. Geology, 46(6), 519-522.",Super 2018,false,1,Category 1: (a) Weighted mean of all methods with Category 1 estimates.,FALSE,true,Recalculation of all alkenone CO2 results using uniform calculation methods and comprehensive treatment of uncertainties.,true,false,FALSE,false,
phytoplankton_super_2018_p1.0.xlsx,Category 1: (a) Weighted mean of all methods with Category 1 estimates.,Phytoplankton,9205,47.62,47.62,235.97,221.51,142.35,"Super, J. R., Thomas, E., Pagani, M., Huber, M., O’Brien, C., & Hull, P. M. (2018). North Atlantic temperature and p CO2 coupling in the early-middle Miocene. Geology, 46(6), 519-522.",Super 2018,false,1,Category 1: (a) Weighted mean of all methods with Category 1 estimates.,FALSE,true,Recalculation of all alkenone CO2 results using uniform calculation methods and comprehensive treatment of uncertainties.,true,false,FALSE,false,
phytoplankton_super_2018_p1.0.xlsx,Category 1: (a) Weighted mean of all methods with Category 1 estimates.,Phytoplankton,9293,48.05,48.05,215.14,231.74,134.86,"Super, J. R., Thomas, E., Pagani, M., Huber, M., O’Brien, C., & Hull, P. M. (2018). North Atlantic temperature and p CO2 coupling in the early-middle Miocene. Geology, 46(6), 519-522.",Super 2018,false,1,Category 1: (a) Weighted mean of all methods with Category 1 estimates.,FALSE,true,Recalculation of all alkenone CO2 results using uniform calculation methods and comprehensive treatment of uncertainties.,true,false,FALSE,false,
phytoplankton_super_2018_p1.0.xlsx,Category 1: (a) Weighted mean of all methods with Category 1 estimates.,Phytoplankton,9370,48.43,48.43,220.66,236.64,138.2,"Super, J. R., Thomas, E., Pagani, M., Huber, M., O’Brien, C., & Hull, P. M. (2018). North Atlantic temperature and p CO2 coupling in the early-middle Miocene. Geology, 46(6), 519-522.",Super 2018,false,1,Category 1: (a) Weighted mean of all methods with Category 1 estimates.,FALSE,true,Recalculation of all alkenone CO2 results using uniform calculation methods and comprehensive treatment of uncertainties.,true,false,FALSE,false,
phytoplankton_super_2018_p1.0.xlsx,Category 1: (a) Weighted mean of all methods with Category 1 estimates.,Phytoplankton,9421,48.68,48.68,126.72,454.69,98.29,"Super, J. R., Thomas, E., Pagani, M., Huber, M., O’Brien, C., & Hull, P. M. (2018). North Atlantic temperature and p CO2 coupling in the early-middle Miocene. Geology, 46(6), 519-522.",Super 2018,false,1,Category 1: (a) Weighted mean of all methods with Category 1 estimates.,FALSE,true,Recalculation of all alkenone CO2 results using uniform calculation methods and comprehensive treatment of uncertainties.,true,false,FALSE,false,
phytoplankton_super_2018_p1.0.xlsx,Category 1: (a) Weighted mean of all methods with Category 1 estimates.,Phytoplankton,9718,50.13,50.13,276.94,309.07,172.57,"Super, J. R., Thomas, E., Pagani, M., Huber, M., O’Brien, C., & Hull, P. M. (2018). North Atlantic temperature and p CO2 coupling in the early-middle Miocene. Geology, 46(6), 519-522.",Super 2018,false,1,Category 1: (a) Weighted mean of all methods with Category 1 estimates.,FALSE,true,Recalculation of all alkenone CO2 results using uniform calculation methods and comprehensive treatment of uncertainties.,true,false,FALSE,false,
phytoplankton_super_2018_p1.0.xlsx,Category 1: (a) Weighted mean of all methods with Category 1 estimates.,Phytoplankton,9836,50.71,50.71,237.81,249.29,145.86,"Super, J. R., Thomas, E., Pagani, M., Huber, M., O’Brien, C., & Hull, P. M. (2018). North Atlantic temperature and p CO2 coupling in the early-middle Miocene. Geology, 46(6), 519-522.",Super 2018,false,1,Category 1: (a) Weighted mean of all methods with Category 1 estimates.,FALSE,true,Recalculation of all alkenone CO2 results using uniform calculation methods and comprehensive treatment of uncertainties.,true,false,FALSE,false,
phytoplankton_super_2018_p1.0.xlsx,Category 1: (a) Weighted mean of all methods with Category 1 estimates.,Phytoplankton,9865,50.85,50.85,115.88,412.55,89.23,"Super, J. R., Thomas, E., Pagani, M., Huber, M., O’Brien, C., & Hull, P. M. (2018). North Atlantic temperature and p CO2 coupling in the early-middle Miocene. Geology, 46(6), 519-522.",Super 2018,false,1,Category 1: (a) Weighted mean of all methods with Category 1 estimates.,FALSE,true,Recalculation of all alkenone CO2 results using uniform calculation methods and comprehensive treatment of uncertainties.,true,false,FALSE,false,
phytoplankton_super_2018_p1.0.xlsx,Category 1: (a) Weighted mean of all methods with Category 1 estimates.,Phytoplankton,9941,51.22,51.22,221.53,215.75,134.7,"Super, J. R., Thomas, E., Pagani, M., Huber, M., O’Brien, C., & Hull, P. M. (2018). North Atlantic temperature and p CO2 coupling in the early-middle Miocene. Geology, 46(6), 519-522.",Super 2018,false,1,Category 1: (a) Weighted mean of all methods with Category 1 estimates.,FALSE,true,Recalculation of all alkenone CO2 results using uniform calculation methods and comprehensive treatment of uncertainties.,true,false,FALSE,false,
phytoplankton_super_2018_p1.0.xlsx,Category 1: (a) Weighted mean of all methods with Category 1 estimates.,Phytoplankton,10020,51.61,51.61,133.96,458.51,103.26,"Super, J. R., Thomas, E., Pagani, M., Huber, M., O’Brien, C., & Hull, P. M. (2018). North Atlantic temperature and p CO2 coupling in the early-middle Miocene. Geology, 46(6), 519-522.",Super 2018,false,1,Category 1: (a) Weighted mean of all methods with Category 1 estimates.,FALSE,true,Recalculation of all alkenone CO2 results using uniform calculation methods and comprehensive treatment of uncertainties.,true,false,FALSE,false,
phytoplankton_super_2018_p1.0.xlsx,Category 1: (a) Weighted mean of all methods with Category 1 estimates.,Phytoplankton,10114,52.07,52.07,253.95,247.95,151.24,"Super, J. R., Thomas, E., Pagani, M., Huber, M., O’Brien, C., & Hull, P. M. (2018). North Atlantic temperature and p CO2 coupling in the early-middle Miocene. Geology, 46(6), 519-522.",Super 2018,false,1,Category 1: (a) Weighted mean of all methods with Category 1 estimates.,FALSE,true,Recalculation of all alkenone CO2 results using uniform calculation methods and comprehensive treatment of uncertainties.,true,false,FALSE,false,
phytoplankton_super_2018_p1.0.xlsx,Category 1: (a) Weighted mean of all methods with Category 1 estimates.,Phytoplankton,10177,52.37,52.37,148.22,515.78,113.78,"Super, J. R., Thomas, E., Pagani, M., Huber, M., O’Brien, C., & Hull, P. M. (2018). North Atlantic temperature and p CO2 coupling in the early-middle Miocene. Geology, 46(6), 519-522.",Super 2018,false,1,Category 1: (a) Weighted mean of all methods with Category 1 estimates.,FALSE,true,Recalculation of all alkenone CO2 results using uniform calculation methods and comprehensive treatment of uncertainties.,true,false,FALSE,false,
phytoplankton_super_2018_p1.0.xlsx,Category 1: (a) Weighted mean of all methods with Category 1 estimates.,Phytoplankton,10241,52.68,52.68,234.3,224.42,139.69,"Super, J. R., Thomas, E., Pagani, M., Huber, M., O’Brien, C., & Hull, P. M. (2018). North Atlantic temperature and p CO2 coupling in the early-middle Miocene. Geology, 46(6), 519-522.",Super 2018,false,1,Category 1: (a) Weighted mean of all methods with Category 1 estimates.,FALSE,true,Recalculation of all alkenone CO2 results using uniform calculation methods and comprehensive treatment of uncertainties.,true,false,FALSE,false,
phytoplankton_super_2018_p1.0.xlsx,Category 1: (a) Weighted mean of all methods with Category 1 estimates.,Phytoplankton,10302,52.98,52.98,230.54,216.31,137.66,"Super, J. R., Thomas, E., Pagani, M., Huber, M., O’Brien, C., & Hull, P. M. (2018). North Atlantic temperature and p CO2 coupling in the early-middle Miocene. Geology, 46(6), 519-522.",Super 2018,false,1,Category 1: (a) Weighted mean of all methods with Category 1 estimates.,FALSE,true,Recalculation of all alkenone CO2 results using uniform calculation methods and comprehensive treatment of uncertainties.,true,false,FALSE,false,
phytoplankton_super_2018_p1.0.xlsx,Category 1: (a) Weighted mean of all methods with Category 1 estimates.,Phytoplankton,10364,53.28,53.28,126.91,437.63,98.55,"Super, J. R., Thomas, E., Pagani, M., Huber, M., O’Brien, C., & Hull, P. M. (2018). North Atlantic temperature and p CO2 coupling in the early-middle Miocene. Geology, 46(6), 519-522.",Super 2018,false,1,Category 1: (a) Weighted mean of all methods with Category 1 estimates.,FALSE,true,Recalculation of all alkenone CO2 results using uniform calculation methods and comprehensive treatment of uncertainties.,true,false,FALSE,false,
phytoplankton_super_2018_p1.0.xlsx,Category 1: (a) Weighted mean of all methods with Category 1 estimates.,Phytoplankton,10426,53.59,53.59,117.8,424.95,91.28,"Super, J. R., Thomas, E., Pagani, M., Huber, M., O’Brien, C., & Hull, P. M. (2018). North Atlantic temperature and p CO2 coupling in the early-middle Miocene. Geology, 46(6), 519-522.",Super 2018,false,1,Category 1: (a) Weighted mean of all methods with Category 1 estimates.,FALSE,true,Recalculation of all alkenone CO2 results using uniform calculation methods and comprehensive treatment of uncertainties.,true,false,FALSE,false,
phytoplankton_super_2018_p1.0.xlsx,Category 1: (a) Weighted mean of all methods with Category 1 estimates.,Phytoplankton,10478,53.84,53.84,267.16,288.82,163.64,"Super, J. R., Thomas, E., Pagani, M., Huber, M., O’Brien, C., & Hull, P. M. (2018). North Atlantic temperature and p CO2 coupling in the early-middle Miocene. Geology, 46(6), 519-522.",Super 2018,false,1,Category 1: (a) Weighted mean of all methods with Category 1 estimates.,FALSE,true,Recalculation of all alkenone CO2 results using uniform calculation methods and comprehensive treatment of uncertainties.,true,false,FALSE,false,
phytoplankton_super_2018_p1.0.xlsx,Category 1: (a) Weighted mean of all methods with Category 1 estimates.,Phytoplankton,10523,54.06,54.06,136.2,462.08,104.04,"Super, J. R., Thomas, E., Pagani, M., Huber, M., O’Brien, C., & Hull, P. M. (2018). North Atlantic temperature and p CO2 coupling in the early-middle Miocene. Geology, 46(6), 519-522.",Super 2018,false,1,Category 1: (a) Weighted mean of all methods with Category 1 estimates.,FALSE,true,Recalculation of all alkenone CO2 results using uniform calculation methods and comprehensive treatment of uncertainties.,true,false,FALSE,false,
phytoplankton_super_2018_p1.0.xlsx,Category 1: (a) Weighted mean of all methods with Category 1 estimates.,Phytoplankton,10706,54.95,54.95,236.4,241.31,145.15,"Super, J. R., Thomas, E., Pagani, M., Huber, M., O’Brien, C., & Hull, P. M. (2018). North Atlantic temperature and p CO2 coupling in the early-middle Miocene. Geology, 46(6), 519-522.",Super 2018,false,1,Category 1: (a) Weighted mean of all methods with Category 1 estimates.,FALSE,true,Recalculation of all alkenone CO2 results using uniform calculation methods and comprehensive treatment of uncertainties.,true,false,FALSE,false,
phytoplankton_super_2018_p1.0.xlsx,Category 1: (a) Weighted mean of all methods with Category 1 estimates.,Phytoplankton,10835,55.58,55.58,125.21,428.8,96.29,"Super, J. R., Thomas, E., Pagani, M., Huber, M., O’Brien, C., & Hull, P. M. (2018). North Atlantic temperature and p CO2 coupling in the early-middle Miocene. Geology, 46(6), 519-522.",Super 2018,false,1,Category 1: (a) Weighted mean of all methods with Category 1 estimates.,FALSE,true,Recalculation of all alkenone CO2 results using uniform calculation methods and comprehensive treatment of uncertainties.,true,false,FALSE,false,
phytoplankton_super_2018_p1.0.xlsx,Category 1: (a) Weighted mean of all methods with Category 1 estimates.,Phytoplankton,11189,57.3,57.3,122.49,445.99,94.15,"Super, J. R., Thomas, E., Pagani, M., Huber, M., O’Brien, C., & Hull, P. M. (2018). North Atlantic temperature and p CO2 coupling in the early-middle Miocene. Geology, 46(6), 519-522.",Super 2018,false,1,Category 1: (a) Weighted mean of all methods with Category 1 estimates.,FALSE,true,Recalculation of all alkenone CO2 results using uniform calculation methods and comprehensive treatment of uncertainties.,true,false,FALSE,false,
phytoplankton_super_2018_p1.0.xlsx,Category 1: (a) Weighted mean of all methods with Category 1 estimates.,Phytoplankton,11518,58.89,58.89,227.96,242.39,142.38,"Super, J. R., Thomas, E., Pagani, M., Huber, M., O’Brien, C., & Hull, P. M. (2018). North Atlantic temperature and p CO2 coupling in the early-middle Miocene. Geology, 46(6), 519-522.",Super 2018,false,1,Category 1: (a) Weighted mean of all methods with Category 1 estimates.,FALSE,true,Recalculation of all alkenone CO2 results using uniform calculation methods and comprehensive treatment of uncertainties.,true,false,FALSE,false,
phytoplankton_super_2018_p1.0.xlsx,Category 1: (a) Weighted mean of all methods with Category 1 estimates.,Phytoplankton,11579,59.19,59.19,214.41,231.59,130.26,"Super, J. R., Thomas, E., Pagani, M., Huber, M., O’Brien, C., & Hull, P. M. (2018). North Atlantic temperature and p CO2 coupling in the early-middle Miocene. Geology, 46(6), 519-522.",Super 2018,false,1,Category 1: (a) Weighted mean of all methods with Category 1 estimates.,FALSE,true,Recalculation of all alkenone CO2 results using uniform calculation methods and comprehensive treatment of uncertainties.,true,false,FALSE,false,
phytoplankton_super_2018_p1.0.xlsx,Category 1: (a) Weighted mean of all methods with Category 1 estimates.,Phytoplankton,11733,59.94,59.94,221.3,231.64,136.69,"Super, J. R., Thomas, E., Pagani, M., Huber, M., O’Brien, C., & Hull, P. M. (2018). North Atlantic temperature and p CO2 coupling in the early-middle Miocene. Geology, 46(6), 519-522.",Super 2018,false,1,Category 1: (a) Weighted mean of all methods with Category 1 estimates.,FALSE,true,Recalculation of all alkenone CO2 results using uniform calculation methods and comprehensive treatment of uncertainties.,true,false,FALSE,false,
phytoplankton_super_2018_p1.0.xlsx,Category 1: (a) Weighted mean of all methods with Category 1 estimates.,Phytoplankton,11965,61.06,61.06,219.21,230.99,136.36,"Super, J. R., Thomas, E., Pagani, M., Huber, M., O’Brien, C., & Hull, P. M. (2018). North Atlantic temperature and p CO2 coupling in the early-middle Miocene. Geology, 46(6), 519-522.",Super 2018,false,1,Category 1: (a) Weighted mean of all methods with Category 1 estimates.,FALSE,true,Recalculation of all alkenone CO2 results using uniform calculation methods and comprehensive treatment of uncertainties.,true,false,FALSE,false,
phytoplankton_super_2018_p1.0.xlsx,Category 1: (a) Weighted mean of all methods with Category 1 estimates.,Phytoplankton,12037,61.41,61.41,248.3,262.03,154.69,"Super, J. R., Thomas, E., Pagani, M., Huber, M., O’Brien, C., & Hull, P. M. (2018). North Atlantic temperature and p CO2 coupling in the early-middle Miocene. Geology, 46(6), 519-522.",Super 2018,false,1,Category 1: (a) Weighted mean of all methods with Category 1 estimates.,FALSE,true,Recalculation of all alkenone CO2 results using uniform calculation methods and comprehensive treatment of uncertainties.,true,false,FALSE,false,
phytoplankton_super_2018_p1.0.xlsx,Category 1: (a) Weighted mean of all methods with Category 1 estimates.,Phytoplankton,12108,61.75,61.75,139.78,491.37,107.8,"Super, J. R., Thomas, E., Pagani, M., Huber, M., O’Brien, C., & Hull, P. M. (2018). North Atlantic temperature and p CO2 coupling in the early-middle Miocene. Geology, 46(6), 519-522.",Super 2018,false,1,Category 1: (a) Weighted mean of all methods with Category 1 estimates.,FALSE,true,Recalculation of all alkenone CO2 results using uniform calculation methods and comprehensive treatment of uncertainties.,true,false,FALSE,false,
phytoplankton_super_2018_p1.0.xlsx,Category 1: (a) Weighted mean of all methods with Category 1 estimates.,Phytoplankton,12185,62.12,62.12,229,232.73,142.47,"Super, J. R., Thomas, E., Pagani, M., Huber, M., O’Brien, C., & Hull, P. M. (2018). North Atlantic temperature and p CO2 coupling in the early-middle Miocene. Geology, 46(6), 519-522.",Super 2018,false,1,Category 1: (a) Weighted mean of all methods with Category 1 estimates.,FALSE,true,Recalculation of all alkenone CO2 results using uniform calculation methods and comprehensive treatment of uncertainties.,true,false,FALSE,false,
phytoplankton_super_2018_p1.0.xlsx,Category 1: (a) Weighted mean of all methods with Category 1 estimates.,Phytoplankton,12238,62.38,62.38,247.75,267.58,154.21,"Super, J. R., Thomas, E., Pagani, M., Huber, M., O’Brien, C., & Hull, P. M. (2018). North Atlantic temperature and p CO2 coupling in the early-middle Miocene. Geology, 46(6), 519-522.",Super 2018,false,1,Category 1: (a) Weighted mean of all methods with Category 1 estimates.,FALSE,true,Recalculation of all alkenone CO2 results using uniform calculation methods and comprehensive treatment of uncertainties.,true,false,FALSE,false,
phytoplankton_super_2018_p1.0.xlsx,Category 1: (a) Weighted mean of all methods with Category 1 estimates.,Phytoplankton,12280,62.58,62.58,246.58,244.11,147.95,"Super, J. R., Thomas, E., Pagani, M., Huber, M., O’Brien, C., & Hull, P. M. (2018). North Atlantic temperature and p CO2 coupling in the early-middle Miocene. Geology, 46(6), 519-522.",Super 2018,false,1,Category 1: (a) Weighted mean of all methods with Category 1 estimates.,FALSE,true,Recalculation of all alkenone CO2 results using uniform calculation methods and comprehensive treatment of uncertainties.,true,false,FALSE,false,
phytoplankton_super_2018_p1.0.xlsx,Category 1: (a) Weighted mean of all methods with Category 1 estimates.,Phytoplankton,12468,63.49,63.49,269.74,258.27,163.71,"Super, J. R., Thomas, E., Pagani, M., Huber, M., O’Brien, C., & Hull, P. M. (2018). North Atlantic temperature and p CO2 coupling in the early-middle Miocene. Geology, 46(6), 519-522.",Super 2018,false,1,Category 1: (a) Weighted mean of all methods with Category 1 estimates.,FALSE,true,Recalculation of all alkenone CO2 results using uniform calculation methods and comprehensive treatment of uncertainties.,true,false,FALSE,false,
phytoplankton_super_2018_p1.0.xlsx,Category 1: (a) Weighted mean of all methods with Category 1 estimates.,Phytoplankton,12518,63.73,63.73,136.13,463.23,105.03,"Super, J. R., Thomas, E., Pagani, M., Huber, M., O’Brien, C., & Hull, P. M. (2018). North Atlantic temperature and p CO2 coupling in the early-middle Miocene. Geology, 46(6), 519-522.",Super 2018,false,1,Category 1: (a) Weighted mean of all methods with Category 1 estimates.,FALSE,true,Recalculation of all alkenone CO2 results using uniform calculation methods and comprehensive treatment of uncertainties.,true,false,FALSE,false,
phytoplankton_super_2018_p1.0.xlsx,Category 1: (a) Weighted mean of all methods with Category 1 estimates.,Phytoplankton,12588,64.07,64.07,228.31,241.74,140.16,"Super, J. R., Thomas, E., Pagani, M., Huber, M., O’Brien, C., & Hull, P. M. (2018). North Atlantic temperature and p CO2 coupling in the early-middle Miocene. Geology, 46(6), 519-522.",Super 2018,false,1,Category 1: (a) Weighted mean of all methods with Category 1 estimates.,FALSE,true,Recalculation of all alkenone CO2 results using uniform calculation methods and comprehensive treatment of uncertainties.,true,false,FALSE,false,
phytoplankton_super_2018_p1.0.xlsx,Category 1: (a) Weighted mean of all methods with Category 1 estimates.,Phytoplankton,12639,64.32,64.32,229.57,239.28,141.08,"Super, J. R., Thomas, E., Pagani, M., Huber, M., O’Brien, C., & Hull, P. M. (2018). North Atlantic temperature and p CO2 coupling in the early-middle Miocene. Geology, 46(6), 519-522.",Super 2018,false,1,Category 1: (a) Weighted mean of all methods with Category 1 estimates.,FALSE,true,Recalculation of all alkenone CO2 results using uniform calculation methods and comprehensive treatment of uncertainties.,true,false,FALSE,false,
phytoplankton_super_2018_p1.0.xlsx,Category 1: (a) Weighted mean of all methods with Category 1 estimates.,Phytoplankton,12691,64.57,64.57,224.44,216.04,135.23,"Super, J. R., Thomas, E., Pagani, M., Huber, M., O’Brien, C., & Hull, P. M. (2018). North Atlantic temperature and p CO2 coupling in the early-middle Miocene. Geology, 46(6), 519-522.",Super 2018,false,1,Category 1: (a) Weighted mean of all methods with Category 1 estimates.,FALSE,true,Recalculation of all alkenone CO2 results using uniform calculation methods and comprehensive treatment of uncertainties.,true,false,FALSE,false,
phytoplankton_super_2018_p1.0.xlsx,Category 1: (a) Weighted mean of all methods with Category 1 estimates.,Phytoplankton,12777,64.98,64.98,231.85,246.13,143.53,"Super, J. R., Thomas, E., Pagani, M., Huber, M., O’Brien, C., & Hull, P. M. (2018). North Atlantic temperature and p CO2 coupling in the early-middle Miocene. Geology, 46(6), 519-522.",Super 2018,false,1,Category 1: (a) Weighted mean of all methods with Category 1 estimates.,FALSE,true,Recalculation of all alkenone CO2 results using uniform calculation methods and comprehensive treatment of uncertainties.,true,false,FALSE,false,
phytoplankton_super_2018_p1.0.xlsx,Category 1: (a) Weighted mean of all methods with Category 1 estimates.,Phytoplankton,12850,65.33,65.33,220.84,236.83,135.1,"Super, J. R., Thomas, E., Pagani, M., Huber, M., O’Brien, C., & Hull, P. M. (2018). North Atlantic temperature and p CO2 coupling in the early-middle Miocene. Geology, 46(6), 519-522.",Super 2018,false,1,Category 1: (a) Weighted mean of all methods with Category 1 estimates.,FALSE,true,Recalculation of all alkenone CO2 results using uniform calculation methods and comprehensive treatment of uncertainties.,true,false,FALSE,false,
phytoplankton_super_2018_p1.0.xlsx,Category 1: (a) Weighted mean of all methods with Category 1 estimates.,Phytoplankton,12927,65.71,65.71,210.79,222.14,129.91,"Super, J. R., Thomas, E., Pagani, M., Huber, M., O’Brien, C., & Hull, P. M. (2018). North Atlantic temperature and p CO2 coupling in the early-middle Miocene. Geology, 46(6), 519-522.",Super 2018,false,1,Category 1: (a) Weighted mean of all methods with Category 1 estimates.,FALSE,true,Recalculation of all alkenone CO2 results using uniform calculation methods and comprehensive treatment of uncertainties.,true,false,FALSE,false,
phytoplankton_super_2018_p1.0.xlsx,Category 1: (a) Weighted mean of all methods with Category 1 estimates.,Phytoplankton,12983,65.98,65.98,124.77,457.01,95.9,"Super, J. R., Thomas, E., Pagani, M., Huber, M., O’Brien, C., & Hull, P. M. (2018). North Atlantic temperature and p CO2 coupling in the early-middle Miocene. Geology, 46(6), 519-522.",Super 2018,false,1,Category 1: (a) Weighted mean of all methods with Category 1 estimates.,FALSE,true,Recalculation of all alkenone CO2 results using uniform calculation methods and comprehensive treatment of uncertainties.,true,false,FALSE,false,
phytoplankton_super_2018_p1.0.xlsx,Category 1: (a) Weighted mean of all methods with Category 1 estimates.,Phytoplankton,13099,66.53,66.53,235.28,251.41,145,"Super, J. R., Thomas, E., Pagani, M., Huber, M., O’Brien, C., & Hull, P. M. (2018). North Atlantic temperature and p CO2 coupling in the early-middle Miocene. Geology, 46(6), 519-522.",Super 2018,false,1,Category 1: (a) Weighted mean of all methods with Category 1 estimates.,FALSE,true,Recalculation of all alkenone CO2 results using uniform calculation methods and comprehensive treatment of uncertainties.,true,false,FALSE,false,
phytoplankton_super_2018_p1.0.xlsx,Category 1: (a) Weighted mean of all methods with Category 1 estimates.,Phytoplankton,13274,67.38,67.38,222.38,248.02,138,"Super, J. R., Thomas, E., Pagani, M., Huber, M., O’Brien, C., & Hull, P. M. (2018). North Atlantic temperature and p CO2 coupling in the early-middle Miocene. Geology, 46(6), 519-522.",Super 2018,false,1,Category 1: (a) Weighted mean of all methods with Category 1 estimates.,FALSE,true,Recalculation of all alkenone CO2 results using uniform calculation methods and comprehensive treatment of uncertainties.,true,false,FALSE,false,
phytoplankton_super_2018_p1.0.xlsx,Category 1: (a) Weighted mean of all methods with Category 1 estimates.,Phytoplankton,13326,67.63,67.63,179.33,195.83,112.09,"Super, J. R., Thomas, E., Pagani, M., Huber, M., O’Brien, C., & Hull, P. M. (2018). North Atlantic temperature and p CO2 coupling in the early-middle Miocene. Geology, 46(6), 519-522.",Super 2018,false,1,Category 1: (a) Weighted mean of all methods with Category 1 estimates.,FALSE,true,Recalculation of all alkenone CO2 results using uniform calculation methods and comprehensive treatment of uncertainties.,true,false,FALSE,false,
phytoplankton_super_2018_p1.0.xlsx,Category 1: (a) Weighted mean of all methods with Category 1 estimates.,Phytoplankton,13393,67.95,67.95,230.45,254.44,144.04,"Super, J. R., Thomas, E., Pagani, M., Huber, M., O’Brien, C., & Hull, P. M. (2018). North Atlantic temperature and p CO2 coupling in the early-middle Miocene. Geology, 46(6), 519-522.",Super 2018,false,1,Category 1: (a) Weighted mean of all methods with Category 1 estimates.,FALSE,true,Recalculation of all alkenone CO2 results using uniform calculation methods and comprehensive treatment of uncertainties.,true,false,FALSE,false,
phytoplankton_super_2018_p1.0.xlsx,Category 1: (a) Weighted mean of all methods with Category 1 estimates.,Phytoplankton,13443,68.19,68.19,203.26,212.97,128.04,"Super, J. R., Thomas, E., Pagani, M., Huber, M., O’Brien, C., & Hull, P. M. (2018). North Atlantic temperature and p CO2 coupling in the early-middle Miocene. Geology, 46(6), 519-522.",Super 2018,false,1,Category 1: (a) Weighted mean of all methods with Category 1 estimates.,FALSE,true,Recalculation of all alkenone CO2 results using uniform calculation methods and comprehensive treatment of uncertainties.,true,false,FALSE,false,
phytoplankton_super_2018_p1.0.xlsx,Category 1: (a) Weighted mean of all methods with Category 1 estimates.,Phytoplankton,13494,68.43,68.43,240.84,255.02,148.2,"Super, J. R., Thomas, E., Pagani, M., Huber, M., O’Brien, C., & Hull, P. M. (2018). North Atlantic temperature and p CO2 coupling in the early-middle Miocene. Geology, 46(6), 519-522.",Super 2018,false,1,Category 1: (a) Weighted mean of all methods with Category 1 estimates.,FALSE,true,Recalculation of all alkenone CO2 results using uniform calculation methods and comprehensive treatment of uncertainties.,true,false,FALSE,false,
phytoplankton_super_2018_p1.0.xlsx,Category 1: (a) Weighted mean of all methods with Category 1 estimates.,Phytoplankton,13592,68.91,68.91,249.85,267.03,154.52,"Super, J. R., Thomas, E., Pagani, M., Huber, M., O’Brien, C., & Hull, P. M. (2018). North Atlantic temperature and p CO2 coupling in the early-middle Miocene. Geology, 46(6), 519-522.",Super 2018,false,1,Category 1: (a) Weighted mean of all methods with Category 1 estimates.,FALSE,true,Recalculation of all alkenone CO2 results using uniform calculation methods and comprehensive treatment of uncertainties.,true,false,FALSE,false,
phytoplankton_super_2018_p1.0.xlsx,Category 1: (a) Weighted mean of all methods with Category 1 estimates.,Phytoplankton,13767,69.75,69.75,250.35,236.84,152.06,"Super, J. R., Thomas, E., Pagani, M., Huber, M., O’Brien, C., & Hull, P. M. (2018). North Atlantic temperature and p CO2 coupling in the early-middle Miocene. Geology, 46(6), 519-522.",Super 2018,false,1,Category 1: (a) Weighted mean of all methods with Category 1 estimates.,FALSE,true,Recalculation of all alkenone CO2 results using uniform calculation methods and comprehensive treatment of uncertainties.,true,false,FALSE,false,
phytoplankton_super_2018_p1.0.xlsx,Category 1: (a) Weighted mean of all methods with Category 1 estimates.,Phytoplankton,13785,69.83,69.83,262.99,261.02,156.28,"Super, J. R., Thomas, E., Pagani, M., Huber, M., O’Brien, C., & Hull, P. M. (2018). North Atlantic temperature and p CO2 coupling in the early-middle Miocene. Geology, 46(6), 519-522.",Super 2018,false,1,Category 1: (a) Weighted mean of all methods with Category 1 estimates.,FALSE,true,Recalculation of all alkenone CO2 results using uniform calculation methods and comprehensive treatment of uncertainties.,true,false,FALSE,false,
phytoplankton_super_2018_p1.0.xlsx,Category 1: (a) Weighted mean of all methods with Category 1 estimates.,Phytoplankton,13843,70.11,70.11,223.7,219.36,133.31,"Super, J. R., Thomas, E., Pagani, M., Huber, M., O’Brien, C., & Hull, P. M. (2018). North Atlantic temperature and p CO2 coupling in the early-middle Miocene. Geology, 46(6), 519-522.",Super 2018,false,1,Category 1: (a) Weighted mean of all methods with Category 1 estimates.,FALSE,true,Recalculation of all alkenone CO2 results using uniform calculation methods and comprehensive treatment of uncertainties.,true,false,FALSE,false,
phytoplankton_super_2018_p1.0.xlsx,Category 1: (a) Weighted mean of all methods with Category 1 estimates.,Phytoplankton,13855,70.17,70.17,273.98,262.32,164.86,"Super, J. R., Thomas, E., Pagani, M., Huber, M., O’Brien, C., & Hull, P. M. (2018). North Atlantic temperature and p CO2 coupling in the early-middle Miocene. Geology, 46(6), 519-522.",Super 2018,false,1,Category 1: (a) Weighted mean of all methods with Category 1 estimates.,FALSE,true,Recalculation of all alkenone CO2 results using uniform calculation methods and comprehensive treatment of uncertainties.,true,false,FALSE,false,
phytoplankton_super_2018_p1.0.xlsx,Category 1: (a) Weighted mean of all methods with Category 1 estimates.,Phytoplankton,14465,73.1,73.1,254.48,256.34,155.77,"Super, J. R., Thomas, E., Pagani, M., Huber, M., O’Brien, C., & Hull, P. M. (2018). North Atlantic temperature and p CO2 coupling in the early-middle Miocene. Geology, 46(6), 519-522.",Super 2018,false,1,Category 1: (a) Weighted mean of all methods with Category 1 estimates.,FALSE,true,Recalculation of all alkenone CO2 results using uniform calculation methods and comprehensive treatment of uncertainties.,true,false,FALSE,false,
phytoplankton_super_2018_p1.0.xlsx,Category 1: (a) Weighted mean of all methods with Category 1 estimates.,Phytoplankton,14557,73.54,73.54,157.37,524.59,122.06,"Super, J. R., Thomas, E., Pagani, M., Huber, M., O’Brien, C., & Hull, P. M. (2018). North Atlantic temperature and p CO2 coupling in the early-middle Miocene. Geology, 46(6), 519-522.",Super 2018,false,1,Category 1: (a) Weighted mean of all methods with Category 1 estimates.,FALSE,true,Recalculation of all alkenone CO2 results using uniform calculation methods and comprehensive treatment of uncertainties.,true,false,FALSE,false,
phytoplankton_super_2018_p1.0.xlsx,Category 1: (a) Weighted mean of all methods with Category 1 estimates.,Phytoplankton,14598,73.73,73.73,137.29,485.16,105.3,"Super, J. R., Thomas, E., Pagani, M., Huber, M., O’Brien, C., & Hull, P. M. (2018). North Atlantic temperature and p CO2 coupling in the early-middle Miocene. Geology, 46(6), 519-522.",Super 2018,false,1,Category 1: (a) Weighted mean of all methods with Category 1 estimates.,FALSE,true,Recalculation of all alkenone CO2 results using uniform calculation methods and comprehensive treatment of uncertainties.,true,false,FALSE,false,
phytoplankton_super_2018_p1.0.xlsx,Category 1: (a) Weighted mean of all methods with Category 1 estimates.,Phytoplankton,14645,73.96,73.96,335.49,322.96,205.05,"Super, J. R., Thomas, E., Pagani, M., Huber, M., O’Brien, C., & Hull, P. M. (2018). North Atlantic temperature and p CO2 coupling in the early-middle Miocene. Geology, 46(6), 519-522.",Super 2018,false,1,Category 1: (a) Weighted mean of all methods with Category 1 estimates.,FALSE,true,Recalculation of all alkenone CO2 results using uniform calculation methods and comprehensive treatment of uncertainties.,true,false,FALSE,false,
phytoplankton_super_2018_p1.0.xlsx,Category 1: (a) Weighted mean of all methods with Category 1 estimates.,Phytoplankton,14692,74.18,74.18,274.15,256.07,163.14,"Super, J. R., Thomas, E., Pagani, M., Huber, M., O’Brien, C., & Hull, P. M. (2018). North Atlantic temperature and p CO2 coupling in the early-middle Miocene. Geology, 46(6), 519-522.",Super 2018,false,1,Category 1: (a) Weighted mean of all methods with Category 1 estimates.,FALSE,true,Recalculation of all alkenone CO2 results using uniform calculation methods and comprehensive treatment of uncertainties.,true,false,FALSE,false,
phytoplankton_super_2018_p1.0.xlsx,Category 1: (a) Weighted mean of all methods with Category 1 estimates.,Phytoplankton,14779,74.6,74.6,355.23,349.52,213.54,"Super, J. R., Thomas, E., Pagani, M., Huber, M., O’Brien, C., & Hull, P. M. (2018). North Atlantic temperature and p CO2 coupling in the early-middle Miocene. Geology, 46(6), 519-522.",Super 2018,false,1,Category 1: (a) Weighted mean of all methods with Category 1 estimates.,FALSE,true,Recalculation of all alkenone CO2 results using uniform calculation methods and comprehensive treatment of uncertainties.,true,false,FALSE,false,
phytoplankton_super_2018_p1.0.xlsx,Category 1: (a) Weighted mean of all methods with Category 1 estimates.,Phytoplankton,15030,75.8,75.8,343.14,321.81,209.4,"Super, J. R., Thomas, E., Pagani, M., Huber, M., O’Brien, C., & Hull, P. M. (2018). North Atlantic temperature and p CO2 coupling in the early-middle Miocene. Geology, 46(6), 519-522.",Super 2018,false,1,Category 1: (a) Weighted mean of all methods with Category 1 estimates.,FALSE,true,Recalculation of all alkenone CO2 results using uniform calculation methods and comprehensive treatment of uncertainties.,true,false,FALSE,false,
phytoplankton_super_2018_p1.0.xlsx,Category 1: (a) Weighted mean of all methods with Category 1 estimates.,Phytoplankton,15749,79.23,79.23,299.92,320.65,187.11,"Super, J. R., Thomas, E., Pagani, M., Huber, M., O’Brien, C., & Hull, P. M. (2018). North Atlantic temperature and p CO2 coupling in the early-middle Miocene. Geology, 46(6), 519-522.",Super 2018,false,1,Category 1: (a) Weighted mean of all methods with Category 1 estimates.,FALSE,true,Recalculation of all alkenone CO2 results using uniform calculation methods and comprehensive treatment of uncertainties.,true,false,FALSE,false,
phytoplankton_super_2018_p1.0.xlsx,Category 1: (a) Weighted mean of all methods with Category 1 estimates.,Phytoplankton,16066,80.75,80.75,339.88,370.71,213.79,"Super, J. R., Thomas, E., Pagani, M., Huber, M., O’Brien, C., & Hull, P. M. (2018). North Atlantic temperature and p CO2 coupling in the early-middle Miocene. Geology, 46(6), 519-522.",Super 2018,false,1,Category 1: (a) Weighted mean of all methods with Category 1 estimates.,FALSE,true,Recalculation of all alkenone CO2 results using uniform calculation methods and comprehensive treatment of uncertainties.,true,false,FALSE,false,
phytoplankton_super_2018_p1.0.xlsx,Category 1: (a) Weighted mean of all methods with Category 1 estimates.,Phytoplankton,16111,80.96,80.96,369.82,352.22,221.8,"Super, J. R., Thomas, E., Pagani, M., Huber, M., O’Brien, C., & Hull, P. M. (2018). North Atlantic temperature and p CO2 coupling in the early-middle Miocene. Geology, 46(6), 519-522.",Super 2018,false,1,Category 1: (a) Weighted mean of all methods with Category 1 estimates.,FALSE,true,Recalculation of all alkenone CO2 results using uniform calculation methods and comprehensive treatment of uncertainties.,true,false,FALSE,false,
phytoplankton_super_2018_p1.0.xlsx,Category 1: (a) Weighted mean of all methods with Category 1 estimates.,Phytoplankton,16132,81.06,81.06,313.25,322.86,193.54,"Super, J. R., Thomas, E., Pagani, M., Huber, M., O’Brien, C., & Hull, P. M. (2018). North Atlantic temperature and p CO2 coupling in the early-middle Miocene. Geology, 46(6), 519-522.",Super 2018,false,1,Category 1: (a) Weighted mean of all methods with Category 1 estimates.,FALSE,true,Recalculation of all alkenone CO2 results using uniform calculation methods and comprehensive treatment of uncertainties.,true,false,FALSE,false,
phytoplankton_super_2018_p1.0.xlsx,Category 1: (a) Weighted mean of all methods with Category 1 estimates.,Phytoplankton,16316,81.94,81.94,329.94,346.26,203.63,"Super, J. R., Thomas, E., Pagani, M., Huber, M., O’Brien, C., & Hull, P. M. (2018). North Atlantic temperature and p CO2 coupling in the early-middle Miocene. Geology, 46(6), 519-522.",Super 2018,false,1,Category 1: (a) Weighted mean of all methods with Category 1 estimates.,FALSE,true,Recalculation of all alkenone CO2 results using uniform calculation methods and comprehensive treatment of uncertainties.,true,false,FALSE,false,
phytoplankton_super_2018_p1.0.xlsx,Category 1: (a) Weighted mean of all methods with Category 1 estimates.,Phytoplankton,16428,82.47,82.47,317.18,305.6,187.46,"Super, J. R., Thomas, E., Pagani, M., Huber, M., O’Brien, C., & Hull, P. M. (2018). North Atlantic temperature and p CO2 coupling in the early-middle Miocene. Geology, 46(6), 519-522.",Super 2018,false,1,Category 1: (a) Weighted mean of all methods with Category 1 estimates.,FALSE,true,Recalculation of all alkenone CO2 results using uniform calculation methods and comprehensive treatment of uncertainties.,true,false,FALSE,false,
phytoplankton_super_2018_p1.0.xlsx,Category 1: (a) Weighted mean of all methods with Category 1 estimates.,Phytoplankton,16655,83.55,83.55,267.98,273.88,166.86,"Super, J. R., Thomas, E., Pagani, M., Huber, M., O’Brien, C., & Hull, P. M. (2018). North Atlantic temperature and p CO2 coupling in the early-middle Miocene. Geology, 46(6), 519-522.",Super 2018,false,1,Category 1: (a) Weighted mean of all methods with Category 1 estimates.,FALSE,true,Recalculation of all alkenone CO2 results using uniform calculation methods and comprehensive treatment of uncertainties.,true,false,FALSE,false,
phytoplankton_super_2018_p1.0.xlsx,Category 1: (a) Weighted mean of all methods with Category 1 estimates.,Phytoplankton,16844,84.45,84.45,165.8,561.98,127.55,"Super, J. R., Thomas, E., Pagani, M., Huber, M., O’Brien, C., & Hull, P. M. (2018). North Atlantic temperature and p CO2 coupling in the early-middle Miocene. Geology, 46(6), 519-522.",Super 2018,false,1,Category 1: (a) Weighted mean of all methods with Category 1 estimates.,FALSE,true,Recalculation of all alkenone CO2 results using uniform calculation methods and comprehensive treatment of uncertainties.,true,false,FALSE,false,
phytoplankton_super_2018_p1.0.xlsx,Category 1: (a) Weighted mean of all methods with Category 1 estimates.,Phytoplankton,17014,85.26,85.26,144.76,499.37,112.26,"Super, J. R., Thomas, E., Pagani, M., Huber, M., O’Brien, C., & Hull, P. M. (2018). North Atlantic temperature and p CO2 coupling in the early-middle Miocene. Geology, 46(6), 519-522.",Super 2018,false,1,Category 1: (a) Weighted mean of all methods with Category 1 estimates.,FALSE,true,Recalculation of all alkenone CO2 results using uniform calculation methods and comprehensive treatment of uncertainties.,true,false,FALSE,false,
phytoplankton_super_2018_p1.0.xlsx,Category 1: (a) Weighted mean of all methods with Category 1 estimates.,Phytoplankton,17376,86.98,86.98,136.94,440.87,105.14,"Super, J. R., Thomas, E., Pagani, M., Huber, M., O’Brien, C., & Hull, P. M. (2018). North Atlantic temperature and p CO2 coupling in the early-middle Miocene. Geology, 46(6), 519-522.",Super 2018,false,1,Category 1: (a) Weighted mean of all methods with Category 1 estimates.,FALSE,true,Recalculation of all alkenone CO2 results using uniform calculation methods and comprehensive treatment of uncertainties.,true,false,FALSE,false,
phytoplankton_super_2018_p1.0.xlsx,Category 1: (a) Weighted mean of all methods with Category 1 estimates.,Phytoplankton,17484,87.49,87.49,159.28,562.28,122.61,"Super, J. R., Thomas, E., Pagani, M., Huber, M., O’Brien, C., & Hull, P. M. (2018). North Atlantic temperature and p CO2 coupling in the early-middle Miocene. Geology, 46(6), 519-522.",Super 2018,false,1,Category 1: (a) Weighted mean of all methods with Category 1 estimates.,FALSE,true,Recalculation of all alkenone CO2 results using uniform calculation methods and comprehensive treatment of uncertainties.,true,false,FALSE,false,
phytoplankton_super_2018_p1.0.xlsx,Category 1: (a) Weighted mean of all methods with Category 1 estimates.,Phytoplankton,17796,88.97,88.97,163.09,560.79,126.92,"Super, J. R., Thomas, E., Pagani, M., Huber, M., O’Brien, C., & Hull, P. M. (2018). North Atlantic temperature and p CO2 coupling in the early-middle Miocene. Geology, 46(6), 519-522.",Super 2018,false,1,Category 1: (a) Weighted mean of all methods with Category 1 estimates.,FALSE,true,Recalculation of all alkenone CO2 results using uniform calculation methods and comprehensive treatment of uncertainties.,true,false,FALSE,false,
phytoplankton_super_2018_p1.0.xlsx,Category 1: (a) Weighted mean of all methods with Category 1 estimates.,Phytoplankton,17902,89.47,89.47,269.41,273.15,164.89,"Super, J. R., Thomas, E., Pagani, M., Huber, M., O’Brien, C., & Hull, P. M. (2018). North Atlantic temperature and p CO2 coupling in the early-middle Miocene. Geology, 46(6), 519-522.",Super 2018,false,1,Category 1: (a) Weighted mean of all methods with Category 1 estimates.,FALSE,true,Recalculation of all alkenone CO2 results using uniform calculation methods and comprehensive treatment of uncertainties.,true,false,FALSE,false,
phytoplankton_super_2018_p1.0.xlsx,Category 1: (a) Weighted mean of all methods with Category 1 estimates.,Phytoplankton,18435,91.99,91.99,426.51,473.79,265.51,"Super, J. R., Thomas, E., Pagani, M., Huber, M., O’Brien, C., & Hull, P. M. (2018). North Atlantic temperature and p CO2 coupling in the early-middle Miocene. Geology, 46(6), 519-522.",Super 2018,false,1,Category 1: (a) Weighted mean of all methods with Category 1 estimates.,FALSE,true,Recalculation of all alkenone CO2 results using uniform calculation methods and comprehensive treatment of uncertainties.,true,false,FALSE,false,
phytoplankton_super_2018_p1.0.xlsx,Category 1: (a) Weighted mean of all methods with Category 1 estimates.,Phytoplankton,18517,92.38,92.38,276.99,273.59,171.91,"Super, J. R., Thomas, E., Pagani, M., Huber, M., O’Brien, C., & Hull, P. M. (2018). North Atlantic temperature and p CO2 coupling in the early-middle Miocene. Geology, 46(6), 519-522.",Super 2018,false,1,Category 1: (a) Weighted mean of all methods with Category 1 estimates.,FALSE,true,Recalculation of all alkenone CO2 results using uniform calculation methods and comprehensive treatment of uncertainties.,true,false,FALSE,false,
phytoplankton_super_2018_p1.0.xlsx,Category 1: (a) Weighted mean of all methods with Category 1 estimates.,Phytoplankton,18594,92.75,92.75,251.96,262.81,154.88,"Super, J. R., Thomas, E., Pagani, M., Huber, M., O’Brien, C., & Hull, P. M. (2018). North Atlantic temperature and p CO2 coupling in the early-middle Miocene. Geology, 46(6), 519-522.",Super 2018,false,1,Category 1: (a) Weighted mean of all methods with Category 1 estimates.,FALSE,true,Recalculation of all alkenone CO2 results using uniform calculation methods and comprehensive treatment of uncertainties.,true,false,FALSE,false,
phytoplankton_super_2018_p1.0.xlsx,Category 1: (a) Weighted mean of all methods with Category 1 estimates.,Phytoplankton,18679,93.15,93.15,252.77,257.1,156.46,"Super, J. R., Thomas, E., Pagani, M., Huber, M., O’Brien, C., & Hull, P. M. (2018). North Atlantic temperature and p CO2 coupling in the early-middle Miocene. Geology, 46(6), 519-522.",Super 2018,false,1,Category 1: (a) Weighted mean of all methods with Category 1 estimates.,FALSE,true,Recalculation of all alkenone CO2 results using uniform calculation methods and comprehensive treatment of uncertainties.,true,false,FALSE,false,
phytoplankton_super_2018_p1.0.xlsx,Category 1: (a) Weighted mean of all methods with Category 1 estimates.,Phytoplankton,18774,93.6,93.6,520.6,558.85,321.82,"Super, J. R., Thomas, E., Pagani, M., Huber, M., O’Brien, C., & Hull, P. M. (2018). North Atlantic temperature and p CO2 coupling in the early-middle Miocene. Geology, 46(6), 519-522.",Super 2018,false,1,Category 1: (a) Weighted mean of all methods with Category 1 estimates.,FALSE,true,Recalculation of all alkenone CO2 results using uniform calculation methods and comprehensive treatment of uncertainties.,true,false,FALSE,false,
phytoplankton_super_2018_p1.0.xlsx,Category 1: (a) Weighted mean of all methods with Category 1 estimates.,Phytoplankton,19146,95.36,95.36,301.89,304.22,185.16,"Super, J. R., Thomas, E., Pagani, M., Huber, M., O’Brien, C., & Hull, P. M. (2018). North Atlantic temperature and p CO2 coupling in the early-middle Miocene. Geology, 46(6), 519-522.",Super 2018,false,1,Category 1: (a) Weighted mean of all methods with Category 1 estimates.,FALSE,true,Recalculation of all alkenone CO2 results using uniform calculation methods and comprehensive treatment of uncertainties.,true,false,FALSE,false,
phytoplankton_super_2018_p1.0.xlsx,Category 1: (a) Weighted mean of all methods with Category 1 estimates.,Phytoplankton,19226,95.73,95.73,309.01,323.95,190.67,"Super, J. R., Thomas, E., Pagani, M., Huber, M., O’Brien, C., & Hull, P. M. (2018). North Atlantic temperature and p CO2 coupling in the early-middle Miocene. Geology, 46(6), 519-522.",Super 2018,false,1,Category 1: (a) Weighted mean of all methods with Category 1 estimates.,FALSE,true,Recalculation of all alkenone CO2 results using uniform calculation methods and comprehensive treatment of uncertainties.,true,false,FALSE,false,
phytoplankton_super_2018_p1.0.xlsx,Category 1: (a) Weighted mean of all methods with Category 1 estimates.,Phytoplankton,19296,96.06,96.06,372.49,392.74,227.84,"Super, J. R., Thomas, E., Pagani, M., Huber, M., O’Brien, C., & Hull, P. M. (2018). North Atlantic temperature and p CO2 coupling in the early-middle Miocene. Geology, 46(6), 519-522.",Super 2018,false,1,Category 1: (a) Weighted mean of all methods with Category 1 estimates.,FALSE,true,Recalculation of all alkenone CO2 results using uniform calculation methods and comprehensive treatment of uncertainties.,true,false,FALSE,false,
phytoplankton_super_2018_p1.0.xlsx,Category 1: (a) Weighted mean of all methods with Category 1 estimates.,Phytoplankton,19816,98.52,98.52,288.02,307.45,179.67,"Super, J. R., Thomas, E., Pagani, M., Huber, M., O’Brien, C., & Hull, P. M. (2018). North Atlantic temperature and p CO2 coupling in the early-middle Miocene. Geology, 46(6), 519-522.",Super 2018,false,1,Category 1: (a) Weighted mean of all methods with Category 1 estimates.,FALSE,true,Recalculation of all alkenone CO2 results using uniform calculation methods and comprehensive treatment of uncertainties.,true,false,FALSE,false,
phytoplankton_super_2018_p1.0.xlsx,Category 1: (a) Weighted mean of all methods with Category 1 estimates.,Phytoplankton,19934,99.07,99.07,340.32,383.32,214.77,"Super, J. R., Thomas, E., Pagani, M., Huber, M., O’Brien, C., & Hull, P. M. (2018). North Atlantic temperature and p CO2 coupling in the early-middle Miocene. Geology, 46(6), 519-522.",Super 2018,false,1,Category 1: (a) Weighted mean of all methods with Category 1 estimates.,FALSE,true,Recalculation of all alkenone CO2 results using uniform calculation methods and comprehensive treatment of uncertainties.,true,false,FALSE,false,
phytoplankton_super_2018_p1.0.xlsx,Category 1: (a) Weighted mean of all methods with Category 1 estimates.,Phytoplankton,20876,103.51,103.51,311.61,316.88,193.32,"Super, J. R., Thomas, E., Pagani, M., Huber, M., O’Brien, C., & Hull, P. M. (2018). North Atlantic temperature and p CO2 coupling in the early-middle Miocene. Geology, 46(6), 519-522.",Super 2018,false,1,Category 1: (a) Weighted mean of all methods with Category 1 estimates.,FALSE,true,Recalculation of all alkenone CO2 results using uniform calculation methods and comprehensive treatment of uncertainties.,true,false,FALSE,false,
phytoplankton_super_2018_p1.0.xlsx,Category 1: (a) Weighted mean of all methods with Category 1 estimates.,Phytoplankton,21281,105.41,105.41,296.38,309.12,181.98,"Super, J. R., Thomas, E., Pagani, M., Huber, M., O’Brien, C., & Hull, P. M. (2018). North Atlantic temperature and p CO2 coupling in the early-middle Miocene. Geology, 46(6), 519-522.",Super 2018,false,1,Category 1: (a) Weighted mean of all methods with Category 1 estimates.,FALSE,true,Recalculation of all alkenone CO2 results using uniform calculation methods and comprehensive treatment of uncertainties.,true,false,FALSE,false,
phytoplankton_super_2018_p1.0.xlsx,Category 1: (a) Weighted mean of all methods with Category 1 estimates.,Phytoplankton,21326,105.62,105.62,324,336.7,201.86,"Super, J. R., Thomas, E., Pagani, M., Huber, M., O’Brien, C., & Hull, P. M. (2018). North Atlantic temperature and p CO2 coupling in the early-middle Miocene. Geology, 46(6), 519-522.",Super 2018,false,1,Category 1: (a) Weighted mean of all methods with Category 1 estimates.,FALSE,true,Recalculation of all alkenone CO2 results using uniform calculation methods and comprehensive treatment of uncertainties.,true,false,FALSE,false,
phytoplankton_super_2018_p1.0.xlsx,Category 1: (a) Weighted mean of all methods with Category 1 estimates.,Phytoplankton,21468,106.29,106.29,270.58,281.89,168.64,"Super, J. R., Thomas, E., Pagani, M., Huber, M., O’Brien, C., & Hull, P. M. (2018). North Atlantic temperature and p CO2 coupling in the early-middle Miocene. Geology, 46(6), 519-522.",Super 2018,false,1,Category 1: (a) Weighted mean of all methods with Category 1 estimates.,FALSE,true,Recalculation of all alkenone CO2 results using uniform calculation methods and comprehensive treatment of uncertainties.,true,false,FALSE,false,
phytoplankton_super_2018_p1.0.xlsx,Category 1: (a) Weighted mean of all methods with Category 1 estimates.,Phytoplankton,21755,107.63,107.63,317.48,336.21,199.13,"Super, J. R., Thomas, E., Pagani, M., Huber, M., O’Brien, C., & Hull, P. M. (2018). North Atlantic temperature and p CO2 coupling in the early-middle Miocene. Geology, 46(6), 519-522.",Super 2018,false,1,Category 1: (a) Weighted mean of all methods with Category 1 estimates.,FALSE,true,Recalculation of all alkenone CO2 results using uniform calculation methods and comprehensive treatment of uncertainties.,true,false,FALSE,false,
phytoplankton_super_2018_p1.0.xlsx,Category 1: (a) Weighted mean of all methods with Category 1 estimates.,Phytoplankton,23084,113.86,113.86,409.29,456.96,250.68,"Super, J. R., Thomas, E., Pagani, M., Huber, M., O’Brien, C., & Hull, P. M. (2018). North Atlantic temperature and p CO2 coupling in the early-middle Miocene. Geology, 46(6), 519-522.",Super 2018,false,1,Category 1: (a) Weighted mean of all methods with Category 1 estimates.,FALSE,true,Recalculation of all alkenone CO2 results using uniform calculation methods and comprehensive treatment of uncertainties.,true,false,FALSE,false,
phytoplankton_super_2018_p1.0.xlsx,Category 1: (a) Weighted mean of all methods with Category 1 estimates.,Phytoplankton,23568,116.12,116.12,293.49,285.51,176.69,"Super, J. R., Thomas, E., Pagani, M., Huber, M., O’Brien, C., & Hull, P. M. (2018). North Atlantic temperature and p CO2 coupling in the early-middle Miocene. Geology, 46(6), 519-522.",Super 2018,false,1,Category 1: (a) Weighted mean of all methods with Category 1 estimates.,FALSE,true,Recalculation of all alkenone CO2 results using uniform calculation methods and comprehensive treatment of uncertainties.,true,false,FALSE,false,
phytoplankton_bijl_2010_p1.0.xlsx,Category 1: (a) Weighted mean of all methods with Category 1 estimates.,Phytoplankton,38134.64,183.27,183.27,960.23,911.55,551.78,"Bijl, P. K., Houben, A. J., Schouten, S., Bohaty, S. M., Sluijs, A., Reichart, G. J., ... & Brinkhuis, H. (2010). Transient Middle Eocene atmospheric CO2 and temperature variations. Science, 330(6005), 819-821.",Bijl 2010,false,1,Category 1: (a) Weighted mean of all methods with Category 1 estimates.,FALSE,true,Recalculation of all alkenone CO2 results using uniform calculation methods and comprehensive treatment of uncertainties.,true,false,FALSE,false,
phytoplankton_bijl_2010_p1.0.xlsx,Category 1: (a) Weighted mean of all methods with Category 1 estimates.,Phytoplankton,38183.64,183.49,183.49,588.05,2158.3,454.43,"Bijl, P. K., Houben, A. J., Schouten, S., Bohaty, S. M., Sluijs, A., Reichart, G. J., ... & Brinkhuis, H. (2010). Transient Middle Eocene atmospheric CO2 and temperature variations. Science, 330(6005), 819-821.",Bijl 2010,false,1,Category 1: (a) Weighted mean of all methods with Category 1 estimates.,FALSE,true,Recalculation of all alkenone CO2 results using uniform calculation methods and comprehensive treatment of uncertainties.,true,false,FALSE,false,
phytoplankton_bijl_2010_p1.0.xlsx,Category 1: (a) Weighted mean of all methods with Category 1 estimates.,Phytoplankton,38425.07,184.59,184.59,508.2,1772.93,385.6,"Bijl, P. K., Houben, A. J., Schouten, S., Bohaty, S. M., Sluijs, A., Reichart, G. J., ... & Brinkhuis, H. (2010). Transient Middle Eocene atmospheric CO2 and temperature variations. Science, 330(6005), 819-821.",Bijl 2010,false,1,Category 1: (a) Weighted mean of all methods with Category 1 estimates.,FALSE,true,Recalculation of all alkenone CO2 results using uniform calculation methods and comprehensive treatment of uncertainties.,true,false,FALSE,false,
phytoplankton_bijl_2010_p1.0.xlsx,Category 1: (a) Weighted mean of all methods with Category 1 estimates.,Phytoplankton,38491.19,184.89,184.89,931.83,872.33,540.41,"Bijl, P. K., Houben, A. J., Schouten, S., Bohaty, S. M., Sluijs, A., Reichart, G. J., ... & Brinkhuis, H. (2010). Transient Middle Eocene atmospheric CO2 and temperature variations. Science, 330(6005), 819-821.",Bijl 2010,false,1,Category 1: (a) Weighted mean of all methods with Category 1 estimates.,FALSE,true,Recalculation of all alkenone CO2 results using uniform calculation methods and comprehensive treatment of uncertainties.,true,false,FALSE,false,
phytoplankton_bijl_2010_p1.0.xlsx,Category 1: (a) Weighted mean of all methods with Category 1 estimates.,Phytoplankton,38621.06,185.48,185.48,613.84,2190.17,471.02,"Bijl, P. K., Houben, A. J., Schouten, S., Bohaty, S. M., Sluijs, A., Reichart, G. J., ... & Brinkhuis, H. (2010). Transient Middle Eocene atmospheric CO2 and temperature variations. Science, 330(6005), 819-821.",Bijl 2010,false,1,Category 1: (a) Weighted mean of all methods with Category 1 estimates.,FALSE,true,Recalculation of all alkenone CO2 results using uniform calculation methods and comprehensive treatment of uncertainties.,true,false,FALSE,false,
phytoplankton_bijl_2010_p1.0.xlsx,Category 1: (a) Weighted mean of all methods with Category 1 estimates.,Phytoplankton,39134.65,187.82,187.82,517.53,1766.86,394.65,"Bijl, P. K., Houben, A. J., Schouten, S., Bohaty, S. M., Sluijs, A., Reichart, G. J., ... & Brinkhuis, H. (2010). Transient Middle Eocene atmospheric CO2 and temperature variations. Science, 330(6005), 819-821.",Bijl 2010,false,1,Category 1: (a) Weighted mean of all methods with Category 1 estimates.,FALSE,true,Recalculation of all alkenone CO2 results using uniform calculation methods and comprehensive treatment of uncertainties.,true,false,FALSE,false,
phytoplankton_bijl_2010_p1.0.xlsx,Category 1: (a) Weighted mean of all methods with Category 1 estimates.,Phytoplankton,39352.15,188.81,188.81,769.99,2754.84,586.78,"Bijl, P. K., Houben, A. J., Schouten, S., Bohaty, S. M., Sluijs, A., Reichart, G. J., ... & Brinkhuis, H. (2010). Transient Middle Eocene atmospheric CO2 and temperature variations. Science, 330(6005), 819-821.",Bijl 2010,false,1,Category 1: (a) Weighted mean of all methods with Category 1 estimates.,FALSE,true,Recalculation of all alkenone CO2 results using uniform calculation methods and comprehensive treatment of uncertainties.,true,false,FALSE,false,
phytoplankton_bijl_2010_p1.0.xlsx,Category 1: (a) Weighted mean of all methods with Category 1 estimates.,Phytoplankton,39370.68,188.9,188.9,873.4,1075.1,564.79,"Bijl, P. K., Houben, A. J., Schouten, S., Bohaty, S. M., Sluijs, A., Reichart, G. J., ... & Brinkhuis, H. (2010). Transient Middle Eocene atmospheric CO2 and temperature variations. Science, 330(6005), 819-821.",Bijl 2010,false,1,Category 1: (a) Weighted mean of all methods with Category 1 estimates.,FALSE,true,Recalculation of all alkenone CO2 results using uniform calculation methods and comprehensive treatment of uncertainties.,true,false,FALSE,false,
phytoplankton_bijl_2010_p1.0.xlsx,Category 1: (a) Weighted mean of all methods with Category 1 estimates.,Phytoplankton,39382.88,188.95,188.95,860.52,3082.1,666.28,"Bijl, P. K., Houben, A. J., Schouten, S., Bohaty, S. M., Sluijs, A., Reichart, G. J., ... & Brinkhuis, H. (2010). Transient Middle Eocene atmospheric CO2 and temperature variations. Science, 330(6005), 819-821.",Bijl 2010,false,1,Category 1: (a) Weighted mean of all methods with Category 1 estimates.,FALSE,true,Recalculation of all alkenone CO2 results using uniform calculation methods and comprehensive treatment of uncertainties.,true,false,FALSE,false,
phytoplankton_bijl_2010_p1.0.xlsx,Category 1: (a) Weighted mean of all methods with Category 1 estimates.,Phytoplankton,39401.47,189.04,189.04,708.23,2389.35,548.56,"Bijl, P. K., Houben, A. J., Schouten, S., Bohaty, S. M., Sluijs, A., Reichart, G. J., ... & Brinkhuis, H. (2010). Transient Middle Eocene atmospheric CO2 and temperature variations. Science, 330(6005), 819-821.",Bijl 2010,false,1,Category 1: (a) Weighted mean of all methods with Category 1 estimates.,FALSE,true,Recalculation of all alkenone CO2 results using uniform calculation methods and comprehensive treatment of uncertainties.,true,false,FALSE,false,
phytoplankton_bijl_2010_p1.0.xlsx,Category 1: (a) Weighted mean of all methods with Category 1 estimates.,Phytoplankton,39423.25,189.13,189.13,1071.17,1143.86,657.06,"Bijl, P. K., Houben, A. J., Schouten, S., Bohaty, S. M., Sluijs, A., Reichart, G. J., ... & Brinkhuis, H. (2010). Transient Middle Eocene atmospheric CO2 and temperature variations. Science, 330(6005), 819-821.",Bijl 2010,false,1,Category 1: (a) Weighted mean of all methods with Category 1 estimates.,FALSE,true,Recalculation of all alkenone CO2 results using uniform calculation methods and comprehensive treatment of uncertainties.,true,false,FALSE,false,
phytoplankton_bijl_2010_p1.0.xlsx,Category 1: (a) Weighted mean of all methods with Category 1 estimates.,Phytoplankton,39435.15,189.19,189.19,750.45,2704.37,575.97,"Bijl, P. K., Houben, A. J., Schouten, S., Bohaty, S. M., Sluijs, A., Reichart, G. J., ... & Brinkhuis, H. (2010). Transient Middle Eocene atmospheric CO2 and temperature variations. Science, 330(6005), 819-821.",Bijl 2010,false,1,Category 1: (a) Weighted mean of all methods with Category 1 estimates.,FALSE,true,Recalculation of all alkenone CO2 results using uniform calculation methods and comprehensive treatment of uncertainties.,true,false,FALSE,false,
phytoplankton_bijl_2010_p1.0.xlsx,Category 1: (a) Weighted mean of all methods with Category 1 estimates.,Phytoplankton,39464.27,189.32,189.32,588.78,2026.01,449.82,"Bijl, P. K., Houben, A. J., Schouten, S., Bohaty, S. M., Sluijs, A., Reichart, G. J., ... & Brinkhuis, H. (2010). Transient Middle Eocene atmospheric CO2 and temperature variations. Science, 330(6005), 819-821.",Bijl 2010,false,1,Category 1: (a) Weighted mean of all methods with Category 1 estimates.,FALSE,true,Recalculation of all alkenone CO2 results using uniform calculation methods and comprehensive treatment of uncertainties.,true,false,FALSE,false,
phytoplankton_bijl_2010_p1.0.xlsx,Category 1: (a) Weighted mean of all methods with Category 1 estimates.,Phytoplankton,39510.34,189.53,189.53,1001.59,937.11,574.66,"Bijl, P. K., Houben, A. J., Schouten, S., Bohaty, S. M., Sluijs, A., Reichart, G. J., ... & Brinkhuis, H. (2010). Transient Middle Eocene atmospheric CO2 and temperature variations. Science, 330(6005), 819-821.",Bijl 2010,false,1,Category 1: (a) Weighted mean of all methods with Category 1 estimates.,FALSE,true,Recalculation of all alkenone CO2 results using uniform calculation methods and comprehensive treatment of uncertainties.,true,false,FALSE,false,
phytoplankton_bijl_2010_p1.0.xlsx,Category 1: (a) Weighted mean of all methods with Category 1 estimates.,Phytoplankton,39580.87,189.85,189.85,695.45,677.97,398.9,"Bijl, P. K., Houben, A. J., Schouten, S., Bohaty, S. M., Sluijs, A., Reichart, G. J., ... & Brinkhuis, H. (2010). Transient Middle Eocene atmospheric CO2 and temperature variations. Science, 330(6005), 819-821.",Bijl 2010,false,1,Category 1: (a) Weighted mean of all methods with Category 1 estimates.,FALSE,true,Recalculation of all alkenone CO2 results using uniform calculation methods and comprehensive treatment of uncertainties.,true,false,FALSE,false,
phytoplankton_bijl_2010_p1.0.xlsx,Category 1: (a) Weighted mean of all methods with Category 1 estimates.,Phytoplankton,39651.39,190.17,190.17,822.08,764.7,482.67,"Bijl, P. K., Houben, A. J., Schouten, S., Bohaty, S. M., Sluijs, A., Reichart, G. J., ... & Brinkhuis, H. (2010). Transient Middle Eocene atmospheric CO2 and temperature variations. Science, 330(6005), 819-821.",Bijl 2010,false,1,Category 1: (a) Weighted mean of all methods with Category 1 estimates.,FALSE,true,Recalculation of all alkenone CO2 results using uniform calculation methods and comprehensive treatment of uncertainties.,true,false,FALSE,false,
phytoplankton_bijl_2010_p1.0.xlsx,Category 1: (a) Weighted mean of all methods with Category 1 estimates.,Phytoplankton,39705.43,190.42,190.42,655.92,2323.33,503.88,"Bijl, P. K., Houben, A. J., Schouten, S., Bohaty, S. M., Sluijs, A., Reichart, G. J., ... & Brinkhuis, H. (2010). Transient Middle Eocene atmospheric CO2 and temperature variations. Science, 330(6005), 819-821.",Bijl 2010,false,1,Category 1: (a) Weighted mean of all methods with Category 1 estimates.,FALSE,true,Recalculation of all alkenone CO2 results using uniform calculation methods and comprehensive treatment of uncertainties.,true,false,FALSE,false,
phytoplankton_bijl_2010_p1.0.xlsx,Category 1: (a) Weighted mean of all methods with Category 1 estimates.,Phytoplankton,39775.9,190.74,190.74,593.21,2053.27,459.08,"Bijl, P. K., Houben, A. J., Schouten, S., Bohaty, S. M., Sluijs, A., Reichart, G. J., ... & Brinkhuis, H. (2010). Transient Middle Eocene atmospheric CO2 and temperature variations. Science, 330(6005), 819-821.",Bijl 2010,false,1,Category 1: (a) Weighted mean of all methods with Category 1 estimates.,FALSE,true,Recalculation of all alkenone CO2 results using uniform calculation methods and comprehensive treatment of uncertainties.,true,false,FALSE,false,
phytoplankton_bijl_2010_p1.0.xlsx,Category 1: (a) Weighted mean of all methods with Category 1 estimates.,Phytoplankton,39974.2,191.64,191.64,1027.5,1001.31,596.91,"Bijl, P. K., Houben, A. J., Schouten, S., Bohaty, S. M., Sluijs, A., Reichart, G. J., ... & Brinkhuis, H. (2010). Transient Middle Eocene atmospheric CO2 and temperature variations. Science, 330(6005), 819-821.",Bijl 2010,false,1,Category 1: (a) Weighted mean of all methods with Category 1 estimates.,FALSE,true,Recalculation of all alkenone CO2 results using uniform calculation methods and comprehensive treatment of uncertainties.,true,false,FALSE,false,
phytoplankton_bijl_2010_p1.0.xlsx,Category 1: (a) Weighted mean of all methods with Category 1 estimates.,Phytoplankton,40269.9,192.98,192.98,659.45,2344.55,505.22,"Bijl, P. K., Houben, A. J., Schouten, S., Bohaty, S. M., Sluijs, A., Reichart, G. J., ... & Brinkhuis, H. (2010). Transient Middle Eocene atmospheric CO2 and temperature variations. Science, 330(6005), 819-821.",Bijl 2010,false,1,Category 1: (a) Weighted mean of all methods with Category 1 estimates.,FALSE,true,Recalculation of all alkenone CO2 results using uniform calculation methods and comprehensive treatment of uncertainties.,true,false,FALSE,false,
phytoplankton_bijl_2010_p1.0.xlsx,Category 1: (a) Weighted mean of all methods with Category 1 estimates.,Phytoplankton,40805.85,195.42,195.42,1004.72,876.8,564.7,"Bijl, P. K., Houben, A. J., Schouten, S., Bohaty, S. M., Sluijs, A., Reichart, G. J., ... & Brinkhuis, H. (2010). Transient Middle Eocene atmospheric CO2 and temperature variations. Science, 330(6005), 819-821.",Bijl 2010,false,1,Category 1: (a) Weighted mean of all methods with Category 1 estimates.,FALSE,true,Recalculation of all alkenone CO2 results using uniform calculation methods and comprehensive treatment of uncertainties.,true,false,FALSE,false,
phytoplankton_bijl_2010_p1.0.xlsx,Category 1: (a) Weighted mean of all methods with Category 1 estimates.,Phytoplankton,41336.8,197.83,197.83,628.48,693.24,399.81,"Bijl, P. K., Houben, A. J., Schouten, S., Bohaty, S. M., Sluijs, A., Reichart, G. J., ... & Brinkhuis, H. (2010). Transient Middle Eocene atmospheric CO2 and temperature variations. Science, 330(6005), 819-821.",Bijl 2010,false,1,Category 1: (a) Weighted mean of all methods with Category 1 estimates.,FALSE,true,Recalculation of all alkenone CO2 results using uniform calculation methods and comprehensive treatment of uncertainties.,true,false,FALSE,false,
phytoplankton_pagani_2011_p1.0.xlsx,Category 1: (a) Weighted mean of all methods with Category 1 estimates.,Phytoplankton,24745.32,121.62,121.62,693.53,921.6,445.28,"Pagani, M., Huber, M., Liu, Z., Bohaty, S.M., Henderiks, J., Sijp, W., Krishnan, S. and DeConto, R.M., 2011. The role of carbon dioxide during the onset of Antarctic glaciation. Science, 334(6060), (1261-1264).",Pagani 2011,false,1,Category 1: (a) Weighted mean of all methods with Category 1 estimates.,FALSE,true,Recalculation of all alkenone CO2 results using uniform calculation methods and comprehensive treatment of uncertainties.,true,false,FALSE,false,
phytoplankton_pagani_2011_p1.0.xlsx,Category 1: (a) Weighted mean of all methods with Category 1 estimates.,Phytoplankton,25196.12,123.72,123.72,341.59,390.5,215.56,"Pagani, M., Huber, M., Liu, Z., Bohaty, S.M., Henderiks, J., Sijp, W., Krishnan, S. and DeConto, R.M., 2011. The role of carbon dioxide during the onset of Antarctic glaciation. Science, 334(6060), (1261-1264).",Pagani 2011,false,1,Category 1: (a) Weighted mean of all methods with Category 1 estimates.,FALSE,true,Recalculation of all alkenone CO2 results using uniform calculation methods and comprehensive treatment of uncertainties.,true,false,FALSE,false,
phytoplankton_pagani_2011_p1.0.xlsx,Category 1: (a) Weighted mean of all methods with Category 1 estimates.,Phytoplankton,25286.43,124.14,124.14,392.61,424.1,246.14,"Pagani, M., Huber, M., Liu, Z., Bohaty, S.M., Henderiks, J., Sijp, W., Krishnan, S. and DeConto, R.M., 2011. The role of carbon dioxide during the onset of Antarctic glaciation. Science, 334(6060), (1261-1264).",Pagani 2011,false,1,Category 1: (a) Weighted mean of all methods with Category 1 estimates.,FALSE,true,Recalculation of all alkenone CO2 results using uniform calculation methods and comprehensive treatment of uncertainties.,true,false,FALSE,false,
phytoplankton_pagani_2011_p1.0.xlsx,Category 1: (a) Weighted mean of all methods with Category 1 estimates.,Phytoplankton,26047.71,127.68,127.68,465.21,531.47,291.47,"Pagani, M., Huber, M., Liu, Z., Bohaty, S.M., Henderiks, J., Sijp, W., Krishnan, S. and DeConto, R.M., 2011. The role of carbon dioxide during the onset of Antarctic glaciation. Science, 334(6060), (1261-1264).",Pagani 2011,false,1,Category 1: (a) Weighted mean of all methods with Category 1 estimates.,FALSE,true,Recalculation of all alkenone CO2 results using uniform calculation methods and comprehensive treatment of uncertainties.,true,false,FALSE,false,
phytoplankton_pagani_2011_p1.0.xlsx,Category 1: (a) Weighted mean of all methods with Category 1 estimates.,Phytoplankton,26102.96,127.93,127.93,407.48,458.71,253.97,"Pagani, M., Huber, M., Liu, Z., Bohaty, S.M., Henderiks, J., Sijp, W., Krishnan, S. and DeConto, R.M., 2011. The role of carbon dioxide during the onset of Antarctic glaciation. Science, 334(6060), (1261-1264).",Pagani 2011,false,1,Category 1: (a) Weighted mean of all methods with Category 1 estimates.,FALSE,true,Recalculation of all alkenone CO2 results using uniform calculation methods and comprehensive treatment of uncertainties.,true,false,FALSE,false,
phytoplankton_pagani_2011_p1.0.xlsx,Category 1: (a) Weighted mean of all methods with Category 1 estimates.,Phytoplankton,26127.99,128.05,128.05,425.65,468.91,271.89,"Pagani, M., Huber, M., Liu, Z., Bohaty, S.M., Henderiks, J., Sijp, W., Krishnan, S. and DeConto, R.M., 2011. The role of carbon dioxide during the onset of Antarctic glaciation. Science, 334(6060), (1261-1264).",Pagani 2011,false,1,Category 1: (a) Weighted mean of all methods with Category 1 estimates.,FALSE,true,Recalculation of all alkenone CO2 results using uniform calculation methods and comprehensive treatment of uncertainties.,true,false,FALSE,false,
phytoplankton_pagani_2011_p1.0.xlsx,Category 1: (a) Weighted mean of all methods with Category 1 estimates.,Phytoplankton,30033.23,146.13,146.13,549.82,644.3,354.19,"Pagani, M., Huber, M., Liu, Z., Bohaty, S.M., Henderiks, J., Sijp, W., Krishnan, S. and DeConto, R.M., 2011. The role of carbon dioxide during the onset of Antarctic glaciation. Science, 334(6060), (1261-1264).",Pagani 2011,false,1,Category 1: (a) Weighted mean of all methods with Category 1 estimates.,FALSE,true,Recalculation of all alkenone CO2 results using uniform calculation methods and comprehensive treatment of uncertainties.,true,false,FALSE,false,
phytoplankton_pagani_2011_p1.0.xlsx,Category 1: (a) Weighted mean of all methods with Category 1 estimates.,Phytoplankton,30064.54,146.27,146.27,395.34,437.36,254.89,"Pagani, M., Huber, M., Liu, Z., Bohaty, S.M., Henderiks, J., Sijp, W., Krishnan, S. and DeConto, R.M., 2011. The role of carbon dioxide during the onset of Antarctic glaciation. Science, 334(6060), (1261-1264).",Pagani 2011,false,1,Category 1: (a) Weighted mean of all methods with Category 1 estimates.,FALSE,true,Recalculation of all alkenone CO2 results using uniform calculation methods and comprehensive treatment of uncertainties.,true,false,FALSE,false,
phytoplankton_pagani_2011_p1.0.xlsx,Category 1: (a) Weighted mean of all methods with Category 1 estimates.,Phytoplankton,30177.2,146.79,146.79,603.41,721.02,385.78,"Pagani, M., Huber, M., Liu, Z., Bohaty, S.M., Henderiks, J., Sijp, W., Krishnan, S. and DeConto, R.M., 2011. The role of carbon dioxide during the onset of Antarctic glaciation. Science, 334(6060), (1261-1264).",Pagani 2011,false,1,Category 1: (a) Weighted mean of all methods with Category 1 estimates.,FALSE,true,Recalculation of all alkenone CO2 results using uniform calculation methods and comprehensive treatment of uncertainties.,true,false,FALSE,false,
phytoplankton_pagani_2011_p1.0.xlsx,Category 1: (a) Weighted mean of all methods with Category 1 estimates.,Phytoplankton,42928.95,205.05,205.05,1037.65,1560.48,671.74,"Pagani, M., Huber, M., Liu, Z., Bohaty, S.M., Henderiks, J., Sijp, W., Krishnan, S. and DeConto, R.M., 2011. The role of carbon dioxide during the onset of Antarctic glaciation. Science, 334(6060), (1261-1264).",Pagani 2011,false,1,Category 1: (a) Weighted mean of all methods with Category 1 estimates.,FALSE,true,Recalculation of all alkenone CO2 results using uniform calculation methods and comprehensive treatment of uncertainties.,true,false,FALSE,false,
phytoplankton_pagani_2011_p1.0.xlsx,Category 1: (a) Weighted mean of all methods with Category 1 estimates.,Phytoplankton,31562.15,153.17,153.17,300.83,1092.33,233.66,"Pagani, M., Huber, M., Liu, Z., Bohaty, S.M., Henderiks, J., Sijp, W., Krishnan, S. and DeConto, R.M., 2011. The role of carbon dioxide during the onset of Antarctic glaciation. Science, 334(6060), (1261-1264).",Pagani 2011,false,1,Category 1: (a) Weighted mean of all methods with Category 1 estimates.,FALSE,true,Recalculation of all alkenone CO2 results using uniform calculation methods and comprehensive treatment of uncertainties.,true,false,FALSE,false,
phytoplankton_pagani_2011_p1.0.xlsx,Category 1: (a) Weighted mean of all methods with Category 1 estimates.,Phytoplankton,31762.27,154.1,154.1,268.38,918.53,205.56,"Pagani, M., Huber, M., Liu, Z., Bohaty, S.M., Henderiks, J., Sijp, W., Krishnan, S. and DeConto, R.M., 2011. The role of carbon dioxide during the onset of Antarctic glaciation. Science, 334(6060), (1261-1264).",Pagani 2011,false,1,Category 1: (a) Weighted mean of all methods with Category 1 estimates.,FALSE,true,Recalculation of all alkenone CO2 results using uniform calculation methods and comprehensive treatment of uncertainties.,true,false,FALSE,false,
phytoplankton_pagani_2011_p1.0.xlsx,Category 1: (a) Weighted mean of all methods with Category 1 estimates.,Phytoplankton,31961.96,155.01,155.01,383.01,1351.74,297.07,"Pagani, M., Huber, M., Liu, Z., Bohaty, S.M., Henderiks, J., Sijp, W., Krishnan, S. and DeConto, R.M., 2011. The role of carbon dioxide during the onset of Antarctic glaciation. Science, 334(6060), (1261-1264).",Pagani 2011,false,1,Category 1: (a) Weighted mean of all methods with Category 1 estimates.,FALSE,true,Recalculation of all alkenone CO2 results using uniform calculation methods and comprehensive treatment of uncertainties.,true,false,FALSE,false,
phytoplankton_pagani_2011_p1.0.xlsx,Category 1: (a) Weighted mean of all methods with Category 1 estimates.,Phytoplankton,32162.49,155.94,155.94,402.39,1452.27,309.24,"Pagani, M., Huber, M., Liu, Z., Bohaty, S.M., Henderiks, J., Sijp, W., Krishnan, S. and DeConto, R.M., 2011. The role of carbon dioxide during the onset of Antarctic glaciation. Science, 334(6060), (1261-1264).",Pagani 2011,false,1,Category 1: (a) Weighted mean of all methods with Category 1 estimates.,FALSE,true,Recalculation of all alkenone CO2 results using uniform calculation methods and comprehensive treatment of uncertainties.,true,false,FALSE,false,
phytoplankton_pagani_2011_p1.0.xlsx,Category 1: (a) Weighted mean of all methods with Category 1 estimates.,Phytoplankton,32362.19,156.85,156.85,319.44,1146.93,246.93,"Pagani, M., Huber, M., Liu, Z., Bohaty, S.M., Henderiks, J., Sijp, W., Krishnan, S. and DeConto, R.M., 2011. The role of carbon dioxide during the onset of Antarctic glaciation. Science, 334(6060), (1261-1264).",Pagani 2011,false,1,Category 1: (a) Weighted mean of all methods with Category 1 estimates.,FALSE,true,Recalculation of all alkenone CO2 results using uniform calculation methods and comprehensive treatment of uncertainties.,true,false,FALSE,false,
phytoplankton_pagani_2011_p1.0.xlsx,Category 1: (a) Weighted mean of all methods with Category 1 estimates.,Phytoplankton,32912.47,159.38,159.38,344.02,1170.05,261.69,"Pagani, M., Huber, M., Liu, Z., Bohaty, S.M., Henderiks, J., Sijp, W., Krishnan, S. and DeConto, R.M., 2011. The role of carbon dioxide during the onset of Antarctic glaciation. Science, 334(6060), (1261-1264).",Pagani 2011,false,1,Category 1: (a) Weighted mean of all methods with Category 1 estimates.,FALSE,true,Recalculation of all alkenone CO2 results using uniform calculation methods and comprehensive treatment of uncertainties.,true,false,FALSE,false,
phytoplankton_pagani_2011_p1.0.xlsx,Category 1: (a) Weighted mean of all methods with Category 1 estimates.,Phytoplankton,33223.33,160.81,160.81,297.35,1065.76,228.28,"Pagani, M., Huber, M., Liu, Z., Bohaty, S.M., Henderiks, J., Sijp, W., Krishnan, S. and DeConto, R.M., 2011. The role of carbon dioxide during the onset of Antarctic glaciation. Science, 334(6060), (1261-1264).",Pagani 2011,false,1,Category 1: (a) Weighted mean of all methods with Category 1 estimates.,FALSE,true,Recalculation of all alkenone CO2 results using uniform calculation methods and comprehensive treatment of uncertainties.,true,false,FALSE,false,
phytoplankton_pagani_2011_p1.0.xlsx,Category 1: (a) Weighted mean of all methods with Category 1 estimates.,Phytoplankton,33488.83,162.03,162.03,384.33,1342.57,296.42,"Pagani, M., Huber, M., Liu, Z., Bohaty, S.M., Henderiks, J., Sijp, W., Krishnan, S. and DeConto, R.M., 2011. The role of carbon dioxide during the onset of Antarctic glaciation. Science, 334(6060), (1261-1264).",Pagani 2011,false,1,Category 1: (a) Weighted mean of all methods with Category 1 estimates.,FALSE,true,Recalculation of all alkenone CO2 results using uniform calculation methods and comprehensive treatment of uncertainties.,true,false,FALSE,false,
phytoplankton_pagani_2011_p1.0.xlsx,Category 1: (a) Weighted mean of all methods with Category 1 estimates.,Phytoplankton,33361.71,161.44,161.44,777.89,2803.01,598.01,"Pagani, M., Huber, M., Liu, Z., Bohaty, S.M., Henderiks, J., Sijp, W., Krishnan, S. and DeConto, R.M., 2011. The role of carbon dioxide during the onset of Antarctic glaciation. Science, 334(6060), (1261-1264).",Pagani 2011,false,1,Category 1: (a) Weighted mean of all methods with Category 1 estimates.,FALSE,true,Recalculation of all alkenone CO2 results using uniform calculation methods and comprehensive treatment of uncertainties.,true,false,FALSE,false,
phytoplankton_pagani_2011_p1.0.xlsx,Category 1: (a) Weighted mean of all methods with Category 1 estimates.,Phytoplankton,33432.37,161.77,161.77,392.2,1337.54,299.66,"Pagani, M., Huber, M., Liu, Z., Bohaty, S.M., Henderiks, J., Sijp, W., Krishnan, S. and DeConto, R.M., 2011. The role of carbon dioxide during the onset of Antarctic glaciation. Science, 334(6060), (1261-1264).",Pagani 2011,false,1,Category 1: (a) Weighted mean of all methods with Category 1 estimates.,FALSE,true,Recalculation of all alkenone CO2 results using uniform calculation methods and comprehensive treatment of uncertainties.,true,false,FALSE,false,
phytoplankton_pagani_2011_p1.0.xlsx,Category 1: (a) Weighted mean of all methods with Category 1 estimates.,Phytoplankton,33614.1,162.6,162.6,427.86,1527.26,324.86,"Pagani, M., Huber, M., Liu, Z., Bohaty, S.M., Henderiks, J., Sijp, W., Krishnan, S. and DeConto, R.M., 2011. The role of carbon dioxide during the onset of Antarctic glaciation. Science, 334(6060), (1261-1264).",Pagani 2011,false,1,Category 1: (a) Weighted mean of all methods with Category 1 estimates.,FALSE,true,Recalculation of all alkenone CO2 results using uniform calculation methods and comprehensive treatment of uncertainties.,true,false,FALSE,false,
phytoplankton_pagani_2011_p1.0.xlsx,Category 1: (a) Weighted mean of all methods with Category 1 estimates.,Phytoplankton,33667.37,162.85,162.85,512.16,1856.65,390.47,"Pagani, M., Huber, M., Liu, Z., Bohaty, S.M., Henderiks, J., Sijp, W., Krishnan, S. and DeConto, R.M., 2011. The role of carbon dioxide during the onset of Antarctic glaciation. Science, 334(6060), (1261-1264).",Pagani 2011,false,1,Category 1: (a) Weighted mean of all methods with Category 1 estimates.,FALSE,true,Recalculation of all alkenone CO2 results using uniform calculation methods and comprehensive treatment of uncertainties.,true,false,FALSE,false,
phytoplankton_pagani_2011_p1.0.xlsx,Category 1: (a) Weighted mean of all methods with Category 1 estimates.,Phytoplankton,34477.21,166.56,166.56,564.23,1930.43,437.73,"Pagani, M., Huber, M., Liu, Z., Bohaty, S.M., Henderiks, J., Sijp, W., Krishnan, S. and DeConto, R.M., 2011. The role of carbon dioxide during the onset of Antarctic glaciation. Science, 334(6060), (1261-1264).",Pagani 2011,false,1,Category 1: (a) Weighted mean of all methods with Category 1 estimates.,FALSE,true,Recalculation of all alkenone CO2 results using uniform calculation methods and comprehensive treatment of uncertainties.,true,false,FALSE,false,
phytoplankton_pagani_2011_p1.0.xlsx,Category 1: (a) Weighted mean of all methods with Category 1 estimates.,Phytoplankton,35600.14,171.7,171.7,596.95,614.07,379.06,"Pagani, M., Huber, M., Liu, Z., Bohaty, S.M., Henderiks, J., Sijp, W., Krishnan, S. and DeConto, R.M., 2011. The role of carbon dioxide during the onset of Antarctic glaciation. Science, 334(6060), (1261-1264).",Pagani 2011,false,1,Category 1: (a) Weighted mean of all methods with Category 1 estimates.,FALSE,true,Recalculation of all alkenone CO2 results using uniform calculation methods and comprehensive treatment of uncertainties.,true,false,FALSE,false,
phytoplankton_pagani_2011_p1.0.xlsx,Category 1: (a) Weighted mean of all methods with Category 1 estimates.,Phytoplankton,36109.32,174.03,174.03,525.13,552.6,327.08,"Pagani, M., Huber, M., Liu, Z., Bohaty, S.M., Henderiks, J., Sijp, W., Krishnan, S. and DeConto, R.M., 2011. The role of carbon dioxide during the onset of Antarctic glaciation. Science, 334(6060), (1261-1264).",Pagani 2011,false,1,Category 1: (a) Weighted mean of all methods with Category 1 estimates.,FALSE,true,Recalculation of all alkenone CO2 results using uniform calculation methods and comprehensive treatment of uncertainties.,true,false,FALSE,false,
phytoplankton_pagani_2011_p1.0.xlsx,Category 1: (a) Weighted mean of all methods with Category 1 estimates.,Phytoplankton,36608.44,176.31,176.31,578.04,624.03,366.74,"Pagani, M., Huber, M., Liu, Z., Bohaty, S.M., Henderiks, J., Sijp, W., Krishnan, S. and DeConto, R.M., 2011. The role of carbon dioxide during the onset of Antarctic glaciation. Science, 334(6060), (1261-1264).",Pagani 2011,false,1,Category 1: (a) Weighted mean of all methods with Category 1 estimates.,FALSE,true,Recalculation of all alkenone CO2 results using uniform calculation methods and comprehensive treatment of uncertainties.,true,false,FALSE,false,
phytoplankton_pagani_2011_p1.0.xlsx,Category 1: (a) Weighted mean of all methods with Category 1 estimates.,Phytoplankton,37160.77,178.83,178.83,695.42,742.75,445.74,"Pagani, M., Huber, M., Liu, Z., Bohaty, S.M., Henderiks, J., Sijp, W., Krishnan, S. and DeConto, R.M., 2011. The role of carbon dioxide during the onset of Antarctic glaciation. Science, 334(6060), (1261-1264).",Pagani 2011,false,1,Category 1: (a) Weighted mean of all methods with Category 1 estimates.,FALSE,true,Recalculation of all alkenone CO2 results using uniform calculation methods and comprehensive treatment of uncertainties.,true,false,FALSE,false,
phytoplankton_pagani_2011_p1.0.xlsx,Category 1: (a) Weighted mean of all methods with Category 1 estimates.,Phytoplankton,33688.25,162.94,162.94,565.17,1998.97,433.32,"Pagani, M., Huber, M., Liu, Z., Bohaty, S.M., Henderiks, J., Sijp, W., Krishnan, S. and DeConto, R.M., 2011. The role of carbon dioxide during the onset of Antarctic glaciation. Science, 334(6060), (1261-1264).",Pagani 2011,false,1,Category 1: (a) Weighted mean of all methods with Category 1 estimates.,FALSE,true,Recalculation of all alkenone CO2 results using uniform calculation methods and comprehensive treatment of uncertainties.,true,false,FALSE,false,
phytoplankton_zhang_2017_p1.0.xlsx,Category 1: (a) Weighted mean of all methods with Category 1 estimates.,Phytoplankton,4940.96,30,30,341.62,331.37,163.5,"Zhang, Y. G., Pagani, M., Henderiks, J., & Ren, H. (2017). A long history of equatorial deep-water upwelling in the Pacific Ocean. Earth and Planetary Science Letters, 467, 1-9.",Zhang 2017,false,1,Category 1: (a) Weighted mean of all methods with Category 1 estimates.,FALSE,true,Recalculation of all alkenone CO2 results using uniform calculation methods and comprehensive treatment of uncertainties.,true,false,FALSE,false,
phytoplankton_zhang_2017_p1.0.xlsx,Category 1: (a) Weighted mean of all methods with Category 1 estimates.,Phytoplankton,5133.46,40,40,166.94,549.98,128.1,"Zhang, Y. G., Pagani, M., Henderiks, J., & Ren, H. (2017). A long history of equatorial deep-water upwelling in the Pacific Ocean. Earth and Planetary Science Letters, 467, 1-9.",Zhang 2017,false,1,Category 1: (a) Weighted mean of all methods with Category 1 estimates.,FALSE,true,Recalculation of all alkenone CO2 results using uniform calculation methods and comprehensive treatment of uncertainties.,true,false,FALSE,false,
phytoplankton_zhang_2017_p1.0.xlsx,Category 1: (a) Weighted mean of all methods with Category 1 estimates.,Phytoplankton,5262.12,40,40,311.66,297.7,144,"Zhang, Y. G., Pagani, M., Henderiks, J., & Ren, H. (2017). A long history of equatorial deep-water upwelling in the Pacific Ocean. Earth and Planetary Science Letters, 467, 1-9.",Zhang 2017,false,1,Category 1: (a) Weighted mean of all methods with Category 1 estimates.,FALSE,true,Recalculation of all alkenone CO2 results using uniform calculation methods and comprehensive treatment of uncertainties.,true,false,FALSE,false,
phytoplankton_zhang_2017_p1.0.xlsx,Category 1: (a) Weighted mean of all methods with Category 1 estimates.,Phytoplankton,5564.97,29.55,29.55,235.24,201.54,103.18,"Zhang, Y. G., Pagani, M., Henderiks, J., & Ren, H. (2017). A long history of equatorial deep-water upwelling in the Pacific Ocean. Earth and Planetary Science Letters, 467, 1-9.",Zhang 2017,false,1,Category 1: (a) Weighted mean of all methods with Category 1 estimates.,FALSE,true,Recalculation of all alkenone CO2 results using uniform calculation methods and comprehensive treatment of uncertainties.,true,false,FALSE,false,
phytoplankton_zhang_2017_p1.0.xlsx,Category 1: (a) Weighted mean of all methods with Category 1 estimates.,Phytoplankton,5855.39,31.01,31.01,299.68,284.21,136.61,"Zhang, Y. G., Pagani, M., Henderiks, J., & Ren, H. (2017). A long history of equatorial deep-water upwelling in the Pacific Ocean. Earth and Planetary Science Letters, 467, 1-9.",Zhang 2017,false,1,Category 1: (a) Weighted mean of all methods with Category 1 estimates.,FALSE,true,Recalculation of all alkenone CO2 results using uniform calculation methods and comprehensive treatment of uncertainties.,true,false,FALSE,false,
phytoplankton_zhang_2017_p1.0.xlsx,Category 1: (a) Weighted mean of all methods with Category 1 estimates.,Phytoplankton,6034.79,31.91,31.91,243.12,205.83,107.98,"Zhang, Y. G., Pagani, M., Henderiks, J., & Ren, H. (2017). A long history of equatorial deep-water upwelling in the Pacific Ocean. Earth and Planetary Science Letters, 467, 1-9.",Zhang 2017,false,1,Category 1: (a) Weighted mean of all methods with Category 1 estimates.,FALSE,true,Recalculation of all alkenone CO2 results using uniform calculation methods and comprehensive treatment of uncertainties.,true,false,FALSE,false,
phytoplankton_zhang_2017_p1.0.xlsx,Category 1: (a) Weighted mean of all methods with Category 1 estimates.,Phytoplankton,6190.27,32.69,32.69,350.39,346.13,170.51,"Zhang, Y. G., Pagani, M., Henderiks, J., & Ren, H. (2017). A long history of equatorial deep-water upwelling in the Pacific Ocean. Earth and Planetary Science Letters, 467, 1-9.",Zhang 2017,false,1,Category 1: (a) Weighted mean of all methods with Category 1 estimates.,FALSE,true,Recalculation of all alkenone CO2 results using uniform calculation methods and comprehensive treatment of uncertainties.,true,false,FALSE,false,
phytoplankton_zhang_2017_p1.0.xlsx,Category 1: (a) Weighted mean of all methods with Category 1 estimates.,Phytoplankton,6369.67,33.58,33.58,337.2,318.97,160.12,"Zhang, Y. G., Pagani, M., Henderiks, J., & Ren, H. (2017). A long history of equatorial deep-water upwelling in the Pacific Ocean. Earth and Planetary Science Letters, 467, 1-9.",Zhang 2017,false,1,Category 1: (a) Weighted mean of all methods with Category 1 estimates.,FALSE,true,Recalculation of all alkenone CO2 results using uniform calculation methods and comprehensive treatment of uncertainties.,true,false,FALSE,false,
phytoplankton_zhang_2017_p1.0.xlsx,Category 1: (a) Weighted mean of all methods with Category 1 estimates.,Phytoplankton,6525.15,34.36,34.36,160.49,542.01,122.93,"Zhang, Y. G., Pagani, M., Henderiks, J., & Ren, H. (2017). A long history of equatorial deep-water upwelling in the Pacific Ocean. Earth and Planetary Science Letters, 467, 1-9.",Zhang 2017,false,1,Category 1: (a) Weighted mean of all methods with Category 1 estimates.,FALSE,true,Recalculation of all alkenone CO2 results using uniform calculation methods and comprehensive treatment of uncertainties.,true,false,FALSE,false,
phytoplankton_badger_2013a_p1.0.xlsx,Category 1: (a) Weighted mean of all methods with Category 1 estimates.,Phytoplankton,2809.96,6,6,202.7,239.7,81.89,"Badger, M.P.S., Schmidt, D.N., Machensen, A., Pancost, R.D. (2013) High-resolution alkenone palaeobarometry indicates relatively stable pCO2 during the Pliocene (3.3–2.8 Ma). Phil Trans R Soc A 371: 20130094. doi: 10.1098/rsta.2013.0094.",Badger 2013a,false,1,Category 1: (a) Weighted mean of all methods with Category 1 estimates.,FALSE,true,Recalculation of all alkenone CO2 results using uniform calculation methods and comprehensive treatment of uncertainties.,true,false,FALSE,false,
phytoplankton_badger_2013a_p1.0.xlsx,Category 1: (a) Weighted mean of all methods with Category 1 estimates.,Phytoplankton,2851.5,6,6,252.44,209.95,104.82,"Badger, M.P.S., Schmidt, D.N., Machensen, A., Pancost, R.D. (2013) High-resolution alkenone palaeobarometry indicates relatively stable pCO2 during the Pliocene (3.3–2.8 Ma). Phil Trans R Soc A 371: 20130094. doi: 10.1098/rsta.2013.0094.",Badger 2013a,false,1,Category 1: (a) Weighted mean of all methods with Category 1 estimates.,FALSE,true,Recalculation of all alkenone CO2 results using uniform calculation methods and comprehensive treatment of uncertainties.,true,false,FALSE,false,
phytoplankton_badger_2013a_p1.0.xlsx,Category 1: (a) Weighted mean of all methods with Category 1 estimates.,Phytoplankton,2861.6,6,6,217.39,265.69,90.6,"Badger, M.P.S., Schmidt, D.N., Machensen, A., Pancost, R.D. (2013) High-resolution alkenone palaeobarometry indicates relatively stable pCO2 during the Pliocene (3.3–2.8 Ma). Phil Trans R Soc A 371: 20130094. doi: 10.1098/rsta.2013.0094.",Badger 2013a,false,1,Category 1: (a) Weighted mean of all methods with Category 1 estimates.,FALSE,true,Recalculation of all alkenone CO2 results using uniform calculation methods and comprehensive treatment of uncertainties.,true,false,FALSE,false,
phytoplankton_badger_2013a_p1.0.xlsx,Category 1: (a) Weighted mean of all methods with Category 1 estimates.,Phytoplankton,2901.63,6,6,151.56,527.84,115.58,"Badger, M.P.S., Schmidt, D.N., Machensen, A., Pancost, R.D. (2013) High-resolution alkenone palaeobarometry indicates relatively stable pCO2 during the Pliocene (3.3–2.8 Ma). Phil Trans R Soc A 371: 20130094. doi: 10.1098/rsta.2013.0094.",Badger 2013a,false,1,Category 1: (a) Weighted mean of all methods with Category 1 estimates.,FALSE,true,Recalculation of all alkenone CO2 results using uniform calculation methods and comprehensive treatment of uncertainties.,true,false,FALSE,false,
phytoplankton_badger_2013a_p1.0.xlsx,Category 1: (a) Weighted mean of all methods with Category 1 estimates.,Phytoplankton,2917.37,6,6,189.88,217.21,74.47,"Badger, M.P.S., Schmidt, D.N., Machensen, A., Pancost, R.D. (2013) High-resolution alkenone palaeobarometry indicates relatively stable pCO2 during the Pliocene (3.3–2.8 Ma). Phil Trans R Soc A 371: 20130094. doi: 10.1098/rsta.2013.0094.",Badger 2013a,false,1,Category 1: (a) Weighted mean of all methods with Category 1 estimates.,FALSE,true,Recalculation of all alkenone CO2 results using uniform calculation methods and comprehensive treatment of uncertainties.,true,false,FALSE,false,
phytoplankton_badger_2013a_p1.0.xlsx,Category 1: (a) Weighted mean of all methods with Category 1 estimates.,Phytoplankton,2926.7,6,6,151.31,514.56,114.82,"Badger, M.P.S., Schmidt, D.N., Machensen, A., Pancost, R.D. (2013) High-resolution alkenone palaeobarometry indicates relatively stable pCO2 during the Pliocene (3.3–2.8 Ma). Phil Trans R Soc A 371: 20130094. doi: 10.1098/rsta.2013.0094.",Badger 2013a,false,1,Category 1: (a) Weighted mean of all methods with Category 1 estimates.,FALSE,true,Recalculation of all alkenone CO2 results using uniform calculation methods and comprehensive treatment of uncertainties.,true,false,FALSE,false,
phytoplankton_badger_2013a_p1.0.xlsx,Category 1: (a) Weighted mean of all methods with Category 1 estimates.,Phytoplankton,2943.64,6,6,287.33,249.8,126.25,"Badger, M.P.S., Schmidt, D.N., Machensen, A., Pancost, R.D. (2013) High-resolution alkenone palaeobarometry indicates relatively stable pCO2 during the Pliocene (3.3–2.8 Ma). Phil Trans R Soc A 371: 20130094. doi: 10.1098/rsta.2013.0094.",Badger 2013a,false,1,Category 1: (a) Weighted mean of all methods with Category 1 estimates.,FALSE,true,Recalculation of all alkenone CO2 results using uniform calculation methods and comprehensive treatment of uncertainties.,true,false,FALSE,false,
phytoplankton_badger_2013a_p1.0.xlsx,Category 1: (a) Weighted mean of all methods with Category 1 estimates.,Phytoplankton,2980.7,6,6,145.74,517.59,110.28,"Badger, M.P.S., Schmidt, D.N., Machensen, A., Pancost, R.D. (2013) High-resolution alkenone palaeobarometry indicates relatively stable pCO2 during the Pliocene (3.3–2.8 Ma). Phil Trans R Soc A 371: 20130094. doi: 10.1098/rsta.2013.0094.",Badger 2013a,false,1,Category 1: (a) Weighted mean of all methods with Category 1 estimates.,FALSE,true,Recalculation of all alkenone CO2 results using uniform calculation methods and comprehensive treatment of uncertainties.,true,false,FALSE,false,
phytoplankton_badger_2013a_p1.0.xlsx,Category 1: (a) Weighted mean of all methods with Category 1 estimates.,Phytoplankton,3002.19,15,15,144.37,483.39,110.73,"Badger, M.P.S., Schmidt, D.N., Machensen, A., Pancost, R.D. (2013) High-resolution alkenone palaeobarometry indicates relatively stable pCO2 during the Pliocene (3.3–2.8 Ma). Phil Trans R Soc A 371: 20130094. doi: 10.1098/rsta.2013.0094.",Badger 2013a,false,1,Category 1: (a) Weighted mean of all methods with Category 1 estimates.,FALSE,true,Recalculation of all alkenone CO2 results using uniform calculation methods and comprehensive treatment of uncertainties.,true,false,FALSE,false,
phytoplankton_badger_2013a_p1.0.xlsx,Category 1: (a) Weighted mean of all methods with Category 1 estimates.,Phytoplankton,3016.18,15,15,149.03,510,113.87,"Badger, M.P.S., Schmidt, D.N., Machensen, A., Pancost, R.D. (2013) High-resolution alkenone palaeobarometry indicates relatively stable pCO2 during the Pliocene (3.3–2.8 Ma). Phil Trans R Soc A 371: 20130094. doi: 10.1098/rsta.2013.0094.",Badger 2013a,false,1,Category 1: (a) Weighted mean of all methods with Category 1 estimates.,FALSE,true,Recalculation of all alkenone CO2 results using uniform calculation methods and comprehensive treatment of uncertainties.,true,false,FALSE,false,
phytoplankton_badger_2013a_p1.0.xlsx,Category 1: (a) Weighted mean of all methods with Category 1 estimates.,Phytoplankton,3034.14,15,15,147.82,526.23,114.29,"Badger, M.P.S., Schmidt, D.N., Machensen, A., Pancost, R.D. (2013) High-resolution alkenone palaeobarometry indicates relatively stable pCO2 during the Pliocene (3.3–2.8 Ma). Phil Trans R Soc A 371: 20130094. doi: 10.1098/rsta.2013.0094.",Badger 2013a,false,1,Category 1: (a) Weighted mean of all methods with Category 1 estimates.,FALSE,true,Recalculation of all alkenone CO2 results using uniform calculation methods and comprehensive treatment of uncertainties.,true,false,FALSE,false,
phytoplankton_badger_2013a_p1.0.xlsx,Category 1: (a) Weighted mean of all methods with Category 1 estimates.,Phytoplankton,3069.14,15,15,198.36,221.7,78.56,"Badger, M.P.S., Schmidt, D.N., Machensen, A., Pancost, R.D. (2013) High-resolution alkenone palaeobarometry indicates relatively stable pCO2 during the Pliocene (3.3–2.8 Ma). Phil Trans R Soc A 371: 20130094. doi: 10.1098/rsta.2013.0094.",Badger 2013a,false,1,Category 1: (a) Weighted mean of all methods with Category 1 estimates.,FALSE,true,Recalculation of all alkenone CO2 results using uniform calculation methods and comprehensive treatment of uncertainties.,true,false,FALSE,false,
phytoplankton_badger_2013a_p1.0.xlsx,Category 1: (a) Weighted mean of all methods with Category 1 estimates.,Phytoplankton,3087.17,15,15,143.77,496.05,109.11,"Badger, M.P.S., Schmidt, D.N., Machensen, A., Pancost, R.D. (2013) High-resolution alkenone palaeobarometry indicates relatively stable pCO2 during the Pliocene (3.3–2.8 Ma). Phil Trans R Soc A 371: 20130094. doi: 10.1098/rsta.2013.0094.",Badger 2013a,false,1,Category 1: (a) Weighted mean of all methods with Category 1 estimates.,FALSE,true,Recalculation of all alkenone CO2 results using uniform calculation methods and comprehensive treatment of uncertainties.,true,false,FALSE,false,
phytoplankton_badger_2013a_p1.0.xlsx,Category 1: (a) Weighted mean of all methods with Category 1 estimates.,Phytoplankton,3096.3,15,15,154.23,522.97,118.29,"Badger, M.P.S., Schmidt, D.N., Machensen, A., Pancost, R.D. (2013) High-resolution alkenone palaeobarometry indicates relatively stable pCO2 during the Pliocene (3.3–2.8 Ma). Phil Trans R Soc A 371: 20130094. doi: 10.1098/rsta.2013.0094.",Badger 2013a,false,1,Category 1: (a) Weighted mean of all methods with Category 1 estimates.,FALSE,true,Recalculation of all alkenone CO2 results using uniform calculation methods and comprehensive treatment of uncertainties.,true,false,FALSE,false,
phytoplankton_badger_2013a_p1.0.xlsx,Category 1: (a) Weighted mean of all methods with Category 1 estimates.,Phytoplankton,3106.12,15,15,152.3,523.69,115.77,"Badger, M.P.S., Schmidt, D.N., Machensen, A., Pancost, R.D. (2013) High-resolution alkenone palaeobarometry indicates relatively stable pCO2 during the Pliocene (3.3–2.8 Ma). Phil Trans R Soc A 371: 20130094. doi: 10.1098/rsta.2013.0094.",Badger 2013a,false,1,Category 1: (a) Weighted mean of all methods with Category 1 estimates.,FALSE,true,Recalculation of all alkenone CO2 results using uniform calculation methods and comprehensive treatment of uncertainties.,true,false,FALSE,false,
phytoplankton_badger_2013a_p1.0.xlsx,Category 1: (a) Weighted mean of all methods with Category 1 estimates.,Phytoplankton,3130.44,15,15,152.48,494.95,116.45,"Badger, M.P.S., Schmidt, D.N., Machensen, A., Pancost, R.D. (2013) High-resolution alkenone palaeobarometry indicates relatively stable pCO2 during the Pliocene (3.3–2.8 Ma). Phil Trans R Soc A 371: 20130094. doi: 10.1098/rsta.2013.0094.",Badger 2013a,false,1,Category 1: (a) Weighted mean of all methods with Category 1 estimates.,FALSE,true,Recalculation of all alkenone CO2 results using uniform calculation methods and comprehensive treatment of uncertainties.,true,false,FALSE,false,
phytoplankton_badger_2013a_p1.0.xlsx,Category 1: (a) Weighted mean of all methods with Category 1 estimates.,Phytoplankton,3160.57,15,15,184.13,204.98,72.12,"Badger, M.P.S., Schmidt, D.N., Machensen, A., Pancost, R.D. (2013) High-resolution alkenone palaeobarometry indicates relatively stable pCO2 during the Pliocene (3.3–2.8 Ma). Phil Trans R Soc A 371: 20130094. doi: 10.1098/rsta.2013.0094.",Badger 2013a,false,1,Category 1: (a) Weighted mean of all methods with Category 1 estimates.,FALSE,true,Recalculation of all alkenone CO2 results using uniform calculation methods and comprehensive treatment of uncertainties.,true,false,FALSE,false,
phytoplankton_badger_2013a_p1.0.xlsx,Category 1: (a) Weighted mean of all methods with Category 1 estimates.,Phytoplankton,3181.4,15,15,146.3,501.71,112.93,"Badger, M.P.S., Schmidt, D.N., Machensen, A., Pancost, R.D. (2013) High-resolution alkenone palaeobarometry indicates relatively stable pCO2 during the Pliocene (3.3–2.8 Ma). Phil Trans R Soc A 371: 20130094. doi: 10.1098/rsta.2013.0094.",Badger 2013a,false,1,Category 1: (a) Weighted mean of all methods with Category 1 estimates.,FALSE,true,Recalculation of all alkenone CO2 results using uniform calculation methods and comprehensive treatment of uncertainties.,true,false,FALSE,false,
phytoplankton_badger_2013a_p1.0.xlsx,Category 1: (a) Weighted mean of all methods with Category 1 estimates.,Phytoplankton,3189.9,15,15,153.74,525.76,117.98,"Badger, M.P.S., Schmidt, D.N., Machensen, A., Pancost, R.D. (2013) High-resolution alkenone palaeobarometry indicates relatively stable pCO2 during the Pliocene (3.3–2.8 Ma). Phil Trans R Soc A 371: 20130094. doi: 10.1098/rsta.2013.0094.",Badger 2013a,false,1,Category 1: (a) Weighted mean of all methods with Category 1 estimates.,FALSE,true,Recalculation of all alkenone CO2 results using uniform calculation methods and comprehensive treatment of uncertainties.,true,false,FALSE,false,
phytoplankton_badger_2013a_p1.0.xlsx,Category 1: (a) Weighted mean of all methods with Category 1 estimates.,Phytoplankton,3199.99,15,15,152.7,524.82,116.53,"Badger, M.P.S., Schmidt, D.N., Machensen, A., Pancost, R.D. (2013) High-resolution alkenone palaeobarometry indicates relatively stable pCO2 during the Pliocene (3.3–2.8 Ma). Phil Trans R Soc A 371: 20130094. doi: 10.1098/rsta.2013.0094.",Badger 2013a,false,1,Category 1: (a) Weighted mean of all methods with Category 1 estimates.,FALSE,true,Recalculation of all alkenone CO2 results using uniform calculation methods and comprehensive treatment of uncertainties.,true,false,FALSE,false,
phytoplankton_badger_2013a_p1.0.xlsx,Category 1: (a) Weighted mean of all methods with Category 1 estimates.,Phytoplankton,3209.23,15,15,150.15,499.37,114.8,"Badger, M.P.S., Schmidt, D.N., Machensen, A., Pancost, R.D. (2013) High-resolution alkenone palaeobarometry indicates relatively stable pCO2 during the Pliocene (3.3–2.8 Ma). Phil Trans R Soc A 371: 20130094. doi: 10.1098/rsta.2013.0094.",Badger 2013a,false,1,Category 1: (a) Weighted mean of all methods with Category 1 estimates.,FALSE,true,Recalculation of all alkenone CO2 results using uniform calculation methods and comprehensive treatment of uncertainties.,true,false,FALSE,false,
phytoplankton_badger_2013a_p1.0.xlsx,Category 1: (a) Weighted mean of all methods with Category 1 estimates.,Phytoplankton,3220.12,15,15,149.22,510.34,114.32,"Badger, M.P.S., Schmidt, D.N., Machensen, A., Pancost, R.D. (2013) High-resolution alkenone palaeobarometry indicates relatively stable pCO2 during the Pliocene (3.3–2.8 Ma). Phil Trans R Soc A 371: 20130094. doi: 10.1098/rsta.2013.0094.",Badger 2013a,false,1,Category 1: (a) Weighted mean of all methods with Category 1 estimates.,FALSE,true,Recalculation of all alkenone CO2 results using uniform calculation methods and comprehensive treatment of uncertainties.,true,false,FALSE,false,
phytoplankton_badger_2013a_p1.0.xlsx,Category 1: (a) Weighted mean of all methods with Category 1 estimates.,Phytoplankton,3243.33,15,15,153.14,528.77,116.48,"Badger, M.P.S., Schmidt, D.N., Machensen, A., Pancost, R.D. (2013) High-resolution alkenone palaeobarometry indicates relatively stable pCO2 during the Pliocene (3.3–2.8 Ma). Phil Trans R Soc A 371: 20130094. doi: 10.1098/rsta.2013.0094.",Badger 2013a,false,1,Category 1: (a) Weighted mean of all methods with Category 1 estimates.,FALSE,true,Recalculation of all alkenone CO2 results using uniform calculation methods and comprehensive treatment of uncertainties.,true,false,FALSE,false,
phytoplankton_badger_2013a_p1.0.xlsx,Category 1: (a) Weighted mean of all methods with Category 1 estimates.,Phytoplankton,3259.75,15,15,151.66,504.39,116.94,"Badger, M.P.S., Schmidt, D.N., Machensen, A., Pancost, R.D. (2013) High-resolution alkenone palaeobarometry indicates relatively stable pCO2 during the Pliocene (3.3–2.8 Ma). Phil Trans R Soc A 371: 20130094. doi: 10.1098/rsta.2013.0094.",Badger 2013a,false,1,Category 1: (a) Weighted mean of all methods with Category 1 estimates.,FALSE,true,Recalculation of all alkenone CO2 results using uniform calculation methods and comprehensive treatment of uncertainties.,true,false,FALSE,false,
phytoplankton_badger_2013a_p1.0.xlsx,Category 1: (a) Weighted mean of all methods with Category 1 estimates.,Phytoplankton,3267.1,15,15,147.64,497.03,112.98,"Badger, M.P.S., Schmidt, D.N., Machensen, A., Pancost, R.D. (2013) High-resolution alkenone palaeobarometry indicates relatively stable pCO2 during the Pliocene (3.3–2.8 Ma). Phil Trans R Soc A 371: 20130094. doi: 10.1098/rsta.2013.0094.",Badger 2013a,false,1,Category 1: (a) Weighted mean of all methods with Category 1 estimates.,FALSE,true,Recalculation of all alkenone CO2 results using uniform calculation methods and comprehensive treatment of uncertainties.,true,false,FALSE,false,
phytoplankton_badger_2013a_p1.0.xlsx,Category 1: (a) Weighted mean of all methods with Category 1 estimates.,Phytoplankton,3275.26,15,15,145.67,491.77,110.93,"Badger, M.P.S., Schmidt, D.N., Machensen, A., Pancost, R.D. (2013) High-resolution alkenone palaeobarometry indicates relatively stable pCO2 during the Pliocene (3.3–2.8 Ma). Phil Trans R Soc A 371: 20130094. doi: 10.1098/rsta.2013.0094.",Badger 2013a,false,1,Category 1: (a) Weighted mean of all methods with Category 1 estimates.,FALSE,true,Recalculation of all alkenone CO2 results using uniform calculation methods and comprehensive treatment of uncertainties.,true,false,FALSE,false,
phytoplankton_badger_2013a_p1.0.xlsx,Category 1: (a) Weighted mean of all methods with Category 1 estimates.,Phytoplankton,3286.75,15,15,154.48,518.43,115.91,"Badger, M.P.S., Schmidt, D.N., Machensen, A., Pancost, R.D. (2013) High-resolution alkenone palaeobarometry indicates relatively stable pCO2 during the Pliocene (3.3–2.8 Ma). Phil Trans R Soc A 371: 20130094. doi: 10.1098/rsta.2013.0094.",Badger 2013a,false,1,Category 1: (a) Weighted mean of all methods with Category 1 estimates.,FALSE,true,Recalculation of all alkenone CO2 results using uniform calculation methods and comprehensive treatment of uncertainties.,true,false,FALSE,false,
phytoplankton_rae_2021_p1.0.xlsx,Category 1: (a) Weighted mean of all methods with Category 1 estimates.,Phytoplankton,95.57,4,4,194.11,306.33,105.86,"Rae, J.W., Zhang, Y.G., Liu, X., Foster, G.L., Stoll, H.M. and Whiteford, R.D., 2021. Atmospheric CO2 over the Past 66 Million Years from Marine Archives. Annual Review of Earth and Planetary Sciences, 49.",Rae 2021,false,1,Category 1: (a) Weighted mean of all methods with Category 1 estimates.,FALSE,true,Recalculation of all alkenone CO2 results using uniform calculation methods and comprehensive treatment of uncertainties.,true,false,FALSE,false,
phytoplankton_rae_2021_p1.0.xlsx,Category 1: (a) Weighted mean of all methods with Category 1 estimates.,Phytoplankton,215.29,4,4,211.5,326.3,114.79,"Rae, J.W., Zhang, Y.G., Liu, X., Foster, G.L., Stoll, H.M. and Whiteford, R.D., 2021. Atmospheric CO2 over the Past 66 Million Years from Marine Archives. Annual Review of Earth and Planetary Sciences, 49.",Rae 2021,false,1,Category 1: (a) Weighted mean of all methods with Category 1 estimates.,FALSE,true,Recalculation of all alkenone CO2 results using uniform calculation methods and comprehensive treatment of uncertainties.,true,false,FALSE,false,
phytoplankton_rae_2021_p1.0.xlsx,Category 1: (a) Weighted mean of all methods with Category 1 estimates.,Phytoplankton,448.77,4,4,250.9,431.62,139.44,"Rae, J.W., Zhang, Y.G., Liu, X., Foster, G.L., Stoll, H.M. and Whiteford, R.D., 2021. Atmospheric CO2 over the Past 66 Million Years from Marine Archives. Annual Review of Earth and Planetary Sciences, 49.",Rae 2021,false,1,Category 1: (a) Weighted mean of all methods with Category 1 estimates.,FALSE,true,Recalculation of all alkenone CO2 results using uniform calculation methods and comprehensive treatment of uncertainties.,true,false,FALSE,false,
phytoplankton_rae_2021_p1.0.xlsx,Category 1: (a) Weighted mean of all methods with Category 1 estimates.,Phytoplankton,645.06,4,4,233.83,403.62,129.03,"Rae, J.W., Zhang, Y.G., Liu, X., Foster, G.L., Stoll, H.M. and Whiteford, R.D., 2021. Atmospheric CO2 over the Past 66 Million Years from Marine Archives. Annual Review of Earth and Planetary Sciences, 49.",Rae 2021,false,1,Category 1: (a) Weighted mean of all methods with Category 1 estimates.,FALSE,true,Recalculation of all alkenone CO2 results using uniform calculation methods and comprehensive treatment of uncertainties.,true,false,FALSE,false,
phytoplankton_rae_2021_p1.0.xlsx,Category 1: (a) Weighted mean of all methods with Category 1 estimates.,Phytoplankton,720.15,4,4,221.82,366.85,120.87,"Rae, J.W., Zhang, Y.G., Liu, X., Foster, G.L., Stoll, H.M. and Whiteford, R.D., 2021. Atmospheric CO2 over the Past 66 Million Years from Marine Archives. Annual Review of Earth and Planetary Sciences, 49.",Rae 2021,false,1,Category 1: (a) Weighted mean of all methods with Category 1 estimates.,FALSE,true,Recalculation of all alkenone CO2 results using uniform calculation methods and comprehensive treatment of uncertainties.,true,false,FALSE,false,
phytoplankton_rae_2021_p1.0.xlsx,Category 1: (a) Weighted mean of all methods with Category 1 estimates.,Phytoplankton,776.92,4,4,190.21,299.64,103.82,"Rae, J.W., Zhang, Y.G., Liu, X., Foster, G.L., Stoll, H.M. and Whiteford, R.D., 2021. Atmospheric CO2 over the Past 66 Million Years from Marine Archives. Annual Review of Earth and Planetary Sciences, 49.",Rae 2021,false,1,Category 1: (a) Weighted mean of all methods with Category 1 estimates.,FALSE,true,Recalculation of all alkenone CO2 results using uniform calculation methods and comprehensive treatment of uncertainties.,true,false,FALSE,false,
phytoplankton_rae_2021_p1.0.xlsx,Category 1: (a) Weighted mean of all methods with Category 1 estimates.,Phytoplankton,823.86,4,4,304.72,568.55,170.1,"Rae, J.W., Zhang, Y.G., Liu, X., Foster, G.L., Stoll, H.M. and Whiteford, R.D., 2021. Atmospheric CO2 over the Past 66 Million Years from Marine Archives. Annual Review of Earth and Planetary Sciences, 49.",Rae 2021,false,1,Category 1: (a) Weighted mean of all methods with Category 1 estimates.,FALSE,true,Recalculation of all alkenone CO2 results using uniform calculation methods and comprehensive treatment of uncertainties.,true,false,FALSE,false,
phytoplankton_rae_2021_p1.0.xlsx,Category 1: (a) Weighted mean of all methods with Category 1 estimates.,Phytoplankton,855.15,4,4,210.41,342.78,116.94,"Rae, J.W., Zhang, Y.G., Liu, X., Foster, G.L., Stoll, H.M. and Whiteford, R.D., 2021. Atmospheric CO2 over the Past 66 Million Years from Marine Archives. Annual Review of Earth and Planetary Sciences, 49.",Rae 2021,false,1,Category 1: (a) Weighted mean of all methods with Category 1 estimates.,FALSE,true,Recalculation of all alkenone CO2 results using uniform calculation methods and comprehensive treatment of uncertainties.,true,false,FALSE,false,
phytoplankton_rae_2021_p1.0.xlsx,Category 1: (a) Weighted mean of all methods with Category 1 estimates.,Phytoplankton,926.67,4,4,249.86,438.1,138.68,"Rae, J.W., Zhang, Y.G., Liu, X., Foster, G.L., Stoll, H.M. and Whiteford, R.D., 2021. Atmospheric CO2 over the Past 66 Million Years from Marine Archives. Annual Review of Earth and Planetary Sciences, 49.",Rae 2021,false,1,Category 1: (a) Weighted mean of all methods with Category 1 estimates.,FALSE,true,Recalculation of all alkenone CO2 results using uniform calculation methods and comprehensive treatment of uncertainties.,true,false,FALSE,false,
phytoplankton_rae_2021_p1.0.xlsx,Category 1: (a) Weighted mean of all methods with Category 1 estimates.,Phytoplankton,998.19,4,4,288.71,540.07,164.19,"Rae, J.W., Zhang, Y.G., Liu, X., Foster, G.L., Stoll, H.M. and Whiteford, R.D., 2021. Atmospheric CO2 over the Past 66 Million Years from Marine Archives. Annual Review of Earth and Planetary Sciences, 49.",Rae 2021,false,1,Category 1: (a) Weighted mean of all methods with Category 1 estimates.,FALSE,true,Recalculation of all alkenone CO2 results using uniform calculation methods and comprehensive treatment of uncertainties.,true,false,FALSE,false,
phytoplankton_rae_2021_p1.0.xlsx,Category 1: (a) Weighted mean of all methods with Category 1 estimates.,Phytoplankton,1051.83,6,6,234.54,403.91,129.15,"Rae, J.W., Zhang, Y.G., Liu, X., Foster, G.L., Stoll, H.M. and Whiteford, R.D., 2021. Atmospheric CO2 over the Past 66 Million Years from Marine Archives. Annual Review of Earth and Planetary Sciences, 49.",Rae 2021,false,1,Category 1: (a) Weighted mean of all methods with Category 1 estimates.,FALSE,true,Recalculation of all alkenone CO2 results using uniform calculation methods and comprehensive treatment of uncertainties.,true,false,FALSE,false,
phytoplankton_rae_2021_p1.0.xlsx,Category 1: (a) Weighted mean of all methods with Category 1 estimates.,Phytoplankton,1123.35,6,6,209.52,357.93,116.3,"Rae, J.W., Zhang, Y.G., Liu, X., Foster, G.L., Stoll, H.M. and Whiteford, R.D., 2021. Atmospheric CO2 over the Past 66 Million Years from Marine Archives. Annual Review of Earth and Planetary Sciences, 49.",Rae 2021,false,1,Category 1: (a) Weighted mean of all methods with Category 1 estimates.,FALSE,true,Recalculation of all alkenone CO2 results using uniform calculation methods and comprehensive treatment of uncertainties.,true,false,FALSE,false,
phytoplankton_rae_2021_p1.0.xlsx,Category 1: (a) Weighted mean of all methods with Category 1 estimates.,Phytoplankton,1179.22,6,6,274.65,513.34,157.14,"Rae, J.W., Zhang, Y.G., Liu, X., Foster, G.L., Stoll, H.M. and Whiteford, R.D., 2021. Atmospheric CO2 over the Past 66 Million Years from Marine Archives. Annual Review of Earth and Planetary Sciences, 49.",Rae 2021,false,1,Category 1: (a) Weighted mean of all methods with Category 1 estimates.,FALSE,true,Recalculation of all alkenone CO2 results using uniform calculation methods and comprehensive treatment of uncertainties.,true,false,FALSE,false,
phytoplankton_rae_2021_p1.0.xlsx,Category 1: (a) Weighted mean of all methods with Category 1 estimates.,Phytoplankton,1190.4,6,6,258.19,462.05,143.68,"Rae, J.W., Zhang, Y.G., Liu, X., Foster, G.L., Stoll, H.M. and Whiteford, R.D., 2021. Atmospheric CO2 over the Past 66 Million Years from Marine Archives. Annual Review of Earth and Planetary Sciences, 49.",Rae 2021,false,1,Category 1: (a) Weighted mean of all methods with Category 1 estimates.,FALSE,true,Recalculation of all alkenone CO2 results using uniform calculation methods and comprehensive treatment of uncertainties.,true,false,FALSE,false,
phytoplankton_rae_2021_p1.0.xlsx,Category 1: (a) Weighted mean of all methods with Category 1 estimates.,Phytoplankton,1219.45,6,6,317.63,616.46,177.52,"Rae, J.W., Zhang, Y.G., Liu, X., Foster, G.L., Stoll, H.M. and Whiteford, R.D., 2021. Atmospheric CO2 over the Past 66 Million Years from Marine Archives. Annual Review of Earth and Planetary Sciences, 49.",Rae 2021,false,1,Category 1: (a) Weighted mean of all methods with Category 1 estimates.,FALSE,true,Recalculation of all alkenone CO2 results using uniform calculation methods and comprehensive treatment of uncertainties.,true,false,FALSE,false,
phytoplankton_rae_2021_p1.0.xlsx,Category 1: (a) Weighted mean of all methods with Category 1 estimates.,Phytoplankton,1234.2,6,6,290.59,536.53,161.2,"Rae, J.W., Zhang, Y.G., Liu, X., Foster, G.L., Stoll, H.M. and Whiteford, R.D., 2021. Atmospheric CO2 over the Past 66 Million Years from Marine Archives. Annual Review of Earth and Planetary Sciences, 49.",Rae 2021,false,1,Category 1: (a) Weighted mean of all methods with Category 1 estimates.,FALSE,true,Recalculation of all alkenone CO2 results using uniform calculation methods and comprehensive treatment of uncertainties.,true,false,FALSE,false,
phytoplankton_rae_2021_p1.0.xlsx,Category 1: (a) Weighted mean of all methods with Category 1 estimates.,Phytoplankton,1250.74,6,6,278.51,494.78,156.34,"Rae, J.W., Zhang, Y.G., Liu, X., Foster, G.L., Stoll, H.M. and Whiteford, R.D., 2021. Atmospheric CO2 over the Past 66 Million Years from Marine Archives. Annual Review of Earth and Planetary Sciences, 49.",Rae 2021,false,1,Category 1: (a) Weighted mean of all methods with Category 1 estimates.,FALSE,true,Recalculation of all alkenone CO2 results using uniform calculation methods and comprehensive treatment of uncertainties.,true,false,FALSE,false,
phytoplankton_rae_2021_p1.0.xlsx,Category 1: (a) Weighted mean of all methods with Category 1 estimates.,Phytoplankton,1268.62,6,6,266.71,503.1,150.41,"Rae, J.W., Zhang, Y.G., Liu, X., Foster, G.L., Stoll, H.M. and Whiteford, R.D., 2021. Atmospheric CO2 over the Past 66 Million Years from Marine Archives. Annual Review of Earth and Planetary Sciences, 49.",Rae 2021,false,1,Category 1: (a) Weighted mean of all methods with Category 1 estimates.,FALSE,true,Recalculation of all alkenone CO2 results using uniform calculation methods and comprehensive treatment of uncertainties.,true,false,FALSE,false,
phytoplankton_rae_2021_p1.0.xlsx,Category 1: (a) Weighted mean of all methods with Category 1 estimates.,Phytoplankton,1317.79,6,6,270.46,464.82,150.52,"Rae, J.W., Zhang, Y.G., Liu, X., Foster, G.L., Stoll, H.M. and Whiteford, R.D., 2021. Atmospheric CO2 over the Past 66 Million Years from Marine Archives. Annual Review of Earth and Planetary Sciences, 49.",Rae 2021,false,1,Category 1: (a) Weighted mean of all methods with Category 1 estimates.,FALSE,true,Recalculation of all alkenone CO2 results using uniform calculation methods and comprehensive treatment of uncertainties.,true,false,FALSE,false,
phytoplankton_rae_2021_p1.0.xlsx,Category 1: (a) Weighted mean of all methods with Category 1 estimates.,Phytoplankton,1655.28,6,6,252.5,439.54,139.91,"Rae, J.W., Zhang, Y.G., Liu, X., Foster, G.L., Stoll, H.M. and Whiteford, R.D., 2021. Atmospheric CO2 over the Past 66 Million Years from Marine Archives. Annual Review of Earth and Planetary Sciences, 49.",Rae 2021,false,1,Category 1: (a) Weighted mean of all methods with Category 1 estimates.,FALSE,true,Recalculation of all alkenone CO2 results using uniform calculation methods and comprehensive treatment of uncertainties.,true,false,FALSE,false,
phytoplankton_rae_2021_p1.0.xlsx,Category 1: (a) Weighted mean of all methods with Category 1 estimates.,Phytoplankton,1749.25,6,6,255.61,449.31,141.36,"Rae, J.W., Zhang, Y.G., Liu, X., Foster, G.L., Stoll, H.M. and Whiteford, R.D., 2021. Atmospheric CO2 over the Past 66 Million Years from Marine Archives. Annual Review of Earth and Planetary Sciences, 49.",Rae 2021,false,1,Category 1: (a) Weighted mean of all methods with Category 1 estimates.,FALSE,true,Recalculation of all alkenone CO2 results using uniform calculation methods and comprehensive treatment of uncertainties.,true,false,FALSE,false,
phytoplankton_rae_2021_p1.0.xlsx,Category 1: (a) Weighted mean of all methods with Category 1 estimates.,Phytoplankton,1800.35,6,6,252.16,449.3,142.28,"Rae, J.W., Zhang, Y.G., Liu, X., Foster, G.L., Stoll, H.M. and Whiteford, R.D., 2021. Atmospheric CO2 over the Past 66 Million Years from Marine Archives. Annual Review of Earth and Planetary Sciences, 49.",Rae 2021,false,1,Category 1: (a) Weighted mean of all methods with Category 1 estimates.,FALSE,true,Recalculation of all alkenone CO2 results using uniform calculation methods and comprehensive treatment of uncertainties.,true,false,FALSE,false,
phytoplankton_rae_2021_p1.0.xlsx,Category 1: (a) Weighted mean of all methods with Category 1 estimates.,Phytoplankton,1854.14,6,6,287.61,544.33,160.7,"Rae, J.W., Zhang, Y.G., Liu, X., Foster, G.L., Stoll, H.M. and Whiteford, R.D., 2021. Atmospheric CO2 over the Past 66 Million Years from Marine Archives. Annual Review of Earth and Planetary Sciences, 49.",Rae 2021,false,1,Category 1: (a) Weighted mean of all methods with Category 1 estimates.,FALSE,true,Recalculation of all alkenone CO2 results using uniform calculation methods and comprehensive treatment of uncertainties.,true,false,FALSE,false,
phytoplankton_rae_2021_p1.0.xlsx,Category 1: (a) Weighted mean of all methods with Category 1 estimates.,Phytoplankton,1907.93,6,6,299.39,548.38,170.72,"Rae, J.W., Zhang, Y.G., Liu, X., Foster, G.L., Stoll, H.M. and Whiteford, R.D., 2021. Atmospheric CO2 over the Past 66 Million Years from Marine Archives. Annual Review of Earth and Planetary Sciences, 49.",Rae 2021,false,1,Category 1: (a) Weighted mean of all methods with Category 1 estimates.,FALSE,true,Recalculation of all alkenone CO2 results using uniform calculation methods and comprehensive treatment of uncertainties.,true,false,FALSE,false,
phytoplankton_rae_2021_p1.0.xlsx,Category 1: (a) Weighted mean of all methods with Category 1 estimates.,Phytoplankton,1992.69,6,6,302.23,532.52,173,"Rae, J.W., Zhang, Y.G., Liu, X., Foster, G.L., Stoll, H.M. and Whiteford, R.D., 2021. Atmospheric CO2 over the Past 66 Million Years from Marine Archives. Annual Review of Earth and Planetary Sciences, 49.",Rae 2021,false,1,Category 1: (a) Weighted mean of all methods with Category 1 estimates.,FALSE,true,Recalculation of all alkenone CO2 results using uniform calculation methods and comprehensive treatment of uncertainties.,true,false,FALSE,false,
phytoplankton_rae_2021_p1.0.xlsx,Category 1: (a) Weighted mean of all methods with Category 1 estimates.,Phytoplankton,2226.91,6,6,302.8,576.87,173.75,"Rae, J.W., Zhang, Y.G., Liu, X., Foster, G.L., Stoll, H.M. and Whiteford, R.D., 2021. Atmospheric CO2 over the Past 66 Million Years from Marine Archives. Annual Review of Earth and Planetary Sciences, 49.",Rae 2021,false,1,Category 1: (a) Weighted mean of all methods with Category 1 estimates.,FALSE,true,Recalculation of all alkenone CO2 results using uniform calculation methods and comprehensive treatment of uncertainties.,true,false,FALSE,false,
phytoplankton_rae_2021_p1.0.xlsx,Category 1: (a) Weighted mean of all methods with Category 1 estimates.,Phytoplankton,2279.81,6,6,257.72,468.11,145.49,"Rae, J.W., Zhang, Y.G., Liu, X., Foster, G.L., Stoll, H.M. and Whiteford, R.D., 2021. Atmospheric CO2 over the Past 66 Million Years from Marine Archives. Annual Review of Earth and Planetary Sciences, 49.",Rae 2021,false,1,Category 1: (a) Weighted mean of all methods with Category 1 estimates.,FALSE,true,Recalculation of all alkenone CO2 results using uniform calculation methods and comprehensive treatment of uncertainties.,true,false,FALSE,false,
phytoplankton_rae_2021_p1.0.xlsx,Category 1: (a) Weighted mean of all methods with Category 1 estimates.,Phytoplankton,2357.58,6,6,333.77,644.88,188.22,"Rae, J.W., Zhang, Y.G., Liu, X., Foster, G.L., Stoll, H.M. and Whiteford, R.D., 2021. Atmospheric CO2 over the Past 66 Million Years from Marine Archives. Annual Review of Earth and Planetary Sciences, 49.",Rae 2021,false,1,Category 1: (a) Weighted mean of all methods with Category 1 estimates.,FALSE,true,Recalculation of all alkenone CO2 results using uniform calculation methods and comprehensive treatment of uncertainties.,true,false,FALSE,false,
phytoplankton_rae_2021_p1.0.xlsx,Category 1: (a) Weighted mean of all methods with Category 1 estimates.,Phytoplankton,2404.96,6,6,452.26,971.9,267.38,"Rae, J.W., Zhang, Y.G., Liu, X., Foster, G.L., Stoll, H.M. and Whiteford, R.D., 2021. Atmospheric CO2 over the Past 66 Million Years from Marine Archives. Annual Review of Earth and Planetary Sciences, 49.",Rae 2021,false,1,Category 1: (a) Weighted mean of all methods with Category 1 estimates.,FALSE,true,Recalculation of all alkenone CO2 results using uniform calculation methods and comprehensive treatment of uncertainties.,true,false,FALSE,false,
phytoplankton_rae_2021_p1.0.xlsx,Category 1: (a) Weighted mean of all methods with Category 1 estimates.,Phytoplankton,2457.98,6,6,354.87,730.67,205.37,"Rae, J.W., Zhang, Y.G., Liu, X., Foster, G.L., Stoll, H.M. and Whiteford, R.D., 2021. Atmospheric CO2 over the Past 66 Million Years from Marine Archives. Annual Review of Earth and Planetary Sciences, 49.",Rae 2021,false,1,Category 1: (a) Weighted mean of all methods with Category 1 estimates.,FALSE,true,Recalculation of all alkenone CO2 results using uniform calculation methods and comprehensive treatment of uncertainties.,true,false,FALSE,false,
phytoplankton_rae_2021_p1.0.xlsx,Category 1: (a) Weighted mean of all methods with Category 1 estimates.,Phytoplankton,2501.6,6,6,399.77,812.15,232.97,"Rae, J.W., Zhang, Y.G., Liu, X., Foster, G.L., Stoll, H.M. and Whiteford, R.D., 2021. Atmospheric CO2 over the Past 66 Million Years from Marine Archives. Annual Review of Earth and Planetary Sciences, 49.",Rae 2021,false,1,Category 1: (a) Weighted mean of all methods with Category 1 estimates.,FALSE,true,Recalculation of all alkenone CO2 results using uniform calculation methods and comprehensive treatment of uncertainties.,true,false,FALSE,false,
phytoplankton_rae_2021_p1.0.xlsx,Category 1: (a) Weighted mean of all methods with Category 1 estimates.,Phytoplankton,2532.2,6,6,396.13,811.55,230.24,"Rae, J.W., Zhang, Y.G., Liu, X., Foster, G.L., Stoll, H.M. and Whiteford, R.D., 2021. Atmospheric CO2 over the Past 66 Million Years from Marine Archives. Annual Review of Earth and Planetary Sciences, 49.",Rae 2021,false,1,Category 1: (a) Weighted mean of all methods with Category 1 estimates.,FALSE,true,Recalculation of all alkenone CO2 results using uniform calculation methods and comprehensive treatment of uncertainties.,true,false,FALSE,false,
phytoplankton_rae_2021_p1.0.xlsx,Category 1: (a) Weighted mean of all methods with Category 1 estimates.,Phytoplankton,2523.58,6,6,308.78,585.79,171.26,"Rae, J.W., Zhang, Y.G., Liu, X., Foster, G.L., Stoll, H.M. and Whiteford, R.D., 2021. Atmospheric CO2 over the Past 66 Million Years from Marine Archives. Annual Review of Earth and Planetary Sciences, 49.",Rae 2021,false,1,Category 1: (a) Weighted mean of all methods with Category 1 estimates.,FALSE,true,Recalculation of all alkenone CO2 results using uniform calculation methods and comprehensive treatment of uncertainties.,true,false,FALSE,false,
phytoplankton_rae_2021_p1.0.xlsx,Category 1: (a) Weighted mean of all methods with Category 1 estimates.,Phytoplankton,2608.47,6,6,294,563.57,166.84,"Rae, J.W., Zhang, Y.G., Liu, X., Foster, G.L., Stoll, H.M. and Whiteford, R.D., 2021. Atmospheric CO2 over the Past 66 Million Years from Marine Archives. Annual Review of Earth and Planetary Sciences, 49.",Rae 2021,false,1,Category 1: (a) Weighted mean of all methods with Category 1 estimates.,FALSE,true,Recalculation of all alkenone CO2 results using uniform calculation methods and comprehensive treatment of uncertainties.,true,false,FALSE,false,
phytoplankton_rae_2021_p1.0.xlsx,Category 1: (a) Weighted mean of all methods with Category 1 estimates.,Phytoplankton,2704.96,6,6,299.24,563.54,171.08,"Rae, J.W., Zhang, Y.G., Liu, X., Foster, G.L., Stoll, H.M. and Whiteford, R.D., 2021. Atmospheric CO2 over the Past 66 Million Years from Marine Archives. Annual Review of Earth and Planetary Sciences, 49.",Rae 2021,false,1,Category 1: (a) Weighted mean of all methods with Category 1 estimates.,FALSE,true,Recalculation of all alkenone CO2 results using uniform calculation methods and comprehensive treatment of uncertainties.,true,false,FALSE,false,
phytoplankton_rae_2021_p1.0.xlsx,Category 1: (a) Weighted mean of all methods with Category 1 estimates.,Phytoplankton,2804.98,6,6,406.91,840.63,236.23,"Rae, J.W., Zhang, Y.G., Liu, X., Foster, G.L., Stoll, H.M. and Whiteford, R.D., 2021. Atmospheric CO2 over the Past 66 Million Years from Marine Archives. Annual Review of Earth and Planetary Sciences, 49.",Rae 2021,false,1,Category 1: (a) Weighted mean of all methods with Category 1 estimates.,FALSE,true,Recalculation of all alkenone CO2 results using uniform calculation methods and comprehensive treatment of uncertainties.,true,false,FALSE,false,
phytoplankton_rae_2021_p1.0.xlsx,Category 1: (a) Weighted mean of all methods with Category 1 estimates.,Phytoplankton,2898.39,6,6,371.48,752.72,213.17,"Rae, J.W., Zhang, Y.G., Liu, X., Foster, G.L., Stoll, H.M. and Whiteford, R.D., 2021. Atmospheric CO2 over the Past 66 Million Years from Marine Archives. Annual Review of Earth and Planetary Sciences, 49.",Rae 2021,false,1,Category 1: (a) Weighted mean of all methods with Category 1 estimates.,FALSE,true,Recalculation of all alkenone CO2 results using uniform calculation methods and comprehensive treatment of uncertainties.,true,false,FALSE,false,
phytoplankton_rae_2021_p1.0.xlsx,Category 1: (a) Weighted mean of all methods with Category 1 estimates.,Phytoplankton,2997.91,6,6,403.28,818.57,236.01,"Rae, J.W., Zhang, Y.G., Liu, X., Foster, G.L., Stoll, H.M. and Whiteford, R.D., 2021. Atmospheric CO2 over the Past 66 Million Years from Marine Archives. Annual Review of Earth and Planetary Sciences, 49.",Rae 2021,false,1,Category 1: (a) Weighted mean of all methods with Category 1 estimates.,FALSE,true,Recalculation of all alkenone CO2 results using uniform calculation methods and comprehensive treatment of uncertainties.,true,false,FALSE,false,
phytoplankton_rae_2021_p1.0.xlsx,Category 1: (a) Weighted mean of all methods with Category 1 estimates.,Phytoplankton,3071.33,15,15,328.81,591.91,184.17,"Rae, J.W., Zhang, Y.G., Liu, X., Foster, G.L., Stoll, H.M. and Whiteford, R.D., 2021. Atmospheric CO2 over the Past 66 Million Years from Marine Archives. Annual Review of Earth and Planetary Sciences, 49.",Rae 2021,false,1,Category 1: (a) Weighted mean of all methods with Category 1 estimates.,FALSE,true,Recalculation of all alkenone CO2 results using uniform calculation methods and comprehensive treatment of uncertainties.,true,false,FALSE,false,
phytoplankton_rae_2021_p1.0.xlsx,Category 1: (a) Weighted mean of all methods with Category 1 estimates.,Phytoplankton,3171.43,15,15,241.05,386.18,134.56,"Rae, J.W., Zhang, Y.G., Liu, X., Foster, G.L., Stoll, H.M. and Whiteford, R.D., 2021. Atmospheric CO2 over the Past 66 Million Years from Marine Archives. Annual Review of Earth and Planetary Sciences, 49.",Rae 2021,false,1,Category 1: (a) Weighted mean of all methods with Category 1 estimates.,FALSE,true,Recalculation of all alkenone CO2 results using uniform calculation methods and comprehensive treatment of uncertainties.,true,false,FALSE,false,
phytoplankton_rae_2021_p1.0.xlsx,Category 1: (a) Weighted mean of all methods with Category 1 estimates.,Phytoplankton,3245.42,15,15,273.61,481.76,152.63,"Rae, J.W., Zhang, Y.G., Liu, X., Foster, G.L., Stoll, H.M. and Whiteford, R.D., 2021. Atmospheric CO2 over the Past 66 Million Years from Marine Archives. Annual Review of Earth and Planetary Sciences, 49.",Rae 2021,false,1,Category 1: (a) Weighted mean of all methods with Category 1 estimates.,FALSE,true,Recalculation of all alkenone CO2 results using uniform calculation methods and comprehensive treatment of uncertainties.,true,false,FALSE,false,
phytoplankton_rae_2021_p1.0.xlsx,Category 1: (a) Weighted mean of all methods with Category 1 estimates.,Phytoplankton,3454.79,15,15,367.1,704.64,208.16,"Rae, J.W., Zhang, Y.G., Liu, X., Foster, G.L., Stoll, H.M. and Whiteford, R.D., 2021. Atmospheric CO2 over the Past 66 Million Years from Marine Archives. Annual Review of Earth and Planetary Sciences, 49.",Rae 2021,false,1,Category 1: (a) Weighted mean of all methods with Category 1 estimates.,FALSE,true,Recalculation of all alkenone CO2 results using uniform calculation methods and comprehensive treatment of uncertainties.,true,false,FALSE,false,
phytoplankton_rae_2021_p1.0.xlsx,Category 1: (a) Weighted mean of all methods with Category 1 estimates.,Phytoplankton,3540.83,15,15,248.72,417.89,138.75,"Rae, J.W., Zhang, Y.G., Liu, X., Foster, G.L., Stoll, H.M. and Whiteford, R.D., 2021. Atmospheric CO2 over the Past 66 Million Years from Marine Archives. Annual Review of Earth and Planetary Sciences, 49.",Rae 2021,false,1,Category 1: (a) Weighted mean of all methods with Category 1 estimates.,FALSE,true,Recalculation of all alkenone CO2 results using uniform calculation methods and comprehensive treatment of uncertainties.,true,false,FALSE,false,
phytoplankton_rae_2021_p1.0.xlsx,Category 1: (a) Weighted mean of all methods with Category 1 estimates.,Phytoplankton,3746.55,15,15,362.34,688.82,206.13,"Rae, J.W., Zhang, Y.G., Liu, X., Foster, G.L., Stoll, H.M. and Whiteford, R.D., 2021. Atmospheric CO2 over the Past 66 Million Years from Marine Archives. Annual Review of Earth and Planetary Sciences, 49.",Rae 2021,false,1,Category 1: (a) Weighted mean of all methods with Category 1 estimates.,FALSE,true,Recalculation of all alkenone CO2 results using uniform calculation methods and comprehensive treatment of uncertainties.,true,false,FALSE,false,
phytoplankton_rae_2021_p1.0.xlsx,Category 1: (a) Weighted mean of all methods with Category 1 estimates.,Phytoplankton,3947.77,15,15,403.86,799.68,234.8,"Rae, J.W., Zhang, Y.G., Liu, X., Foster, G.L., Stoll, H.M. and Whiteford, R.D., 2021. Atmospheric CO2 over the Past 66 Million Years from Marine Archives. Annual Review of Earth and Planetary Sciences, 49.",Rae 2021,false,1,Category 1: (a) Weighted mean of all methods with Category 1 estimates.,FALSE,true,Recalculation of all alkenone CO2 results using uniform calculation methods and comprehensive treatment of uncertainties.,true,false,FALSE,false,
phytoplankton_rae_2021_p1.0.xlsx,Category 1: (a) Weighted mean of all methods with Category 1 estimates.,Phytoplankton,4105.39,30,30,306.54,581.9,176.86,"Rae, J.W., Zhang, Y.G., Liu, X., Foster, G.L., Stoll, H.M. and Whiteford, R.D., 2021. Atmospheric CO2 over the Past 66 Million Years from Marine Archives. Annual Review of Earth and Planetary Sciences, 49.",Rae 2021,false,1,Category 1: (a) Weighted mean of all methods with Category 1 estimates.,FALSE,true,Recalculation of all alkenone CO2 results using uniform calculation methods and comprehensive treatment of uncertainties.,true,false,FALSE,false,
phytoplankton_rae_2021_p1.0.xlsx,Category 1: (a) Weighted mean of all methods with Category 1 estimates.,Phytoplankton,4255.43,30,30,270.39,487.46,147.71,"Rae, J.W., Zhang, Y.G., Liu, X., Foster, G.L., Stoll, H.M. and Whiteford, R.D., 2021. Atmospheric CO2 over the Past 66 Million Years from Marine Archives. Annual Review of Earth and Planetary Sciences, 49.",Rae 2021,false,1,Category 1: (a) Weighted mean of all methods with Category 1 estimates.,FALSE,true,Recalculation of all alkenone CO2 results using uniform calculation methods and comprehensive treatment of uncertainties.,true,false,FALSE,false,
phytoplankton_rae_2021_p1.0.xlsx,Category 1: (a) Weighted mean of all methods with Category 1 estimates.,Phytoplankton,4437,30,30,364.51,693.2,208.9,"Rae, J.W., Zhang, Y.G., Liu, X., Foster, G.L., Stoll, H.M. and Whiteford, R.D., 2021. Atmospheric CO2 over the Past 66 Million Years from Marine Archives. Annual Review of Earth and Planetary Sciences, 49.",Rae 2021,false,1,Category 1: (a) Weighted mean of all methods with Category 1 estimates.,FALSE,true,Recalculation of all alkenone CO2 results using uniform calculation methods and comprehensive treatment of uncertainties.,true,false,FALSE,false,
phytoplankton_rae_2021_p1.0.xlsx,Category 1: (a) Weighted mean of all methods with Category 1 estimates.,Phytoplankton,4592.58,30,30,336.78,639.04,194.42,"Rae, J.W., Zhang, Y.G., Liu, X., Foster, G.L., Stoll, H.M. and Whiteford, R.D., 2021. Atmospheric CO2 over the Past 66 Million Years from Marine Archives. Annual Review of Earth and Planetary Sciences, 49.",Rae 2021,false,1,Category 1: (a) Weighted mean of all methods with Category 1 estimates.,FALSE,true,Recalculation of all alkenone CO2 results using uniform calculation methods and comprehensive treatment of uncertainties.,true,false,FALSE,false,
phytoplankton_rae_2021_p1.0.xlsx,Category 1: (a) Weighted mean of all methods with Category 1 estimates.,Phytoplankton,4752.86,30,30,425.6,804.47,250.29,"Rae, J.W., Zhang, Y.G., Liu, X., Foster, G.L., Stoll, H.M. and Whiteford, R.D., 2021. Atmospheric CO2 over the Past 66 Million Years from Marine Archives. Annual Review of Earth and Planetary Sciences, 49.",Rae 2021,false,1,Category 1: (a) Weighted mean of all methods with Category 1 estimates.,FALSE,true,Recalculation of all alkenone CO2 results using uniform calculation methods and comprehensive treatment of uncertainties.,true,false,FALSE,false,
phytoplankton_rae_2021_p1.0.xlsx,Category 1: (a) Weighted mean of all methods with Category 1 estimates.,Phytoplankton,5293.71,40,40,341.22,679.18,199.98,"Rae, J.W., Zhang, Y.G., Liu, X., Foster, G.L., Stoll, H.M. and Whiteford, R.D., 2021. Atmospheric CO2 over the Past 66 Million Years from Marine Archives. Annual Review of Earth and Planetary Sciences, 49.",Rae 2021,false,1,Category 1: (a) Weighted mean of all methods with Category 1 estimates.,FALSE,true,Recalculation of all alkenone CO2 results using uniform calculation methods and comprehensive treatment of uncertainties.,true,false,FALSE,false,
phytoplankton_rae_2021_p1.0.xlsx,Category 1: (a) Weighted mean of all methods with Category 1 estimates.,Phytoplankton,310,4,4,211.47,236.55,79,"Rae, J.W., Zhang, Y.G., Liu, X., Foster, G.L., Stoll, H.M. and Whiteford, R.D., 2021. Atmospheric CO2 over the Past 66 Million Years from Marine Archives. Annual Review of Earth and Planetary Sciences, 49.",Rae 2021,false,1,Category 1: (a) Weighted mean of all methods with Category 1 estimates.,FALSE,true,Recalculation of all alkenone CO2 results using uniform calculation methods and comprehensive treatment of uncertainties.,true,false,FALSE,false,
phytoplankton_rae_2021_p1.0.xlsx,Category 1: (a) Weighted mean of all methods with Category 1 estimates.,Phytoplankton,431,4,4,178.55,663.51,137.33,"Rae, J.W., Zhang, Y.G., Liu, X., Foster, G.L., Stoll, H.M. and Whiteford, R.D., 2021. Atmospheric CO2 over the Past 66 Million Years from Marine Archives. Annual Review of Earth and Planetary Sciences, 49.",Rae 2021,false,1,Category 1: (a) Weighted mean of all methods with Category 1 estimates.,FALSE,true,Recalculation of all alkenone CO2 results using uniform calculation methods and comprehensive treatment of uncertainties.,true,false,FALSE,false,
phytoplankton_rae_2021_p1.0.xlsx,Category 1: (a) Weighted mean of all methods with Category 1 estimates.,Phytoplankton,575.3,4,4,187.51,641.18,144.52,"Rae, J.W., Zhang, Y.G., Liu, X., Foster, G.L., Stoll, H.M. and Whiteford, R.D., 2021. Atmospheric CO2 over the Past 66 Million Years from Marine Archives. Annual Review of Earth and Planetary Sciences, 49.",Rae 2021,false,1,Category 1: (a) Weighted mean of all methods with Category 1 estimates.,FALSE,true,Recalculation of all alkenone CO2 results using uniform calculation methods and comprehensive treatment of uncertainties.,true,false,FALSE,false,
phytoplankton_rae_2021_p1.0.xlsx,Category 1: (a) Weighted mean of all methods with Category 1 estimates.,Phytoplankton,928.7,4,4,182.13,632.86,140.85,"Rae, J.W., Zhang, Y.G., Liu, X., Foster, G.L., Stoll, H.M. and Whiteford, R.D., 2021. Atmospheric CO2 over the Past 66 Million Years from Marine Archives. Annual Review of Earth and Planetary Sciences, 49.",Rae 2021,false,1,Category 1: (a) Weighted mean of all methods with Category 1 estimates.,FALSE,true,Recalculation of all alkenone CO2 results using uniform calculation methods and comprehensive treatment of uncertainties.,true,false,FALSE,false,
phytoplankton_rae_2021_p1.0.xlsx,Category 1: (a) Weighted mean of all methods with Category 1 estimates.,Phytoplankton,1046,6,6,187.28,670.09,144.51,"Rae, J.W., Zhang, Y.G., Liu, X., Foster, G.L., Stoll, H.M. and Whiteford, R.D., 2021. Atmospheric CO2 over the Past 66 Million Years from Marine Archives. Annual Review of Earth and Planetary Sciences, 49.",Rae 2021,false,1,Category 1: (a) Weighted mean of all methods with Category 1 estimates.,FALSE,true,Recalculation of all alkenone CO2 results using uniform calculation methods and comprehensive treatment of uncertainties.,true,false,FALSE,false,
phytoplankton_rae_2021_p1.0.xlsx,Category 1: (a) Weighted mean of all methods with Category 1 estimates.,Phytoplankton,1191,6,6,219.91,246.77,83.44,"Rae, J.W., Zhang, Y.G., Liu, X., Foster, G.L., Stoll, H.M. and Whiteford, R.D., 2021. Atmospheric CO2 over the Past 66 Million Years from Marine Archives. Annual Review of Earth and Planetary Sciences, 49.",Rae 2021,false,1,Category 1: (a) Weighted mean of all methods with Category 1 estimates.,FALSE,true,Recalculation of all alkenone CO2 results using uniform calculation methods and comprehensive treatment of uncertainties.,true,false,FALSE,false,
phytoplankton_rae_2021_p1.0.xlsx,Category 1: (a) Weighted mean of all methods with Category 1 estimates.,Phytoplankton,1206,6,6,194.71,709.43,151.35,"Rae, J.W., Zhang, Y.G., Liu, X., Foster, G.L., Stoll, H.M. and Whiteford, R.D., 2021. Atmospheric CO2 over the Past 66 Million Years from Marine Archives. Annual Review of Earth and Planetary Sciences, 49.",Rae 2021,false,1,Category 1: (a) Weighted mean of all methods with Category 1 estimates.,FALSE,true,Recalculation of all alkenone CO2 results using uniform calculation methods and comprehensive treatment of uncertainties.,true,false,FALSE,false,
phytoplankton_rae_2021_p1.0.xlsx,Category 1: (a) Weighted mean of all methods with Category 1 estimates.,Phytoplankton,1218.8,6,6,204.3,214.65,75.55,"Rae, J.W., Zhang, Y.G., Liu, X., Foster, G.L., Stoll, H.M. and Whiteford, R.D., 2021. Atmospheric CO2 over the Past 66 Million Years from Marine Archives. Annual Review of Earth and Planetary Sciences, 49.",Rae 2021,false,1,Category 1: (a) Weighted mean of all methods with Category 1 estimates.,FALSE,true,Recalculation of all alkenone CO2 results using uniform calculation methods and comprehensive treatment of uncertainties.,true,false,FALSE,false,
phytoplankton_rae_2021_p1.0.xlsx,Category 1: (a) Weighted mean of all methods with Category 1 estimates.,Phytoplankton,1232.2,6,6,216.08,236.57,81.24,"Rae, J.W., Zhang, Y.G., Liu, X., Foster, G.L., Stoll, H.M. and Whiteford, R.D., 2021. Atmospheric CO2 over the Past 66 Million Years from Marine Archives. Annual Review of Earth and Planetary Sciences, 49.",Rae 2021,false,1,Category 1: (a) Weighted mean of all methods with Category 1 estimates.,FALSE,true,Recalculation of all alkenone CO2 results using uniform calculation methods and comprehensive treatment of uncertainties.,true,false,FALSE,false,
phytoplankton_rae_2021_p1.0.xlsx,Category 1: (a) Weighted mean of all methods with Category 1 estimates.,Phytoplankton,1250,6,6,184.61,673.23,142.63,"Rae, J.W., Zhang, Y.G., Liu, X., Foster, G.L., Stoll, H.M. and Whiteford, R.D., 2021. Atmospheric CO2 over the Past 66 Million Years from Marine Archives. Annual Review of Earth and Planetary Sciences, 49.",Rae 2021,false,1,Category 1: (a) Weighted mean of all methods with Category 1 estimates.,FALSE,true,Recalculation of all alkenone CO2 results using uniform calculation methods and comprehensive treatment of uncertainties.,true,false,FALSE,false,
phytoplankton_rae_2021_p1.0.xlsx,Category 1: (a) Weighted mean of all methods with Category 1 estimates.,Phytoplankton,1272,6,6,193.59,718.19,149.74,"Rae, J.W., Zhang, Y.G., Liu, X., Foster, G.L., Stoll, H.M. and Whiteford, R.D., 2021. Atmospheric CO2 over the Past 66 Million Years from Marine Archives. Annual Review of Earth and Planetary Sciences, 49.",Rae 2021,false,1,Category 1: (a) Weighted mean of all methods with Category 1 estimates.,FALSE,true,Recalculation of all alkenone CO2 results using uniform calculation methods and comprehensive treatment of uncertainties.,true,false,FALSE,false,
phytoplankton_rae_2021_p1.0.xlsx,Category 1: (a) Weighted mean of all methods with Category 1 estimates.,Phytoplankton,1284.6,6,6,187.44,694.04,144.92,"Rae, J.W., Zhang, Y.G., Liu, X., Foster, G.L., Stoll, H.M. and Whiteford, R.D., 2021. Atmospheric CO2 over the Past 66 Million Years from Marine Archives. Annual Review of Earth and Planetary Sciences, 49.",Rae 2021,false,1,Category 1: (a) Weighted mean of all methods with Category 1 estimates.,FALSE,true,Recalculation of all alkenone CO2 results using uniform calculation methods and comprehensive treatment of uncertainties.,true,false,FALSE,false,
phytoplankton_rae_2021_p1.0.xlsx,Category 1: (a) Weighted mean of all methods with Category 1 estimates.,Phytoplankton,1351.2,6,6,228.57,271.97,88.6,"Rae, J.W., Zhang, Y.G., Liu, X., Foster, G.L., Stoll, H.M. and Whiteford, R.D., 2021. Atmospheric CO2 over the Past 66 Million Years from Marine Archives. Annual Review of Earth and Planetary Sciences, 49.",Rae 2021,false,1,Category 1: (a) Weighted mean of all methods with Category 1 estimates.,FALSE,true,Recalculation of all alkenone CO2 results using uniform calculation methods and comprehensive treatment of uncertainties.,true,false,FALSE,false,
phytoplankton_rae_2021_p1.0.xlsx,Category 1: (a) Weighted mean of all methods with Category 1 estimates.,Phytoplankton,1651.84,6,6,189.37,709.2,145.86,"Rae, J.W., Zhang, Y.G., Liu, X., Foster, G.L., Stoll, H.M. and Whiteford, R.D., 2021. Atmospheric CO2 over the Past 66 Million Years from Marine Archives. Annual Review of Earth and Planetary Sciences, 49.",Rae 2021,false,1,Category 1: (a) Weighted mean of all methods with Category 1 estimates.,FALSE,true,Recalculation of all alkenone CO2 results using uniform calculation methods and comprehensive treatment of uncertainties.,true,false,FALSE,false,
phytoplankton_rae_2021_p1.0.xlsx,Category 1: (a) Weighted mean of all methods with Category 1 estimates.,Phytoplankton,1734.68,6,6,199.28,787.39,154.38,"Rae, J.W., Zhang, Y.G., Liu, X., Foster, G.L., Stoll, H.M. and Whiteford, R.D., 2021. Atmospheric CO2 over the Past 66 Million Years from Marine Archives. Annual Review of Earth and Planetary Sciences, 49.",Rae 2021,false,1,Category 1: (a) Weighted mean of all methods with Category 1 estimates.,FALSE,true,Recalculation of all alkenone CO2 results using uniform calculation methods and comprehensive treatment of uncertainties.,true,false,FALSE,false,
phytoplankton_rae_2021_p1.0.xlsx,Category 1: (a) Weighted mean of all methods with Category 1 estimates.,Phytoplankton,1959.14,6,6,198.5,771.07,156.03,"Rae, J.W., Zhang, Y.G., Liu, X., Foster, G.L., Stoll, H.M. and Whiteford, R.D., 2021. Atmospheric CO2 over the Past 66 Million Years from Marine Archives. Annual Review of Earth and Planetary Sciences, 49.",Rae 2021,false,1,Category 1: (a) Weighted mean of all methods with Category 1 estimates.,FALSE,true,Recalculation of all alkenone CO2 results using uniform calculation methods and comprehensive treatment of uncertainties.,true,false,FALSE,false,
phytoplankton_rae_2021_p1.0.xlsx,Category 1: (a) Weighted mean of all methods with Category 1 estimates.,Phytoplankton,2094.82,6,6,235.1,276.14,91.94,"Rae, J.W., Zhang, Y.G., Liu, X., Foster, G.L., Stoll, H.M. and Whiteford, R.D., 2021. Atmospheric CO2 over the Past 66 Million Years from Marine Archives. Annual Review of Earth and Planetary Sciences, 49.",Rae 2021,false,1,Category 1: (a) Weighted mean of all methods with Category 1 estimates.,FALSE,true,Recalculation of all alkenone CO2 results using uniform calculation methods and comprehensive treatment of uncertainties.,true,false,FALSE,false,
phytoplankton_rae_2021_p1.0.xlsx,Category 1: (a) Weighted mean of all methods with Category 1 estimates.,Phytoplankton,2198.23,6,6,235.16,270.01,91.06,"Rae, J.W., Zhang, Y.G., Liu, X., Foster, G.L., Stoll, H.M. and Whiteford, R.D., 2021. Atmospheric CO2 over the Past 66 Million Years from Marine Archives. Annual Review of Earth and Planetary Sciences, 49.",Rae 2021,false,1,Category 1: (a) Weighted mean of all methods with Category 1 estimates.,FALSE,true,Recalculation of all alkenone CO2 results using uniform calculation methods and comprehensive treatment of uncertainties.,true,false,FALSE,false,
phytoplankton_rae_2021_p1.0.xlsx,Category 1: (a) Weighted mean of all methods with Category 1 estimates.,Phytoplankton,2298.07,6,6,258.78,324.74,104.72,"Rae, J.W., Zhang, Y.G., Liu, X., Foster, G.L., Stoll, H.M. and Whiteford, R.D., 2021. Atmospheric CO2 over the Past 66 Million Years from Marine Archives. Annual Review of Earth and Planetary Sciences, 49.",Rae 2021,false,1,Category 1: (a) Weighted mean of all methods with Category 1 estimates.,FALSE,true,Recalculation of all alkenone CO2 results using uniform calculation methods and comprehensive treatment of uncertainties.,true,false,FALSE,false,
phytoplankton_rae_2021_p1.0.xlsx,Category 1: (a) Weighted mean of all methods with Category 1 estimates.,Phytoplankton,2421.36,6,6,275.45,356.07,112,"Rae, J.W., Zhang, Y.G., Liu, X., Foster, G.L., Stoll, H.M. and Whiteford, R.D., 2021. Atmospheric CO2 over the Past 66 Million Years from Marine Archives. Annual Review of Earth and Planetary Sciences, 49.",Rae 2021,false,1,Category 1: (a) Weighted mean of all methods with Category 1 estimates.,FALSE,true,Recalculation of all alkenone CO2 results using uniform calculation methods and comprehensive treatment of uncertainties.,true,false,FALSE,false,
phytoplankton_rae_2021_p1.0.xlsx,Category 1: (a) Weighted mean of all methods with Category 1 estimates.,Phytoplankton,2601.69,6,6,246.56,292.67,96.33,"Rae, J.W., Zhang, Y.G., Liu, X., Foster, G.L., Stoll, H.M. and Whiteford, R.D., 2021. Atmospheric CO2 over the Past 66 Million Years from Marine Archives. Annual Review of Earth and Planetary Sciences, 49.",Rae 2021,false,1,Category 1: (a) Weighted mean of all methods with Category 1 estimates.,FALSE,true,Recalculation of all alkenone CO2 results using uniform calculation methods and comprehensive treatment of uncertainties.,true,false,FALSE,false,
phytoplankton_rae_2021_p1.0.xlsx,Category 1: (a) Weighted mean of all methods with Category 1 estimates.,Phytoplankton,2619.66,6,6,191.2,681.55,148.18,"Rae, J.W., Zhang, Y.G., Liu, X., Foster, G.L., Stoll, H.M. and Whiteford, R.D., 2021. Atmospheric CO2 over the Past 66 Million Years from Marine Archives. Annual Review of Earth and Planetary Sciences, 49.",Rae 2021,false,1,Category 1: (a) Weighted mean of all methods with Category 1 estimates.,FALSE,true,Recalculation of all alkenone CO2 results using uniform calculation methods and comprehensive treatment of uncertainties.,true,false,FALSE,false,
phytoplankton_rae_2021_p1.0.xlsx,Category 1: (a) Weighted mean of all methods with Category 1 estimates.,Phytoplankton,2718.64,6,6,200.31,211.4,73.65,"Rae, J.W., Zhang, Y.G., Liu, X., Foster, G.L., Stoll, H.M. and Whiteford, R.D., 2021. Atmospheric CO2 over the Past 66 Million Years from Marine Archives. Annual Review of Earth and Planetary Sciences, 49.",Rae 2021,false,1,Category 1: (a) Weighted mean of all methods with Category 1 estimates.,FALSE,true,Recalculation of all alkenone CO2 results using uniform calculation methods and comprehensive treatment of uncertainties.,true,false,FALSE,false,
phytoplankton_rae_2021_p1.0.xlsx,Category 1: (a) Weighted mean of all methods with Category 1 estimates.,Phytoplankton,2938.13,6,6,191.3,657.68,146.36,"Rae, J.W., Zhang, Y.G., Liu, X., Foster, G.L., Stoll, H.M. and Whiteford, R.D., 2021. Atmospheric CO2 over the Past 66 Million Years from Marine Archives. Annual Review of Earth and Planetary Sciences, 49.",Rae 2021,false,1,Category 1: (a) Weighted mean of all methods with Category 1 estimates.,FALSE,true,Recalculation of all alkenone CO2 results using uniform calculation methods and comprehensive treatment of uncertainties.,true,false,FALSE,false,
phytoplankton_rae_2021_p1.0.xlsx,Category 1: (a) Weighted mean of all methods with Category 1 estimates.,Phytoplankton,3083.46,15,15,258,322.2,104.26,"Rae, J.W., Zhang, Y.G., Liu, X., Foster, G.L., Stoll, H.M. and Whiteford, R.D., 2021. Atmospheric CO2 over the Past 66 Million Years from Marine Archives. Annual Review of Earth and Planetary Sciences, 49.",Rae 2021,false,1,Category 1: (a) Weighted mean of all methods with Category 1 estimates.,FALSE,true,Recalculation of all alkenone CO2 results using uniform calculation methods and comprehensive treatment of uncertainties.,true,false,FALSE,false,
phytoplankton_rae_2021_p1.0.xlsx,Category 1: (a) Weighted mean of all methods with Category 1 estimates.,Phytoplankton,3125.98,15,15,202.29,212.79,74.66,"Rae, J.W., Zhang, Y.G., Liu, X., Foster, G.L., Stoll, H.M. and Whiteford, R.D., 2021. Atmospheric CO2 over the Past 66 Million Years from Marine Archives. Annual Review of Earth and Planetary Sciences, 49.",Rae 2021,false,1,Category 1: (a) Weighted mean of all methods with Category 1 estimates.,FALSE,true,Recalculation of all alkenone CO2 results using uniform calculation methods and comprehensive treatment of uncertainties.,true,false,FALSE,false,
phytoplankton_rae_2021_p1.0.xlsx,Category 1: (a) Weighted mean of all methods with Category 1 estimates.,Phytoplankton,3257.03,15,15,251.87,305.25,100.59,"Rae, J.W., Zhang, Y.G., Liu, X., Foster, G.L., Stoll, H.M. and Whiteford, R.D., 2021. Atmospheric CO2 over the Past 66 Million Years from Marine Archives. Annual Review of Earth and Planetary Sciences, 49.",Rae 2021,false,1,Category 1: (a) Weighted mean of all methods with Category 1 estimates.,FALSE,true,Recalculation of all alkenone CO2 results using uniform calculation methods and comprehensive treatment of uncertainties.,true,false,FALSE,false,
phytoplankton_rae_2021_p1.0.xlsx,Category 1: (a) Weighted mean of all methods with Category 1 estimates.,Phytoplankton,3300.03,15,15,216.71,242.59,80.78,"Rae, J.W., Zhang, Y.G., Liu, X., Foster, G.L., Stoll, H.M. and Whiteford, R.D., 2021. Atmospheric CO2 over the Past 66 Million Years from Marine Archives. Annual Review of Earth and Planetary Sciences, 49.",Rae 2021,false,1,Category 1: (a) Weighted mean of all methods with Category 1 estimates.,FALSE,true,Recalculation of all alkenone CO2 results using uniform calculation methods and comprehensive treatment of uncertainties.,true,false,FALSE,false,
phytoplankton_rae_2021_p1.0.xlsx,Category 1: (a) Weighted mean of all methods with Category 1 estimates.,Phytoplankton,3715.34,15,15,261.95,325.41,106.54,"Rae, J.W., Zhang, Y.G., Liu, X., Foster, G.L., Stoll, H.M. and Whiteford, R.D., 2021. Atmospheric CO2 over the Past 66 Million Years from Marine Archives. Annual Review of Earth and Planetary Sciences, 49.",Rae 2021,false,1,Category 1: (a) Weighted mean of all methods with Category 1 estimates.,FALSE,true,Recalculation of all alkenone CO2 results using uniform calculation methods and comprehensive treatment of uncertainties.,true,false,FALSE,false,
phytoplankton_rae_2021_p1.0.xlsx,Category 1: (a) Weighted mean of all methods with Category 1 estimates.,Phytoplankton,3506.34,15,15,415.76,664.97,196.44,"Rae, J.W., Zhang, Y.G., Liu, X., Foster, G.L., Stoll, H.M. and Whiteford, R.D., 2021. Atmospheric CO2 over the Past 66 Million Years from Marine Archives. Annual Review of Earth and Planetary Sciences, 49.",Rae 2021,false,1,Category 1: (a) Weighted mean of all methods with Category 1 estimates.,FALSE,true,Recalculation of all alkenone CO2 results using uniform calculation methods and comprehensive treatment of uncertainties.,true,false,FALSE,false,
phytoplankton_rae_2021_p1.0.xlsx,Category 1: (a) Weighted mean of all methods with Category 1 estimates.,Phytoplankton,3465.74,15,15,279.43,361.8,117.56,"Rae, J.W., Zhang, Y.G., Liu, X., Foster, G.L., Stoll, H.M. and Whiteford, R.D., 2021. Atmospheric CO2 over the Past 66 Million Years from Marine Archives. Annual Review of Earth and Planetary Sciences, 49.",Rae 2021,false,1,Category 1: (a) Weighted mean of all methods with Category 1 estimates.,FALSE,true,Recalculation of all alkenone CO2 results using uniform calculation methods and comprehensive treatment of uncertainties.,true,false,FALSE,false,
phytoplankton_rae_2021_p1.0.xlsx,Category 1: (a) Weighted mean of all methods with Category 1 estimates.,Phytoplankton,3649.55,15,15,283.91,378.73,117.77,"Rae, J.W., Zhang, Y.G., Liu, X., Foster, G.L., Stoll, H.M. and Whiteford, R.D., 2021. Atmospheric CO2 over the Past 66 Million Years from Marine Archives. Annual Review of Earth and Planetary Sciences, 49.",Rae 2021,false,1,Category 1: (a) Weighted mean of all methods with Category 1 estimates.,FALSE,true,Recalculation of all alkenone CO2 results using uniform calculation methods and comprehensive treatment of uncertainties.,true,false,FALSE,false,
phytoplankton_rae_2021_p1.0.xlsx,Category 1: (a) Weighted mean of all methods with Category 1 estimates.,Phytoplankton,3828.88,15,15,226.7,262.17,87.14,"Rae, J.W., Zhang, Y.G., Liu, X., Foster, G.L., Stoll, H.M. and Whiteford, R.D., 2021. Atmospheric CO2 over the Past 66 Million Years from Marine Archives. Annual Review of Earth and Planetary Sciences, 49.",Rae 2021,false,1,Category 1: (a) Weighted mean of all methods with Category 1 estimates.,FALSE,true,Recalculation of all alkenone CO2 results using uniform calculation methods and comprehensive treatment of uncertainties.,true,false,FALSE,false,
phytoplankton_rae_2021_p1.0.xlsx,Category 1: (a) Weighted mean of all methods with Category 1 estimates.,Phytoplankton,3970.1,15,15,247.57,297.68,97.12,"Rae, J.W., Zhang, Y.G., Liu, X., Foster, G.L., Stoll, H.M. and Whiteford, R.D., 2021. Atmospheric CO2 over the Past 66 Million Years from Marine Archives. Annual Review of Earth and Planetary Sciences, 49.",Rae 2021,false,1,Category 1: (a) Weighted mean of all methods with Category 1 estimates.,FALSE,true,Recalculation of all alkenone CO2 results using uniform calculation methods and comprehensive treatment of uncertainties.,true,false,FALSE,false,
phytoplankton_rae_2021_p1.0.xlsx,Category 1: (a) Weighted mean of all methods with Category 1 estimates.,Phytoplankton,4080.98,30,30,287.5,368.11,120.6,"Rae, J.W., Zhang, Y.G., Liu, X., Foster, G.L., Stoll, H.M. and Whiteford, R.D., 2021. Atmospheric CO2 over the Past 66 Million Years from Marine Archives. Annual Review of Earth and Planetary Sciences, 49.",Rae 2021,false,1,Category 1: (a) Weighted mean of all methods with Category 1 estimates.,FALSE,true,Recalculation of all alkenone CO2 results using uniform calculation methods and comprehensive treatment of uncertainties.,true,false,FALSE,false,
phytoplankton_rae_2021_p1.0.xlsx,Category 1: (a) Weighted mean of all methods with Category 1 estimates.,Phytoplankton,4321.06,30,30,378.04,598.98,169.86,"Rae, J.W., Zhang, Y.G., Liu, X., Foster, G.L., Stoll, H.M. and Whiteford, R.D., 2021. Atmospheric CO2 over the Past 66 Million Years from Marine Archives. Annual Review of Earth and Planetary Sciences, 49.",Rae 2021,false,1,Category 1: (a) Weighted mean of all methods with Category 1 estimates.,FALSE,true,Recalculation of all alkenone CO2 results using uniform calculation methods and comprehensive treatment of uncertainties.,true,false,FALSE,false,
phytoplankton_rae_2021_p1.0.xlsx,Category 1: (a) Weighted mean of all methods with Category 1 estimates.,Phytoplankton,4590.81,30,30,326.06,444.87,141.16,"Rae, J.W., Zhang, Y.G., Liu, X., Foster, G.L., Stoll, H.M. and Whiteford, R.D., 2021. Atmospheric CO2 over the Past 66 Million Years from Marine Archives. Annual Review of Earth and Planetary Sciences, 49.",Rae 2021,false,1,Category 1: (a) Weighted mean of all methods with Category 1 estimates.,FALSE,true,Recalculation of all alkenone CO2 results using uniform calculation methods and comprehensive treatment of uncertainties.,true,false,FALSE,false,
phytoplankton_rae_2021_p1.0.xlsx,Category 1: (a) Weighted mean of all methods with Category 1 estimates.,Phytoplankton,7140.28,37.43,37.43,373.35,564.85,173.32,"Rae, J.W., Zhang, Y.G., Liu, X., Foster, G.L., Stoll, H.M. and Whiteford, R.D., 2021. Atmospheric CO2 over the Past 66 Million Years from Marine Archives. Annual Review of Earth and Planetary Sciences, 49.",Rae 2021,false,1,Category 1: (a) Weighted mean of all methods with Category 1 estimates.,FALSE,true,Recalculation of all alkenone CO2 results using uniform calculation methods and comprehensive treatment of uncertainties.,true,false,FALSE,false,
phytoplankton_rae_2021_p1.0.xlsx,Category 1: (a) Weighted mean of all methods with Category 1 estimates.,Phytoplankton,13777.14,69.8,69.8,269.14,355.77,111.16,"Rae, J.W., Zhang, Y.G., Liu, X., Foster, G.L., Stoll, H.M. and Whiteford, R.D., 2021. Atmospheric CO2 over the Past 66 Million Years from Marine Archives. Annual Review of Earth and Planetary Sciences, 49.",Rae 2021,false,1,Category 1: (a) Weighted mean of all methods with Category 1 estimates.,FALSE,true,Recalculation of all alkenone CO2 results using uniform calculation methods and comprehensive treatment of uncertainties.,true,false,FALSE,false,
phytoplankton_rae_2021_p1.0.xlsx,Category 1: (a) Weighted mean of all methods with Category 1 estimates.,Phytoplankton,24404.39,120.03,120.03,364.26,377.73,226.84,"Rae, J.W., Zhang, Y.G., Liu, X., Foster, G.L., Stoll, H.M. and Whiteford, R.D., 2021. Atmospheric CO2 over the Past 66 Million Years from Marine Archives. Annual Review of Earth and Planetary Sciences, 49.",Rae 2021,false,1,Category 1: (a) Weighted mean of all methods with Category 1 estimates.,FALSE,true,Recalculation of all alkenone CO2 results using uniform calculation methods and comprehensive treatment of uncertainties.,true,false,FALSE,false,
phytoplankton_rae_2021_p1.0.xlsx,Category 1: (a) Weighted mean of all methods with Category 1 estimates.,Phytoplankton,24717.44,121.49,121.49,513.54,565.32,327.62,"Rae, J.W., Zhang, Y.G., Liu, X., Foster, G.L., Stoll, H.M. and Whiteford, R.D., 2021. Atmospheric CO2 over the Past 66 Million Years from Marine Archives. Annual Review of Earth and Planetary Sciences, 49.",Rae 2021,false,1,Category 1: (a) Weighted mean of all methods with Category 1 estimates.,FALSE,true,Recalculation of all alkenone CO2 results using uniform calculation methods and comprehensive treatment of uncertainties.,true,false,FALSE,false,
phytoplankton_rae_2021_p1.0.xlsx,Category 1: (a) Weighted mean of all methods with Category 1 estimates.,Phytoplankton,25877.78,126.89,126.89,463.04,631.1,312.27,"Rae, J.W., Zhang, Y.G., Liu, X., Foster, G.L., Stoll, H.M. and Whiteford, R.D., 2021. Atmospheric CO2 over the Past 66 Million Years from Marine Archives. Annual Review of Earth and Planetary Sciences, 49.",Rae 2021,false,1,Category 1: (a) Weighted mean of all methods with Category 1 estimates.,FALSE,true,Recalculation of all alkenone CO2 results using uniform calculation methods and comprehensive treatment of uncertainties.,true,false,FALSE,false,
phytoplankton_rae_2021_p1.0.xlsx,Category 1: (a) Weighted mean of all methods with Category 1 estimates.,Phytoplankton,28116.06,137.27,137.27,337.21,403.93,226.39,"Rae, J.W., Zhang, Y.G., Liu, X., Foster, G.L., Stoll, H.M. and Whiteford, R.D., 2021. Atmospheric CO2 over the Past 66 Million Years from Marine Archives. Annual Review of Earth and Planetary Sciences, 49.",Rae 2021,false,1,Category 1: (a) Weighted mean of all methods with Category 1 estimates.,FALSE,true,Recalculation of all alkenone CO2 results using uniform calculation methods and comprehensive treatment of uncertainties.,true,false,FALSE,false,
phytoplankton_rae_2021_p1.0.xlsx,Category 1: (a) Weighted mean of all methods with Category 1 estimates.,Phytoplankton,28563.7,139.34,139.34,558.31,695.13,372.74,"Rae, J.W., Zhang, Y.G., Liu, X., Foster, G.L., Stoll, H.M. and Whiteford, R.D., 2021. Atmospheric CO2 over the Past 66 Million Years from Marine Archives. Annual Review of Earth and Planetary Sciences, 49.",Rae 2021,false,1,Category 1: (a) Weighted mean of all methods with Category 1 estimates.,FALSE,true,Recalculation of all alkenone CO2 results using uniform calculation methods and comprehensive treatment of uncertainties.,true,false,FALSE,false,
phytoplankton_rae_2021_p1.0.xlsx,Category 1: (a) Weighted mean of all methods with Category 1 estimates.,Phytoplankton,30098.47,146.43,146.43,660.74,697.15,420.03,"Rae, J.W., Zhang, Y.G., Liu, X., Foster, G.L., Stoll, H.M. and Whiteford, R.D., 2021. Atmospheric CO2 over the Past 66 Million Years from Marine Archives. Annual Review of Earth and Planetary Sciences, 49.",Rae 2021,false,1,Category 1: (a) Weighted mean of all methods with Category 1 estimates.,FALSE,true,Recalculation of all alkenone CO2 results using uniform calculation methods and comprehensive treatment of uncertainties.,true,false,FALSE,false,
phytoplankton_rae_2021_p1.0.xlsx,Category 1: (a) Weighted mean of all methods with Category 1 estimates.,Phytoplankton,30712.68,149.26,149.26,588.15,770.85,392.75,"Rae, J.W., Zhang, Y.G., Liu, X., Foster, G.L., Stoll, H.M. and Whiteford, R.D., 2021. Atmospheric CO2 over the Past 66 Million Years from Marine Archives. Annual Review of Earth and Planetary Sciences, 49.",Rae 2021,false,1,Category 1: (a) Weighted mean of all methods with Category 1 estimates.,FALSE,true,Recalculation of all alkenone CO2 results using uniform calculation methods and comprehensive treatment of uncertainties.,true,false,FALSE,false,
phytoplankton_rae_2021_p1.0.xlsx,Category 1: (a) Weighted mean of all methods with Category 1 estimates.,Phytoplankton,32320.79,156.66,156.66,672.44,1053.5,466.27,"Rae, J.W., Zhang, Y.G., Liu, X., Foster, G.L., Stoll, H.M. and Whiteford, R.D., 2021. Atmospheric CO2 over the Past 66 Million Years from Marine Archives. Annual Review of Earth and Planetary Sciences, 49.",Rae 2021,false,1,Category 1: (a) Weighted mean of all methods with Category 1 estimates.,FALSE,true,Recalculation of all alkenone CO2 results using uniform calculation methods and comprehensive treatment of uncertainties.,true,false,FALSE,false,
phytoplankton_rae_2021_p1.0.xlsx,Category 1: (a) Weighted mean of all methods with Category 1 estimates.,Phytoplankton,35018.75,169.04,169.04,447.92,1866.53,355.56,"Rae, J.W., Zhang, Y.G., Liu, X., Foster, G.L., Stoll, H.M. and Whiteford, R.D., 2021. Atmospheric CO2 over the Past 66 Million Years from Marine Archives. Annual Review of Earth and Planetary Sciences, 49.",Rae 2021,false,1,Category 1: (a) Weighted mean of all methods with Category 1 estimates.,FALSE,true,Recalculation of all alkenone CO2 results using uniform calculation methods and comprehensive treatment of uncertainties.,true,false,FALSE,false,
phytoplankton_rae_2021_p1.0.xlsx,Category 1: (a) Weighted mean of all methods with Category 1 estimates.,Phytoplankton,35233.6,170.02,170.02,766.01,976.67,498.13,"Rae, J.W., Zhang, Y.G., Liu, X., Foster, G.L., Stoll, H.M. and Whiteford, R.D., 2021. Atmospheric CO2 over the Past 66 Million Years from Marine Archives. Annual Review of Earth and Planetary Sciences, 49.",Rae 2021,false,1,Category 1: (a) Weighted mean of all methods with Category 1 estimates.,FALSE,true,Recalculation of all alkenone CO2 results using uniform calculation methods and comprehensive treatment of uncertainties.,true,false,FALSE,false,
phytoplankton_rae_2021_p1.0.xlsx,Category 1: (a) Weighted mean of all methods with Category 1 estimates.,Phytoplankton,35601.71,171.7,171.7,740.68,994.68,492.08,"Rae, J.W., Zhang, Y.G., Liu, X., Foster, G.L., Stoll, H.M. and Whiteford, R.D., 2021. Atmospheric CO2 over the Past 66 Million Years from Marine Archives. Annual Review of Earth and Planetary Sciences, 49.",Rae 2021,false,1,Category 1: (a) Weighted mean of all methods with Category 1 estimates.,FALSE,true,Recalculation of all alkenone CO2 results using uniform calculation methods and comprehensive treatment of uncertainties.,true,false,FALSE,false,
phytoplankton_rae_2021_p1.0.xlsx,Category 1: (a) Weighted mean of all methods with Category 1 estimates.,Phytoplankton,35907.29,173.1,173.1,632.17,747.27,408.56,"Rae, J.W., Zhang, Y.G., Liu, X., Foster, G.L., Stoll, H.M. and Whiteford, R.D., 2021. Atmospheric CO2 over the Past 66 Million Years from Marine Archives. Annual Review of Earth and Planetary Sciences, 49.",Rae 2021,false,1,Category 1: (a) Weighted mean of all methods with Category 1 estimates.,FALSE,true,Recalculation of all alkenone CO2 results using uniform calculation methods and comprehensive treatment of uncertainties.,true,false,FALSE,false,
phytoplankton_rae_2021_p1.0.xlsx,Category 1: (a) Weighted mean of all methods with Category 1 estimates.,Phytoplankton,36114.25,174.05,174.05,600.76,802.06,404.13,"Rae, J.W., Zhang, Y.G., Liu, X., Foster, G.L., Stoll, H.M. and Whiteford, R.D., 2021. Atmospheric CO2 over the Past 66 Million Years from Marine Archives. Annual Review of Earth and Planetary Sciences, 49.",Rae 2021,false,1,Category 1: (a) Weighted mean of all methods with Category 1 estimates.,FALSE,true,Recalculation of all alkenone CO2 results using uniform calculation methods and comprehensive treatment of uncertainties.,true,false,FALSE,false,
phytoplankton_rae_2021_p1.0.xlsx,Category 1: (a) Weighted mean of all methods with Category 1 estimates.,Phytoplankton,36658.42,176.53,176.53,776.84,987.42,505.92,"Rae, J.W., Zhang, Y.G., Liu, X., Foster, G.L., Stoll, H.M. and Whiteford, R.D., 2021. Atmospheric CO2 over the Past 66 Million Years from Marine Archives. Annual Review of Earth and Planetary Sciences, 49.",Rae 2021,false,1,Category 1: (a) Weighted mean of all methods with Category 1 estimates.,FALSE,true,Recalculation of all alkenone CO2 results using uniform calculation methods and comprehensive treatment of uncertainties.,true,false,FALSE,false,
phytoplankton_rae_2021_p1.0.xlsx,Category 1: (a) Weighted mean of all methods with Category 1 estimates.,Phytoplankton,36964.65,177.93,177.93,597.8,753.89,392.38,"Rae, J.W., Zhang, Y.G., Liu, X., Foster, G.L., Stoll, H.M. and Whiteford, R.D., 2021. Atmospheric CO2 over the Past 66 Million Years from Marine Archives. Annual Review of Earth and Planetary Sciences, 49.",Rae 2021,false,1,Category 1: (a) Weighted mean of all methods with Category 1 estimates.,FALSE,true,Recalculation of all alkenone CO2 results using uniform calculation methods and comprehensive treatment of uncertainties.,true,false,FALSE,false,
phytoplankton_rae_2021_p1.0.xlsx,Category 1: (a) Weighted mean of all methods with Category 1 estimates.,Phytoplankton,39871.16,191.17,191.17,834.29,982.08,525.78,"Rae, J.W., Zhang, Y.G., Liu, X., Foster, G.L., Stoll, H.M. and Whiteford, R.D., 2021. Atmospheric CO2 over the Past 66 Million Years from Marine Archives. Annual Review of Earth and Planetary Sciences, 49.",Rae 2021,false,1,Category 1: (a) Weighted mean of all methods with Category 1 estimates.,FALSE,true,Recalculation of all alkenone CO2 results using uniform calculation methods and comprehensive treatment of uncertainties.,true,false,FALSE,false,
phytoplankton_rae_2021_p1.0.xlsx,Category 1: (a) Weighted mean of all methods with Category 1 estimates.,Phytoplankton,42347.66,202.41,202.41,1014.59,1336.33,662.23,"Rae, J.W., Zhang, Y.G., Liu, X., Foster, G.L., Stoll, H.M. and Whiteford, R.D., 2021. Atmospheric CO2 over the Past 66 Million Years from Marine Archives. Annual Review of Earth and Planetary Sciences, 49.",Rae 2021,false,1,Category 1: (a) Weighted mean of all methods with Category 1 estimates.,FALSE,true,Recalculation of all alkenone CO2 results using uniform calculation methods and comprehensive treatment of uncertainties.,true,false,FALSE,false,
phytoplankton_rae_2021_p1.0.xlsx,Category 1: (a) Weighted mean of all methods with Category 1 estimates.,Phytoplankton,45128.22,214.99,214.99,936.32,1140.88,590.73,"Rae, J.W., Zhang, Y.G., Liu, X., Foster, G.L., Stoll, H.M. and Whiteford, R.D., 2021. Atmospheric CO2 over the Past 66 Million Years from Marine Archives. Annual Review of Earth and Planetary Sciences, 49.",Rae 2021,false,1,Category 1: (a) Weighted mean of all methods with Category 1 estimates.,FALSE,true,Recalculation of all alkenone CO2 results using uniform calculation methods and comprehensive treatment of uncertainties.,true,false,FALSE,false,
phytoplankton_rae_2021_p1.0.xlsx,Category 1: (a) Weighted mean of all methods with Category 1 estimates.,Phytoplankton,33257.26,160.96,160.96,492.94,1793.68,384.41,"Rae, J.W., Zhang, Y.G., Liu, X., Foster, G.L., Stoll, H.M. and Whiteford, R.D., 2021. Atmospheric CO2 over the Past 66 Million Years from Marine Archives. Annual Review of Earth and Planetary Sciences, 49.",Rae 2021,false,1,Category 1: (a) Weighted mean of all methods with Category 1 estimates.,FALSE,true,Recalculation of all alkenone CO2 results using uniform calculation methods and comprehensive treatment of uncertainties.,true,false,FALSE,false,
phytoplankton_rae_2021_p1.0.xlsx,Category 1: (a) Weighted mean of all methods with Category 1 estimates.,Phytoplankton,34098.77,164.82,164.82,685.23,2562.03,536.84,"Rae, J.W., Zhang, Y.G., Liu, X., Foster, G.L., Stoll, H.M. and Whiteford, R.D., 2021. Atmospheric CO2 over the Past 66 Million Years from Marine Archives. Annual Review of Earth and Planetary Sciences, 49.",Rae 2021,false,1,Category 1: (a) Weighted mean of all methods with Category 1 estimates.,FALSE,true,Recalculation of all alkenone CO2 results using uniform calculation methods and comprehensive treatment of uncertainties.,true,false,FALSE,false,
phytoplankton_rae_2021_p1.0.xlsx,Category 1: (a) Weighted mean of all methods with Category 1 estimates.,Phytoplankton,35718.35,172.24,172.24,449.92,1595.66,343.95,"Rae, J.W., Zhang, Y.G., Liu, X., Foster, G.L., Stoll, H.M. and Whiteford, R.D., 2021. Atmospheric CO2 over the Past 66 Million Years from Marine Archives. Annual Review of Earth and Planetary Sciences, 49.",Rae 2021,false,1,Category 1: (a) Weighted mean of all methods with Category 1 estimates.,FALSE,true,Recalculation of all alkenone CO2 results using uniform calculation methods and comprehensive treatment of uncertainties.,true,false,FALSE,false,
phytoplankton_rae_2021_p1.0.xlsx,Category 1: (a) Weighted mean of all methods with Category 1 estimates.,Phytoplankton,33172.95,160.58,160.58,332.56,1221.76,255.84,"Rae, J.W., Zhang, Y.G., Liu, X., Foster, G.L., Stoll, H.M. and Whiteford, R.D., 2021. Atmospheric CO2 over the Past 66 Million Years from Marine Archives. Annual Review of Earth and Planetary Sciences, 49.",Rae 2021,false,1,Category 1: (a) Weighted mean of all methods with Category 1 estimates.,FALSE,true,Recalculation of all alkenone CO2 results using uniform calculation methods and comprehensive treatment of uncertainties.,true,false,FALSE,false,
phytoplankton_rae_2021_p1.0.xlsx,Category 1: (a) Weighted mean of all methods with Category 1 estimates.,Phytoplankton,33476.62,161.97,161.97,377.47,1274.75,293.39,"Rae, J.W., Zhang, Y.G., Liu, X., Foster, G.L., Stoll, H.M. and Whiteford, R.D., 2021. Atmospheric CO2 over the Past 66 Million Years from Marine Archives. Annual Review of Earth and Planetary Sciences, 49.",Rae 2021,false,1,Category 1: (a) Weighted mean of all methods with Category 1 estimates.,FALSE,true,Recalculation of all alkenone CO2 results using uniform calculation methods and comprehensive treatment of uncertainties.,true,false,FALSE,false,
phytoplankton_rae_2021_p1.0.xlsx,Category 1: (a) Weighted mean of all methods with Category 1 estimates.,Phytoplankton,33613.36,162.6,162.6,283.66,1064.34,218.72,"Rae, J.W., Zhang, Y.G., Liu, X., Foster, G.L., Stoll, H.M. and Whiteford, R.D., 2021. Atmospheric CO2 over the Past 66 Million Years from Marine Archives. Annual Review of Earth and Planetary Sciences, 49.",Rae 2021,false,1,Category 1: (a) Weighted mean of all methods with Category 1 estimates.,FALSE,true,Recalculation of all alkenone CO2 results using uniform calculation methods and comprehensive treatment of uncertainties.,true,false,FALSE,false,
phytoplankton_rae_2021_p1.0.xlsx,Category 1: (a) Weighted mean of all methods with Category 1 estimates.,Phytoplankton,35362.43,170.61,170.61,564.62,2116.2,431.09,"Rae, J.W., Zhang, Y.G., Liu, X., Foster, G.L., Stoll, H.M. and Whiteford, R.D., 2021. Atmospheric CO2 over the Past 66 Million Years from Marine Archives. Annual Review of Earth and Planetary Sciences, 49.",Rae 2021,false,1,Category 1: (a) Weighted mean of all methods with Category 1 estimates.,FALSE,true,Recalculation of all alkenone CO2 results using uniform calculation methods and comprehensive treatment of uncertainties.,true,false,FALSE,false,
phytoplankton_rae_2021_p1.0.xlsx,Category 1: (a) Weighted mean of all methods with Category 1 estimates.,Phytoplankton,37250.21,179.23,179.23,441.83,1643.99,343.38,"Rae, J.W., Zhang, Y.G., Liu, X., Foster, G.L., Stoll, H.M. and Whiteford, R.D., 2021. Atmospheric CO2 over the Past 66 Million Years from Marine Archives. Annual Review of Earth and Planetary Sciences, 49.",Rae 2021,false,1,Category 1: (a) Weighted mean of all methods with Category 1 estimates.,FALSE,true,Recalculation of all alkenone CO2 results using uniform calculation methods and comprehensive treatment of uncertainties.,true,false,FALSE,false,
phytoplankton_rae_2021_p1.0.xlsx,Category 1: (a) Weighted mean of all methods with Category 1 estimates.,Phytoplankton,30719.12,149.29,149.29,573.98,608.84,363.41,"Rae, J.W., Zhang, Y.G., Liu, X., Foster, G.L., Stoll, H.M. and Whiteford, R.D., 2021. Atmospheric CO2 over the Past 66 Million Years from Marine Archives. Annual Review of Earth and Planetary Sciences, 49.",Rae 2021,false,1,Category 1: (a) Weighted mean of all methods with Category 1 estimates.,FALSE,true,Recalculation of all alkenone CO2 results using uniform calculation methods and comprehensive treatment of uncertainties.,true,false,FALSE,false,
phytoplankton_rae_2021_p1.0.xlsx,Category 1: (a) Weighted mean of all methods with Category 1 estimates.,Phytoplankton,32520.45,157.58,157.58,574.09,605.3,366.43,"Rae, J.W., Zhang, Y.G., Liu, X., Foster, G.L., Stoll, H.M. and Whiteford, R.D., 2021. Atmospheric CO2 over the Past 66 Million Years from Marine Archives. Annual Review of Earth and Planetary Sciences, 49.",Rae 2021,false,1,Category 1: (a) Weighted mean of all methods with Category 1 estimates.,FALSE,true,Recalculation of all alkenone CO2 results using uniform calculation methods and comprehensive treatment of uncertainties.,true,false,FALSE,false,
phytoplankton_rae_2021_p1.0.xlsx,Category 1: (a) Weighted mean of all methods with Category 1 estimates.,Phytoplankton,32605.34,157.97,157.97,552.54,610.86,343.78,"Rae, J.W., Zhang, Y.G., Liu, X., Foster, G.L., Stoll, H.M. and Whiteford, R.D., 2021. Atmospheric CO2 over the Past 66 Million Years from Marine Archives. Annual Review of Earth and Planetary Sciences, 49.",Rae 2021,false,1,Category 1: (a) Weighted mean of all methods with Category 1 estimates.,FALSE,true,Recalculation of all alkenone CO2 results using uniform calculation methods and comprehensive treatment of uncertainties.,true,false,FALSE,false,
phytoplankton_rae_2021_p1.0.xlsx,Category 1: (a) Weighted mean of all methods with Category 1 estimates.,Phytoplankton,33328.69,161.29,161.29,596.02,674.26,381.4,"Rae, J.W., Zhang, Y.G., Liu, X., Foster, G.L., Stoll, H.M. and Whiteford, R.D., 2021. Atmospheric CO2 over the Past 66 Million Years from Marine Archives. Annual Review of Earth and Planetary Sciences, 49.",Rae 2021,false,1,Category 1: (a) Weighted mean of all methods with Category 1 estimates.,FALSE,true,Recalculation of all alkenone CO2 results using uniform calculation methods and comprehensive treatment of uncertainties.,true,false,FALSE,false,
phytoplankton_rae_2021_p1.0.xlsx,Category 1: (a) Weighted mean of all methods with Category 1 estimates.,Phytoplankton,33768.33,163.31,163.31,546.2,768.49,371.23,"Rae, J.W., Zhang, Y.G., Liu, X., Foster, G.L., Stoll, H.M. and Whiteford, R.D., 2021. Atmospheric CO2 over the Past 66 Million Years from Marine Archives. Annual Review of Earth and Planetary Sciences, 49.",Rae 2021,false,1,Category 1: (a) Weighted mean of all methods with Category 1 estimates.,FALSE,true,Recalculation of all alkenone CO2 results using uniform calculation methods and comprehensive treatment of uncertainties.,true,false,FALSE,false,
phytoplankton_rae_2021_p1.0.xlsx,Category 1: (a) Weighted mean of all methods with Category 1 estimates.,Phytoplankton,34139.18,165.01,165.01,799.02,1026.3,536.39,"Rae, J.W., Zhang, Y.G., Liu, X., Foster, G.L., Stoll, H.M. and Whiteford, R.D., 2021. Atmospheric CO2 over the Past 66 Million Years from Marine Archives. Annual Review of Earth and Planetary Sciences, 49.",Rae 2021,false,1,Category 1: (a) Weighted mean of all methods with Category 1 estimates.,FALSE,true,Recalculation of all alkenone CO2 results using uniform calculation methods and comprehensive treatment of uncertainties.,true,false,FALSE,false,
phytoplankton_rae_2021_p1.0.xlsx,Category 1: (a) Weighted mean of all methods with Category 1 estimates.,Phytoplankton,35448.8,171.01,171.01,766.67,966.53,518.04,"Rae, J.W., Zhang, Y.G., Liu, X., Foster, G.L., Stoll, H.M. and Whiteford, R.D., 2021. Atmospheric CO2 over the Past 66 Million Years from Marine Archives. Annual Review of Earth and Planetary Sciences, 49.",Rae 2021,false,1,Category 1: (a) Weighted mean of all methods with Category 1 estimates.,FALSE,true,Recalculation of all alkenone CO2 results using uniform calculation methods and comprehensive treatment of uncertainties.,true,false,FALSE,false,
phytoplankton_rae_2021_p1.0.xlsx,Category 1: (a) Weighted mean of all methods with Category 1 estimates.,Phytoplankton,35886.3,173.01,173.01,924.49,3995.39,724.16,"Rae, J.W., Zhang, Y.G., Liu, X., Foster, G.L., Stoll, H.M. and Whiteford, R.D., 2021. Atmospheric CO2 over the Past 66 Million Years from Marine Archives. Annual Review of Earth and Planetary Sciences, 49.",Rae 2021,false,1,Category 1: (a) Weighted mean of all methods with Category 1 estimates.,FALSE,true,Recalculation of all alkenone CO2 results using uniform calculation methods and comprehensive treatment of uncertainties.,true,false,FALSE,false,
phytoplankton_rae_2021_p1.0.xlsx,Category 1: (a) Weighted mean of all methods with Category 1 estimates.,Phytoplankton,36168.67,174.3,174.3,787.76,911.65,502.36,"Rae, J.W., Zhang, Y.G., Liu, X., Foster, G.L., Stoll, H.M. and Whiteford, R.D., 2021. Atmospheric CO2 over the Past 66 Million Years from Marine Archives. Annual Review of Earth and Planetary Sciences, 49.",Rae 2021,false,1,Category 1: (a) Weighted mean of all methods with Category 1 estimates.,FALSE,true,Recalculation of all alkenone CO2 results using uniform calculation methods and comprehensive treatment of uncertainties.,true,false,FALSE,false,
phytoplankton_rae_2021_p1.0.xlsx,Category 1: (a) Weighted mean of all methods with Category 1 estimates.,Phytoplankton,32819.76,158.96,158.96,539.17,685.56,360.22,"Rae, J.W., Zhang, Y.G., Liu, X., Foster, G.L., Stoll, H.M. and Whiteford, R.D., 2021. Atmospheric CO2 over the Past 66 Million Years from Marine Archives. Annual Review of Earth and Planetary Sciences, 49.",Rae 2021,false,1,Category 1: (a) Weighted mean of all methods with Category 1 estimates.,FALSE,true,Recalculation of all alkenone CO2 results using uniform calculation methods and comprehensive treatment of uncertainties.,true,false,FALSE,false,
phytoplankton_rae_2021_p1.0.xlsx,Category 1: (a) Weighted mean of all methods with Category 1 estimates.,Phytoplankton,33256.18,160.96,160.96,375,392.94,242.23,"Rae, J.W., Zhang, Y.G., Liu, X., Foster, G.L., Stoll, H.M. and Whiteford, R.D., 2021. Atmospheric CO2 over the Past 66 Million Years from Marine Archives. Annual Review of Earth and Planetary Sciences, 49.",Rae 2021,false,1,Category 1: (a) Weighted mean of all methods with Category 1 estimates.,FALSE,true,Recalculation of all alkenone CO2 results using uniform calculation methods and comprehensive treatment of uncertainties.,true,false,FALSE,false,
phytoplankton_rae_2021_p1.0.xlsx,Category 1: (a) Weighted mean of all methods with Category 1 estimates.,Phytoplankton,33650.63,162.77,162.77,468.11,602.68,320.03,"Rae, J.W., Zhang, Y.G., Liu, X., Foster, G.L., Stoll, H.M. and Whiteford, R.D., 2021. Atmospheric CO2 over the Past 66 Million Years from Marine Archives. Annual Review of Earth and Planetary Sciences, 49.",Rae 2021,false,1,Category 1: (a) Weighted mean of all methods with Category 1 estimates.,FALSE,true,Recalculation of all alkenone CO2 results using uniform calculation methods and comprehensive treatment of uncertainties.,true,false,FALSE,false,
phytoplankton_rae_2021_p1.0.xlsx,Category 1: (a) Weighted mean of all methods with Category 1 estimates.,Phytoplankton,34124.04,164.94,164.94,537.53,741.51,366.2,"Rae, J.W., Zhang, Y.G., Liu, X., Foster, G.L., Stoll, H.M. and Whiteford, R.D., 2021. Atmospheric CO2 over the Past 66 Million Years from Marine Archives. Annual Review of Earth and Planetary Sciences, 49.",Rae 2021,false,1,Category 1: (a) Weighted mean of all methods with Category 1 estimates.,FALSE,true,Recalculation of all alkenone CO2 results using uniform calculation methods and comprehensive treatment of uncertainties.,true,false,FALSE,false,
phytoplankton_rae_2021_p1.0.xlsx,Category 1: (a) Weighted mean of all methods with Category 1 estimates.,Phytoplankton,34944.17,168.7,168.7,783.65,1053.05,535.3,"Rae, J.W., Zhang, Y.G., Liu, X., Foster, G.L., Stoll, H.M. and Whiteford, R.D., 2021. Atmospheric CO2 over the Past 66 Million Years from Marine Archives. Annual Review of Earth and Planetary Sciences, 49.",Rae 2021,false,1,Category 1: (a) Weighted mean of all methods with Category 1 estimates.,FALSE,true,Recalculation of all alkenone CO2 results using uniform calculation methods and comprehensive treatment of uncertainties.,true,false,FALSE,false,
phytoplankton_rae_2021_p1.0.xlsx,Category 1: (a) Weighted mean of all methods with Category 1 estimates.,Phytoplankton,35557.96,171.5,171.5,786.06,1166.95,548.59,"Rae, J.W., Zhang, Y.G., Liu, X., Foster, G.L., Stoll, H.M. and Whiteford, R.D., 2021. Atmospheric CO2 over the Past 66 Million Years from Marine Archives. Annual Review of Earth and Planetary Sciences, 49.",Rae 2021,false,1,Category 1: (a) Weighted mean of all methods with Category 1 estimates.,FALSE,true,Recalculation of all alkenone CO2 results using uniform calculation methods and comprehensive treatment of uncertainties.,true,false,FALSE,false,
phytoplankton_zhang_2019_p1.0.xlsx,Category 1: (a) Weighted mean of all methods with Category 1 estimates.,Phytoplankton,16.59,4,4,191.26,198.57,70.2,"Zhang, Yi Ge, et al. ""Refining the alkenone-pCO2 method I: Lessons from the Quaternary glacial cycles."" Geochimica et Cosmochimica Acta (2019).",Zhang 2019,false,1,Category 1: (a) Weighted mean of all methods with Category 1 estimates.,FALSE,true,Recalculation of all alkenone CO2 results using uniform calculation methods and comprehensive treatment of uncertainties.,true,false,FALSE,false,
phytoplankton_zhang_2019_p1.0.xlsx,Category 1: (a) Weighted mean of all methods with Category 1 estimates.,Phytoplankton,115.89,4,4,248.14,206.16,95.95,"Zhang, Yi Ge, et al. ""Refining the alkenone-pCO2 method I: Lessons from the Quaternary glacial cycles."" Geochimica et Cosmochimica Acta (2019).",Zhang 2019,false,1,Category 1: (a) Weighted mean of all methods with Category 1 estimates.,FALSE,true,Recalculation of all alkenone CO2 results using uniform calculation methods and comprehensive treatment of uncertainties.,true,false,FALSE,false,
phytoplankton_zhang_2019_p1.0.xlsx,Category 1: (a) Weighted mean of all methods with Category 1 estimates.,Phytoplankton,132.5,4,4,244.32,191.6,95.98,"Zhang, Yi Ge, et al. ""Refining the alkenone-pCO2 method I: Lessons from the Quaternary glacial cycles."" Geochimica et Cosmochimica Acta (2019).",Zhang 2019,false,1,Category 1: (a) Weighted mean of all methods with Category 1 estimates.,FALSE,true,Recalculation of all alkenone CO2 results using uniform calculation methods and comprehensive treatment of uncertainties.,true,false,FALSE,false,
phytoplankton_zhang_2019_p1.0.xlsx,Category 1: (a) Weighted mean of all methods with Category 1 estimates.,Phytoplankton,153.69,4,4,188.28,195.85,67,"Zhang, Yi Ge, et al. ""Refining the alkenone-pCO2 method I: Lessons from the Quaternary glacial cycles."" Geochimica et Cosmochimica Acta (2019).",Zhang 2019,false,1,Category 1: (a) Weighted mean of all methods with Category 1 estimates.,FALSE,true,Recalculation of all alkenone CO2 results using uniform calculation methods and comprehensive treatment of uncertainties.,true,false,FALSE,false,
phytoplankton_zhang_2019_p1.0.xlsx,Category 1: (a) Weighted mean of all methods with Category 1 estimates.,Phytoplankton,165.54,4,4,241.34,195.35,96.17,"Zhang, Yi Ge, et al. ""Refining the alkenone-pCO2 method I: Lessons from the Quaternary glacial cycles."" Geochimica et Cosmochimica Acta (2019).",Zhang 2019,false,1,Category 1: (a) Weighted mean of all methods with Category 1 estimates.,FALSE,true,Recalculation of all alkenone CO2 results using uniform calculation methods and comprehensive treatment of uncertainties.,true,false,FALSE,false,
phytoplankton_zhang_2019_p1.0.xlsx,Category 1: (a) Weighted mean of all methods with Category 1 estimates.,Phytoplankton,301.97,4,4,246.04,233.13,146.09,"Zhang, Yi Ge, et al. ""Refining the alkenone-pCO2 method I: Lessons from the Quaternary glacial cycles."" Geochimica et Cosmochimica Acta (2019).",Zhang 2019,false,1,Category 1: (a) Weighted mean of all methods with Category 1 estimates.,FALSE,true,Recalculation of all alkenone CO2 results using uniform calculation methods and comprehensive treatment of uncertainties.,true,false,FALSE,false,
phytoplankton_zhang_2019_p1.0.xlsx,Category 1: (a) Weighted mean of all methods with Category 1 estimates.,Phytoplankton,376.38,4,4,148.94,509.05,114.2,"Zhang, Yi Ge, et al. ""Refining the alkenone-pCO2 method I: Lessons from the Quaternary glacial cycles."" Geochimica et Cosmochimica Acta (2019).",Zhang 2019,false,1,Category 1: (a) Weighted mean of all methods with Category 1 estimates.,FALSE,true,Recalculation of all alkenone CO2 results using uniform calculation methods and comprehensive treatment of uncertainties.,true,false,FALSE,false,
phytoplankton_zhang_2019_p1.0.xlsx,Category 1: (a) Weighted mean of all methods with Category 1 estimates.,Phytoplankton,1.99,4,4,244.08,261.62,156.19,"Zhang, Yi Ge, et al. ""Refining the alkenone-pCO2 method I: Lessons from the Quaternary glacial cycles."" Geochimica et Cosmochimica Acta (2019).",Zhang 2019,false,1,Category 1: (a) Weighted mean of all methods with Category 1 estimates.,FALSE,true,Recalculation of all alkenone CO2 results using uniform calculation methods and comprehensive treatment of uncertainties.,true,false,FALSE,false,
phytoplankton_zhang_2019_p1.0.xlsx,Category 1: (a) Weighted mean of all methods with Category 1 estimates.,Phytoplankton,40.84,4,4,150.87,536.19,116.25,"Zhang, Yi Ge, et al. ""Refining the alkenone-pCO2 method I: Lessons from the Quaternary glacial cycles."" Geochimica et Cosmochimica Acta (2019).",Zhang 2019,false,1,Category 1: (a) Weighted mean of all methods with Category 1 estimates.,FALSE,true,Recalculation of all alkenone CO2 results using uniform calculation methods and comprehensive treatment of uncertainties.,true,false,FALSE,false,
phytoplankton_zhang_2019_p1.0.xlsx,Category 1: (a) Weighted mean of all methods with Category 1 estimates.,Phytoplankton,113.57,4,4,165.94,572.93,127.48,"Zhang, Yi Ge, et al. ""Refining the alkenone-pCO2 method I: Lessons from the Quaternary glacial cycles."" Geochimica et Cosmochimica Acta (2019).",Zhang 2019,false,1,Category 1: (a) Weighted mean of all methods with Category 1 estimates.,FALSE,true,Recalculation of all alkenone CO2 results using uniform calculation methods and comprehensive treatment of uncertainties.,true,false,FALSE,false,
phytoplankton_zhang_2019_p1.0.xlsx,Category 1: (a) Weighted mean of all methods with Category 1 estimates.,Phytoplankton,123.23,4,4,183.28,656.5,140.33,"Zhang, Yi Ge, et al. ""Refining the alkenone-pCO2 method I: Lessons from the Quaternary glacial cycles."" Geochimica et Cosmochimica Acta (2019).",Zhang 2019,false,1,Category 1: (a) Weighted mean of all methods with Category 1 estimates.,FALSE,true,Recalculation of all alkenone CO2 results using uniform calculation methods and comprehensive treatment of uncertainties.,true,false,FALSE,false,
phytoplankton_zhang_2019_p1.0.xlsx,Category 1: (a) Weighted mean of all methods with Category 1 estimates.,Phytoplankton,128.06,4,4,183.51,625.87,140.76,"Zhang, Yi Ge, et al. ""Refining the alkenone-pCO2 method I: Lessons from the Quaternary glacial cycles."" Geochimica et Cosmochimica Acta (2019).",Zhang 2019,false,1,Category 1: (a) Weighted mean of all methods with Category 1 estimates.,FALSE,true,Recalculation of all alkenone CO2 results using uniform calculation methods and comprehensive treatment of uncertainties.,true,false,FALSE,false,
phytoplankton_zhang_2019_p1.0.xlsx,Category 1: (a) Weighted mean of all methods with Category 1 estimates.,Phytoplankton,136.84,4,4,160.53,525.45,121.85,"Zhang, Yi Ge, et al. ""Refining the alkenone-pCO2 method I: Lessons from the Quaternary glacial cycles."" Geochimica et Cosmochimica Acta (2019).",Zhang 2019,false,1,Category 1: (a) Weighted mean of all methods with Category 1 estimates.,FALSE,true,Recalculation of all alkenone CO2 results using uniform calculation methods and comprehensive treatment of uncertainties.,true,false,FALSE,false,
phytoplankton_zhang_2019_p1.0.xlsx,Category 1: (a) Weighted mean of all methods with Category 1 estimates.,Phytoplankton,138.59,4,4,168.9,570.18,129.03,"Zhang, Yi Ge, et al. ""Refining the alkenone-pCO2 method I: Lessons from the Quaternary glacial cycles."" Geochimica et Cosmochimica Acta (2019).",Zhang 2019,false,1,Category 1: (a) Weighted mean of all methods with Category 1 estimates.,FALSE,true,Recalculation of all alkenone CO2 results using uniform calculation methods and comprehensive treatment of uncertainties.,true,false,FALSE,false,
phytoplankton_zhang_2019_p1.0.xlsx,Category 1: (a) Weighted mean of all methods with Category 1 estimates.,Phytoplankton,200.91,4,4,176.87,614.12,134.66,"Zhang, Yi Ge, et al. ""Refining the alkenone-pCO2 method I: Lessons from the Quaternary glacial cycles."" Geochimica et Cosmochimica Acta (2019).",Zhang 2019,false,1,Category 1: (a) Weighted mean of all methods with Category 1 estimates.,FALSE,true,Recalculation of all alkenone CO2 results using uniform calculation methods and comprehensive treatment of uncertainties.,true,false,FALSE,false,
phytoplankton_zhang_2019_p1.0.xlsx,Category 1: (a) Weighted mean of all methods with Category 1 estimates.,Phytoplankton,228.53,4,4,146.23,504.6,110.43,"Zhang, Yi Ge, et al. ""Refining the alkenone-pCO2 method I: Lessons from the Quaternary glacial cycles."" Geochimica et Cosmochimica Acta (2019).",Zhang 2019,false,1,Category 1: (a) Weighted mean of all methods with Category 1 estimates.,FALSE,true,Recalculation of all alkenone CO2 results using uniform calculation methods and comprehensive treatment of uncertainties.,true,false,FALSE,false,
phytoplankton_zhang_2019_p1.0.xlsx,Category 1: (a) Weighted mean of all methods with Category 1 estimates.,Phytoplankton,260.91,4,4,150.21,519.23,114.32,"Zhang, Yi Ge, et al. ""Refining the alkenone-pCO2 method I: Lessons from the Quaternary glacial cycles."" Geochimica et Cosmochimica Acta (2019).",Zhang 2019,false,1,Category 1: (a) Weighted mean of all methods with Category 1 estimates.,FALSE,true,Recalculation of all alkenone CO2 results using uniform calculation methods and comprehensive treatment of uncertainties.,true,false,FALSE,false,
phytoplankton_zhang_2019_p1.0.xlsx,Category 1: (a) Weighted mean of all methods with Category 1 estimates.,Phytoplankton,307.52,4,4,147.91,498.64,113.68,"Zhang, Yi Ge, et al. ""Refining the alkenone-pCO2 method I: Lessons from the Quaternary glacial cycles."" Geochimica et Cosmochimica Acta (2019).",Zhang 2019,false,1,Category 1: (a) Weighted mean of all methods with Category 1 estimates.,FALSE,true,Recalculation of all alkenone CO2 results using uniform calculation methods and comprehensive treatment of uncertainties.,true,false,FALSE,false,
phytoplankton_zhang_2019_p1.0.xlsx,Category 1: (a) Weighted mean of all methods with Category 1 estimates.,Phytoplankton,337.58,4,4,163.44,547.2,125.03,"Zhang, Yi Ge, et al. ""Refining the alkenone-pCO2 method I: Lessons from the Quaternary glacial cycles."" Geochimica et Cosmochimica Acta (2019).",Zhang 2019,false,1,Category 1: (a) Weighted mean of all methods with Category 1 estimates.,FALSE,true,Recalculation of all alkenone CO2 results using uniform calculation methods and comprehensive treatment of uncertainties.,true,false,FALSE,false,
phytoplankton_zhang_2019_p1.0.xlsx,Category 1: (a) Weighted mean of all methods with Category 1 estimates.,Phytoplankton,348.38,4,4,146.3,497.1,112.91,"Zhang, Yi Ge, et al. ""Refining the alkenone-pCO2 method I: Lessons from the Quaternary glacial cycles."" Geochimica et Cosmochimica Acta (2019).",Zhang 2019,false,1,Category 1: (a) Weighted mean of all methods with Category 1 estimates.,FALSE,true,Recalculation of all alkenone CO2 results using uniform calculation methods and comprehensive treatment of uncertainties.,true,false,FALSE,false,
phytoplankton_zhang_2019_p1.0.xlsx,Category 1: (a) Weighted mean of all methods with Category 1 estimates.,Phytoplankton,403.07,4,4,252.09,259.4,160.67,"Zhang, Yi Ge, et al. ""Refining the alkenone-pCO2 method I: Lessons from the Quaternary glacial cycles."" Geochimica et Cosmochimica Acta (2019).",Zhang 2019,false,1,Category 1: (a) Weighted mean of all methods with Category 1 estimates.,FALSE,true,Recalculation of all alkenone CO2 results using uniform calculation methods and comprehensive treatment of uncertainties.,true,false,FALSE,false,
phytoplankton_zhang_2019_p1.0.xlsx,Category 1: (a) Weighted mean of all methods with Category 1 estimates.,Phytoplankton,415.28,4,4,158.85,548.72,121,"Zhang, Yi Ge, et al. ""Refining the alkenone-pCO2 method I: Lessons from the Quaternary glacial cycles."" Geochimica et Cosmochimica Acta (2019).",Zhang 2019,false,1,Category 1: (a) Weighted mean of all methods with Category 1 estimates.,FALSE,true,Recalculation of all alkenone CO2 results using uniform calculation methods and comprehensive treatment of uncertainties.,true,false,FALSE,false,
phytoplankton_zhang_2019_p1.0.xlsx,Category 1: (a) Weighted mean of all methods with Category 1 estimates.,Phytoplankton,485.27,4,4,165.31,573.6,125.01,"Zhang, Yi Ge, et al. ""Refining the alkenone-pCO2 method I: Lessons from the Quaternary glacial cycles."" Geochimica et Cosmochimica Acta (2019).",Zhang 2019,false,1,Category 1: (a) Weighted mean of all methods with Category 1 estimates.,FALSE,true,Recalculation of all alkenone CO2 results using uniform calculation methods and comprehensive treatment of uncertainties.,true,false,FALSE,false,
phytoplankton_zhang_2019_p1.0.xlsx,Category 1: (a) Weighted mean of all methods with Category 1 estimates.,Phytoplankton,616.27,4,4,166.37,591.69,127.58,"Zhang, Yi Ge, et al. ""Refining the alkenone-pCO2 method I: Lessons from the Quaternary glacial cycles."" Geochimica et Cosmochimica Acta (2019).",Zhang 2019,false,1,Category 1: (a) Weighted mean of all methods with Category 1 estimates.,FALSE,true,Recalculation of all alkenone CO2 results using uniform calculation methods and comprehensive treatment of uncertainties.,true,false,FALSE,false,
phytoplankton_zhang_2019_p1.0.xlsx,Category 1: (a) Weighted mean of all methods with Category 1 estimates.,Phytoplankton,643.08,4,4,167.17,571.18,127.71,"Zhang, Yi Ge, et al. ""Refining the alkenone-pCO2 method I: Lessons from the Quaternary glacial cycles."" Geochimica et Cosmochimica Acta (2019).",Zhang 2019,false,1,Category 1: (a) Weighted mean of all methods with Category 1 estimates.,FALSE,true,Recalculation of all alkenone CO2 results using uniform calculation methods and comprehensive treatment of uncertainties.,true,false,FALSE,false,
phytoplankton_zhang_2019_p1.0.xlsx,Category 1: (a) Weighted mean of all methods with Category 1 estimates.,Phytoplankton,702.17,4,4,191.15,682.82,146.84,"Zhang, Yi Ge, et al. ""Refining the alkenone-pCO2 method I: Lessons from the Quaternary glacial cycles."" Geochimica et Cosmochimica Acta (2019).",Zhang 2019,false,1,Category 1: (a) Weighted mean of all methods with Category 1 estimates.,FALSE,true,Recalculation of all alkenone CO2 results using uniform calculation methods and comprehensive treatment of uncertainties.,true,false,FALSE,false,
phytoplankton_zhang_2019_p1.0.xlsx,Category 1: (a) Weighted mean of all methods with Category 1 estimates.,Phytoplankton,707.44,4,4,158.67,532.02,119.46,"Zhang, Yi Ge, et al. ""Refining the alkenone-pCO2 method I: Lessons from the Quaternary glacial cycles."" Geochimica et Cosmochimica Acta (2019).",Zhang 2019,false,1,Category 1: (a) Weighted mean of all methods with Category 1 estimates.,FALSE,true,Recalculation of all alkenone CO2 results using uniform calculation methods and comprehensive treatment of uncertainties.,true,false,FALSE,false,
phytoplankton_zhang_2019_p1.0.xlsx,Category 1: (a) Weighted mean of all methods with Category 1 estimates.,Phytoplankton,721.21,4,4,156.51,527.11,119.73,"Zhang, Yi Ge, et al. ""Refining the alkenone-pCO2 method I: Lessons from the Quaternary glacial cycles."" Geochimica et Cosmochimica Acta (2019).",Zhang 2019,false,1,Category 1: (a) Weighted mean of all methods with Category 1 estimates.,FALSE,true,Recalculation of all alkenone CO2 results using uniform calculation methods and comprehensive treatment of uncertainties.,true,false,FALSE,false,
phytoplankton_zhang_2019_p1.0.xlsx,Category 1: (a) Weighted mean of all methods with Category 1 estimates.,Phytoplankton,789.46,4,4,164.65,559.3,125.54,"Zhang, Yi Ge, et al. ""Refining the alkenone-pCO2 method I: Lessons from the Quaternary glacial cycles."" Geochimica et Cosmochimica Acta (2019).",Zhang 2019,false,1,Category 1: (a) Weighted mean of all methods with Category 1 estimates.,FALSE,true,Recalculation of all alkenone CO2 results using uniform calculation methods and comprehensive treatment of uncertainties.,true,false,FALSE,false,
phytoplankton_badger_2013b_p1.0.xlsx,Category 1: (a) Weighted mean of all methods with Category 1 estimates.,Phytoplankton,13799,69.9,69.9,145.47,495.22,110.5,"Badger, M. P. S., C. H. Lear, R. D. Pancost, G. L. Foster, T. R. Bailey, M. J. Leng, and H. A. Abels (2013), CO2 drawdown following the middle Miocene expansion of the Antarctic Ice Sheet, Paleoceanography, 28, 42–53, doi:10.1002/palo.20015",Badger 2013b,false,1,Category 1: (a) Weighted mean of all methods with Category 1 estimates.,FALSE,true,Recalculation of all alkenone CO2 results using uniform calculation methods and comprehensive treatment of uncertainties.,true,false,FALSE,false,
phytoplankton_badger_2013b_p1.0.xlsx,Category 1: (a) Weighted mean of all methods with Category 1 estimates.,Phytoplankton,13792,69.87,69.87,142.38,489.79,107.83,"Badger, M. P. S., C. H. Lear, R. D. Pancost, G. L. Foster, T. R. Bailey, M. J. Leng, and H. A. Abels (2013), CO2 drawdown following the middle Miocene expansion of the Antarctic Ice Sheet, Paleoceanography, 28, 42–53, doi:10.1002/palo.20015",Badger 2013b,false,1,Category 1: (a) Weighted mean of all methods with Category 1 estimates.,FALSE,true,Recalculation of all alkenone CO2 results using uniform calculation methods and comprehensive treatment of uncertainties.,true,false,FALSE,false,
phytoplankton_badger_2013b_p1.0.xlsx,Category 1: (a) Weighted mean of all methods with Category 1 estimates.,Phytoplankton,13786,69.84,69.84,137.02,463.78,103.79,"Badger, M. P. S., C. H. Lear, R. D. Pancost, G. L. Foster, T. R. Bailey, M. J. Leng, and H. A. Abels (2013), CO2 drawdown following the middle Miocene expansion of the Antarctic Ice Sheet, Paleoceanography, 28, 42–53, doi:10.1002/palo.20015",Badger 2013b,false,1,Category 1: (a) Weighted mean of all methods with Category 1 estimates.,FALSE,true,Recalculation of all alkenone CO2 results using uniform calculation methods and comprehensive treatment of uncertainties.,true,false,FALSE,false,
phytoplankton_badger_2013b_p1.0.xlsx,Category 1: (a) Weighted mean of all methods with Category 1 estimates.,Phytoplankton,13779,69.8,69.8,143.01,483.97,109.45,"Badger, M. P. S., C. H. Lear, R. D. Pancost, G. L. Foster, T. R. Bailey, M. J. Leng, and H. A. Abels (2013), CO2 drawdown following the middle Miocene expansion of the Antarctic Ice Sheet, Paleoceanography, 28, 42–53, doi:10.1002/palo.20015",Badger 2013b,false,1,Category 1: (a) Weighted mean of all methods with Category 1 estimates.,FALSE,true,Recalculation of all alkenone CO2 results using uniform calculation methods and comprehensive treatment of uncertainties.,true,false,FALSE,false,
phytoplankton_badger_2013b_p1.0.xlsx,Category 1: (a) Weighted mean of all methods with Category 1 estimates.,Phytoplankton,13773,69.78,69.78,147.14,517.57,112.94,"Badger, M. P. S., C. H. Lear, R. D. Pancost, G. L. Foster, T. R. Bailey, M. J. Leng, and H. A. Abels (2013), CO2 drawdown following the middle Miocene expansion of the Antarctic Ice Sheet, Paleoceanography, 28, 42–53, doi:10.1002/palo.20015",Badger 2013b,false,1,Category 1: (a) Weighted mean of all methods with Category 1 estimates.,FALSE,true,Recalculation of all alkenone CO2 results using uniform calculation methods and comprehensive treatment of uncertainties.,true,false,FALSE,false,
phytoplankton_badger_2013b_p1.0.xlsx,Category 1: (a) Weighted mean of all methods with Category 1 estimates.,Phytoplankton,13766,69.74,69.74,152.01,516.93,116.81,"Badger, M. P. S., C. H. Lear, R. D. Pancost, G. L. Foster, T. R. Bailey, M. J. Leng, and H. A. Abels (2013), CO2 drawdown following the middle Miocene expansion of the Antarctic Ice Sheet, Paleoceanography, 28, 42–53, doi:10.1002/palo.20015",Badger 2013b,false,1,Category 1: (a) Weighted mean of all methods with Category 1 estimates.,FALSE,true,Recalculation of all alkenone CO2 results using uniform calculation methods and comprehensive treatment of uncertainties.,true,false,FALSE,false,
phytoplankton_badger_2013b_p1.0.xlsx,Category 1: (a) Weighted mean of all methods with Category 1 estimates.,Phytoplankton,13760,69.71,69.71,139.09,464.62,106.1,"Badger, M. P. S., C. H. Lear, R. D. Pancost, G. L. Foster, T. R. Bailey, M. J. Leng, and H. A. Abels (2013), CO2 drawdown following the middle Miocene expansion of the Antarctic Ice Sheet, Paleoceanography, 28, 42–53, doi:10.1002/palo.20015",Badger 2013b,false,1,Category 1: (a) Weighted mean of all methods with Category 1 estimates.,FALSE,true,Recalculation of all alkenone CO2 results using uniform calculation methods and comprehensive treatment of uncertainties.,true,false,FALSE,false,
phytoplankton_badger_2013b_p1.0.xlsx,Category 1: (a) Weighted mean of all methods with Category 1 estimates.,Phytoplankton,13753,69.68,69.68,143.91,505.16,110.02,"Badger, M. P. S., C. H. Lear, R. D. Pancost, G. L. Foster, T. R. Bailey, M. J. Leng, and H. A. Abels (2013), CO2 drawdown following the middle Miocene expansion of the Antarctic Ice Sheet, Paleoceanography, 28, 42–53, doi:10.1002/palo.20015",Badger 2013b,false,1,Category 1: (a) Weighted mean of all methods with Category 1 estimates.,FALSE,true,Recalculation of all alkenone CO2 results using uniform calculation methods and comprehensive treatment of uncertainties.,true,false,FALSE,false,
phytoplankton_badger_2013b_p1.0.xlsx,Category 1: (a) Weighted mean of all methods with Category 1 estimates.,Phytoplankton,13741,69.62,69.62,141.33,468.3,107.4,"Badger, M. P. S., C. H. Lear, R. D. Pancost, G. L. Foster, T. R. Bailey, M. J. Leng, and H. A. Abels (2013), CO2 drawdown following the middle Miocene expansion of the Antarctic Ice Sheet, Paleoceanography, 28, 42–53, doi:10.1002/palo.20015",Badger 2013b,false,1,Category 1: (a) Weighted mean of all methods with Category 1 estimates.,FALSE,true,Recalculation of all alkenone CO2 results using uniform calculation methods and comprehensive treatment of uncertainties.,true,false,FALSE,false,
phytoplankton_badger_2013b_p1.0.xlsx,Category 1: (a) Weighted mean of all methods with Category 1 estimates.,Phytoplankton,13716,69.5,69.5,139.39,487.16,106.79,"Badger, M. P. S., C. H. Lear, R. D. Pancost, G. L. Foster, T. R. Bailey, M. J. Leng, and H. A. Abels (2013), CO2 drawdown following the middle Miocene expansion of the Antarctic Ice Sheet, Paleoceanography, 28, 42–53, doi:10.1002/palo.20015",Badger 2013b,false,1,Category 1: (a) Weighted mean of all methods with Category 1 estimates.,FALSE,true,Recalculation of all alkenone CO2 results using uniform calculation methods and comprehensive treatment of uncertainties.,true,false,FALSE,false,
phytoplankton_badger_2013b_p1.0.xlsx,Category 1: (a) Weighted mean of all methods with Category 1 estimates.,Phytoplankton,13709,69.47,69.47,134.03,455.64,103.18,"Badger, M. P. S., C. H. Lear, R. D. Pancost, G. L. Foster, T. R. Bailey, M. J. Leng, and H. A. Abels (2013), CO2 drawdown following the middle Miocene expansion of the Antarctic Ice Sheet, Paleoceanography, 28, 42–53, doi:10.1002/palo.20015",Badger 2013b,false,1,Category 1: (a) Weighted mean of all methods with Category 1 estimates.,FALSE,true,Recalculation of all alkenone CO2 results using uniform calculation methods and comprehensive treatment of uncertainties.,true,false,FALSE,false,
phytoplankton_badger_2013b_p1.0.xlsx,Category 1: (a) Weighted mean of all methods with Category 1 estimates.,Phytoplankton,13704,69.44,69.44,129.5,454.54,99.6,"Badger, M. P. S., C. H. Lear, R. D. Pancost, G. L. Foster, T. R. Bailey, M. J. Leng, and H. A. Abels (2013), CO2 drawdown following the middle Miocene expansion of the Antarctic Ice Sheet, Paleoceanography, 28, 42–53, doi:10.1002/palo.20015",Badger 2013b,false,1,Category 1: (a) Weighted mean of all methods with Category 1 estimates.,FALSE,true,Recalculation of all alkenone CO2 results using uniform calculation methods and comprehensive treatment of uncertainties.,true,false,FALSE,false,
phytoplankton_badger_2013b_p1.0.xlsx,Category 1: (a) Weighted mean of all methods with Category 1 estimates.,Phytoplankton,13693,69.39,69.39,139.27,462.65,106.61,"Badger, M. P. S., C. H. Lear, R. D. Pancost, G. L. Foster, T. R. Bailey, M. J. Leng, and H. A. Abels (2013), CO2 drawdown following the middle Miocene expansion of the Antarctic Ice Sheet, Paleoceanography, 28, 42–53, doi:10.1002/palo.20015",Badger 2013b,false,1,Category 1: (a) Weighted mean of all methods with Category 1 estimates.,FALSE,true,Recalculation of all alkenone CO2 results using uniform calculation methods and comprehensive treatment of uncertainties.,true,false,FALSE,false,
phytoplankton_badger_2013b_p1.0.xlsx,Category 1: (a) Weighted mean of all methods with Category 1 estimates.,Phytoplankton,13679,69.32,69.32,129.38,446.4,99.56,"Badger, M. P. S., C. H. Lear, R. D. Pancost, G. L. Foster, T. R. Bailey, M. J. Leng, and H. A. Abels (2013), CO2 drawdown following the middle Miocene expansion of the Antarctic Ice Sheet, Paleoceanography, 28, 42–53, doi:10.1002/palo.20015",Badger 2013b,false,1,Category 1: (a) Weighted mean of all methods with Category 1 estimates.,FALSE,true,Recalculation of all alkenone CO2 results using uniform calculation methods and comprehensive treatment of uncertainties.,true,false,FALSE,false,
phytoplankton_badger_2013b_p1.0.xlsx,Category 1: (a) Weighted mean of all methods with Category 1 estimates.,Phytoplankton,13672,69.29,69.29,136.85,477.24,103.53,"Badger, M. P. S., C. H. Lear, R. D. Pancost, G. L. Foster, T. R. Bailey, M. J. Leng, and H. A. Abels (2013), CO2 drawdown following the middle Miocene expansion of the Antarctic Ice Sheet, Paleoceanography, 28, 42–53, doi:10.1002/palo.20015",Badger 2013b,false,1,Category 1: (a) Weighted mean of all methods with Category 1 estimates.,FALSE,true,Recalculation of all alkenone CO2 results using uniform calculation methods and comprehensive treatment of uncertainties.,true,false,FALSE,false,
phytoplankton_badger_2013b_p1.0.xlsx,Category 1: (a) Weighted mean of all methods with Category 1 estimates.,Phytoplankton,13665,69.26,69.26,143.16,482.6,109.82,"Badger, M. P. S., C. H. Lear, R. D. Pancost, G. L. Foster, T. R. Bailey, M. J. Leng, and H. A. Abels (2013), CO2 drawdown following the middle Miocene expansion of the Antarctic Ice Sheet, Paleoceanography, 28, 42–53, doi:10.1002/palo.20015",Badger 2013b,false,1,Category 1: (a) Weighted mean of all methods with Category 1 estimates.,FALSE,true,Recalculation of all alkenone CO2 results using uniform calculation methods and comprehensive treatment of uncertainties.,true,false,FALSE,false,
phytoplankton_badger_2013b_p1.0.xlsx,Category 1: (a) Weighted mean of all methods with Category 1 estimates.,Phytoplankton,13658,69.22,69.22,143.07,475.8,108.65,"Badger, M. P. S., C. H. Lear, R. D. Pancost, G. L. Foster, T. R. Bailey, M. J. Leng, and H. A. Abels (2013), CO2 drawdown following the middle Miocene expansion of the Antarctic Ice Sheet, Paleoceanography, 28, 42–53, doi:10.1002/palo.20015",Badger 2013b,false,1,Category 1: (a) Weighted mean of all methods with Category 1 estimates.,FALSE,true,Recalculation of all alkenone CO2 results using uniform calculation methods and comprehensive treatment of uncertainties.,true,false,FALSE,false,
phytoplankton_badger_2013b_p1.0.xlsx,Category 1: (a) Weighted mean of all methods with Category 1 estimates.,Phytoplankton,13651,69.19,69.19,143.55,477.7,109.02,"Badger, M. P. S., C. H. Lear, R. D. Pancost, G. L. Foster, T. R. Bailey, M. J. Leng, and H. A. Abels (2013), CO2 drawdown following the middle Miocene expansion of the Antarctic Ice Sheet, Paleoceanography, 28, 42–53, doi:10.1002/palo.20015",Badger 2013b,false,1,Category 1: (a) Weighted mean of all methods with Category 1 estimates.,FALSE,true,Recalculation of all alkenone CO2 results using uniform calculation methods and comprehensive treatment of uncertainties.,true,false,FALSE,false,
phytoplankton_badger_2013b_p1.0.xlsx,Category 1: (a) Weighted mean of all methods with Category 1 estimates.,Phytoplankton,13644,69.16,69.16,142.55,473.37,108.79,"Badger, M. P. S., C. H. Lear, R. D. Pancost, G. L. Foster, T. R. Bailey, M. J. Leng, and H. A. Abels (2013), CO2 drawdown following the middle Miocene expansion of the Antarctic Ice Sheet, Paleoceanography, 28, 42–53, doi:10.1002/palo.20015",Badger 2013b,false,1,Category 1: (a) Weighted mean of all methods with Category 1 estimates.,FALSE,true,Recalculation of all alkenone CO2 results using uniform calculation methods and comprehensive treatment of uncertainties.,true,false,FALSE,false,
phytoplankton_badger_2013b_p1.0.xlsx,Category 1: (a) Weighted mean of all methods with Category 1 estimates.,Phytoplankton,13602,68.95,68.95,127.97,423.11,97.69,"Badger, M. P. S., C. H. Lear, R. D. Pancost, G. L. Foster, T. R. Bailey, M. J. Leng, and H. A. Abels (2013), CO2 drawdown following the middle Miocene expansion of the Antarctic Ice Sheet, Paleoceanography, 28, 42–53, doi:10.1002/palo.20015",Badger 2013b,false,1,Category 1: (a) Weighted mean of all methods with Category 1 estimates.,FALSE,true,Recalculation of all alkenone CO2 results using uniform calculation methods and comprehensive treatment of uncertainties.,true,false,FALSE,false,
phytoplankton_badger_2013b_p1.0.xlsx,Category 1: (a) Weighted mean of all methods with Category 1 estimates.,Phytoplankton,12811,65.15,65.15,138.44,446.28,105.49,"Badger, M. P. S., C. H. Lear, R. D. Pancost, G. L. Foster, T. R. Bailey, M. J. Leng, and H. A. Abels (2013), CO2 drawdown following the middle Miocene expansion of the Antarctic Ice Sheet, Paleoceanography, 28, 42–53, doi:10.1002/palo.20015",Badger 2013b,false,1,Category 1: (a) Weighted mean of all methods with Category 1 estimates.,FALSE,true,Recalculation of all alkenone CO2 results using uniform calculation methods and comprehensive treatment of uncertainties.,true,false,FALSE,false,
phytoplankton_bolton_2016_p1.0.xlsx,Category 1: (a) Weighted mean of all methods with Category 1 estimates.,Phytoplankton,4008.87,30,30,374.35,620.36,179.98,"Bolton, Clara T., et al. ""Decrease in coccolithophore calcification and CO 2 since the middle Miocene."" Nature communications 7.1 (2016): 1-13.",Bolton 2016,false,1,Category 1: (a) Weighted mean of all methods with Category 1 estimates.,FALSE,true,Recalculation of all alkenone CO2 results using uniform calculation methods and comprehensive treatment of uncertainties.,true,false,FALSE,false,
phytoplankton_bolton_2016_p1.0.xlsx,Category 1: (a) Weighted mean of all methods with Category 1 estimates.,Phytoplankton,5002.55,40,40,334.89,521.15,158.5,"Bolton, Clara T., et al. ""Decrease in coccolithophore calcification and CO 2 since the middle Miocene."" Nature communications 7.1 (2016): 1-13.",Bolton 2016,false,1,Category 1: (a) Weighted mean of all methods with Category 1 estimates.,FALSE,true,Recalculation of all alkenone CO2 results using uniform calculation methods and comprehensive treatment of uncertainties.,true,false,FALSE,false,
phytoplankton_bolton_2016_p1.0.xlsx,Category 1: (a) Weighted mean of all methods with Category 1 estimates.,Phytoplankton,6003.48,31.75,31.75,402.12,672.02,198.23,"Bolton, Clara T., et al. ""Decrease in coccolithophore calcification and CO 2 since the middle Miocene."" Nature communications 7.1 (2016): 1-13.",Bolton 2016,false,1,Category 1: (a) Weighted mean of all methods with Category 1 estimates.,FALSE,true,Recalculation of all alkenone CO2 results using uniform calculation methods and comprehensive treatment of uncertainties.,true,false,FALSE,false,
phytoplankton_bolton_2016_p1.0.xlsx,Category 1: (a) Weighted mean of all methods with Category 1 estimates.,Phytoplankton,7001.28,36.73,36.73,503.35,975.38,261.59,"Bolton, Clara T., et al. ""Decrease in coccolithophore calcification and CO 2 since the middle Miocene."" Nature communications 7.1 (2016): 1-13.",Bolton 2016,false,1,Category 1: (a) Weighted mean of all methods with Category 1 estimates.,FALSE,true,Recalculation of all alkenone CO2 results using uniform calculation methods and comprehensive treatment of uncertainties.,true,false,FALSE,false,
phytoplankton_bolton_2016_p1.0.xlsx,Category 1: (a) Weighted mean of all methods with Category 1 estimates.,Phytoplankton,8000.36,41.69,41.69,246.55,296.5,105.6,"Bolton, Clara T., et al. ""Decrease in coccolithophore calcification and CO 2 since the middle Miocene."" Nature communications 7.1 (2016): 1-13.",Bolton 2016,false,1,Category 1: (a) Weighted mean of all methods with Category 1 estimates.,FALSE,true,Recalculation of all alkenone CO2 results using uniform calculation methods and comprehensive treatment of uncertainties.,true,false,FALSE,false,
phytoplankton_bolton_2016_p1.0.xlsx,Category 1: (a) Weighted mean of all methods with Category 1 estimates.,Phytoplankton,9308.14,48.12,48.12,423.12,739.74,205.07,"Bolton, Clara T., et al. ""Decrease in coccolithophore calcification and CO 2 since the middle Miocene."" Nature communications 7.1 (2016): 1-13.",Bolton 2016,false,1,Category 1: (a) Weighted mean of all methods with Category 1 estimates.,FALSE,true,Recalculation of all alkenone CO2 results using uniform calculation methods and comprehensive treatment of uncertainties.,true,false,FALSE,false,
phytoplankton_bolton_2016_p1.0.xlsx,Category 1: (a) Weighted mean of all methods with Category 1 estimates.,Phytoplankton,10330.11,53.12,53.12,285.05,404.16,125.76,"Bolton, Clara T., et al. ""Decrease in coccolithophore calcification and CO 2 since the middle Miocene."" Nature communications 7.1 (2016): 1-13.",Bolton 2016,false,1,Category 1: (a) Weighted mean of all methods with Category 1 estimates.,FALSE,true,Recalculation of all alkenone CO2 results using uniform calculation methods and comprehensive treatment of uncertainties.,true,false,FALSE,false,
phytoplankton_bolton_2016_p1.0.xlsx,Category 1: (a) Weighted mean of all methods with Category 1 estimates.,Phytoplankton,11200.48,57.35,57.35,322.33,482.78,148.08,"Bolton, Clara T., et al. ""Decrease in coccolithophore calcification and CO 2 since the middle Miocene."" Nature communications 7.1 (2016): 1-13.",Bolton 2016,false,1,Category 1: (a) Weighted mean of all methods with Category 1 estimates.,FALSE,true,Recalculation of all alkenone CO2 results using uniform calculation methods and comprehensive treatment of uncertainties.,true,false,FALSE,false,
phytoplankton_bolton_2016_p1.0.xlsx,Category 1: (a) Weighted mean of all methods with Category 1 estimates.,Phytoplankton,12463.48,63.47,63.47,375.31,584.18,181.41,"Bolton, Clara T., et al. ""Decrease in coccolithophore calcification and CO 2 since the middle Miocene."" Nature communications 7.1 (2016): 1-13.",Bolton 2016,false,1,Category 1: (a) Weighted mean of all methods with Category 1 estimates.,FALSE,true,Recalculation of all alkenone CO2 results using uniform calculation methods and comprehensive treatment of uncertainties.,true,false,FALSE,false,
phytoplankton_bolton_2016_p1.0.xlsx,Category 1: (a) Weighted mean of all methods with Category 1 estimates.,Phytoplankton,13100.7,66.54,66.54,336.24,482.27,155.14,"Bolton, Clara T., et al. ""Decrease in coccolithophore calcification and CO 2 since the middle Miocene."" Nature communications 7.1 (2016): 1-13.",Bolton 2016,false,1,Category 1: (a) Weighted mean of all methods with Category 1 estimates.,FALSE,true,Recalculation of all alkenone CO2 results using uniform calculation methods and comprehensive treatment of uncertainties.,true,false,FALSE,false,
phytoplankton_bolton_2016_p1.0.xlsx,Category 1: (a) Weighted mean of all methods with Category 1 estimates.,Phytoplankton,14358.44,72.59,72.59,558.17,1095.94,289.89,"Bolton, Clara T., et al. ""Decrease in coccolithophore calcification and CO 2 since the middle Miocene."" Nature communications 7.1 (2016): 1-13.",Bolton 2016,false,1,Category 1: (a) Weighted mean of all methods with Category 1 estimates.,FALSE,true,Recalculation of all alkenone CO2 results using uniform calculation methods and comprehensive treatment of uncertainties.,true,false,FALSE,false,
phytoplankton_bolton_2016_p1.0.xlsx,Category 1: (a) Weighted mean of all methods with Category 1 estimates.,Phytoplankton,15756.16,79.27,79.27,655.15,1353.91,363.96,"Bolton, Clara T., et al. ""Decrease in coccolithophore calcification and CO 2 since the middle Miocene."" Nature communications 7.1 (2016): 1-13.",Bolton 2016,false,1,Category 1: (a) Weighted mean of all methods with Category 1 estimates.,FALSE,true,Recalculation of all alkenone CO2 results using uniform calculation methods and comprehensive treatment of uncertainties.,true,false,FALSE,false,
phytoplankton_gonzalez-lanchas_2021_p1.0.xlsx,Category 1: (a) Weighted mean of all methods with Category 1 estimates.,Phytoplankton,334.69,4,4,366.36,572.02,172.69,"González-Lanchas, A., Hernández- Alméida, I., Flores, J.-A., Sierro, F. J., Guitian, J., & Stoll, H. M. (2021). Carbon isotopic fractionation of alkenones and Gephyrocapsa coccoliths over the Late Quaternary (marine isotope stages 12–9) glacial-interglacial cycles at the western tropical Atlantic. Paleoceanography and Paleoclimatology, 36, e2020PA004175. https://doi. org/10.1029/2020PA004175",Gonzalez-Lanchas 2021,false,1,Category 1: (a) Weighted mean of all methods with Category 1 estimates.,FALSE,true,Recalculation of all alkenone CO2 results using uniform calculation methods and comprehensive treatment of uncertainties.,true,false,FALSE,false,
phytoplankton_gonzalez-lanchas_2021_p1.0.xlsx,Category 1: (a) Weighted mean of all methods with Category 1 estimates.,Phytoplankton,345.77,4,4,199.35,222.6,80.58,"González-Lanchas, A., Hernández- Alméida, I., Flores, J.-A., Sierro, F. J., Guitian, J., & Stoll, H. M. (2021). Carbon isotopic fractionation of alkenones and Gephyrocapsa coccoliths over the Late Quaternary (marine isotope stages 12–9) glacial-interglacial cycles at the western tropical Atlantic. Paleoceanography and Paleoclimatology, 36, e2020PA004175. https://doi. org/10.1029/2020PA004175",Gonzalez-Lanchas 2021,false,1,Category 1: (a) Weighted mean of all methods with Category 1 estimates.,FALSE,true,Recalculation of all alkenone CO2 results using uniform calculation methods and comprehensive treatment of uncertainties.,true,false,FALSE,false,
phytoplankton_gonzalez-lanchas_2021_p1.0.xlsx,Category 1: (a) Weighted mean of all methods with Category 1 estimates.,Phytoplankton,357.86,4,4,224.23,267.69,92.78,"González-Lanchas, A., Hernández- Alméida, I., Flores, J.-A., Sierro, F. J., Guitian, J., & Stoll, H. M. (2021). Carbon isotopic fractionation of alkenones and Gephyrocapsa coccoliths over the Late Quaternary (marine isotope stages 12–9) glacial-interglacial cycles at the western tropical Atlantic. Paleoceanography and Paleoclimatology, 36, e2020PA004175. https://doi. org/10.1029/2020PA004175",Gonzalez-Lanchas 2021,false,1,Category 1: (a) Weighted mean of all methods with Category 1 estimates.,FALSE,true,Recalculation of all alkenone CO2 results using uniform calculation methods and comprehensive treatment of uncertainties.,true,false,FALSE,false,
phytoplankton_gonzalez-lanchas_2021_p1.0.xlsx,Category 1: (a) Weighted mean of all methods with Category 1 estimates.,Phytoplankton,365.13,4,4,231.38,295.08,98.81,"González-Lanchas, A., Hernández- Alméida, I., Flores, J.-A., Sierro, F. J., Guitian, J., & Stoll, H. M. (2021). Carbon isotopic fractionation of alkenones and Gephyrocapsa coccoliths over the Late Quaternary (marine isotope stages 12–9) glacial-interglacial cycles at the western tropical Atlantic. Paleoceanography and Paleoclimatology, 36, e2020PA004175. https://doi. org/10.1029/2020PA004175",Gonzalez-Lanchas 2021,false,1,Category 1: (a) Weighted mean of all methods with Category 1 estimates.,FALSE,true,Recalculation of all alkenone CO2 results using uniform calculation methods and comprehensive treatment of uncertainties.,true,false,FALSE,false,
phytoplankton_gonzalez-lanchas_2021_p1.0.xlsx,Category 1: (a) Weighted mean of all methods with Category 1 estimates.,Phytoplankton,374.57,4,4,194.16,223.87,76.68,"González-Lanchas, A., Hernández- Alméida, I., Flores, J.-A., Sierro, F. J., Guitian, J., & Stoll, H. M. (2021). Carbon isotopic fractionation of alkenones and Gephyrocapsa coccoliths over the Late Quaternary (marine isotope stages 12–9) glacial-interglacial cycles at the western tropical Atlantic. Paleoceanography and Paleoclimatology, 36, e2020PA004175. https://doi. org/10.1029/2020PA004175",Gonzalez-Lanchas 2021,false,1,Category 1: (a) Weighted mean of all methods with Category 1 estimates.,FALSE,true,Recalculation of all alkenone CO2 results using uniform calculation methods and comprehensive treatment of uncertainties.,true,false,FALSE,false,
phytoplankton_gonzalez-lanchas_2021_p1.0.xlsx,Category 1: (a) Weighted mean of all methods with Category 1 estimates.,Phytoplankton,389.35,4,4,235.27,283.04,98.34,"González-Lanchas, A., Hernández- Alméida, I., Flores, J.-A., Sierro, F. J., Guitian, J., & Stoll, H. M. (2021). Carbon isotopic fractionation of alkenones and Gephyrocapsa coccoliths over the Late Quaternary (marine isotope stages 12–9) glacial-interglacial cycles at the western tropical Atlantic. Paleoceanography and Paleoclimatology, 36, e2020PA004175. https://doi. org/10.1029/2020PA004175",Gonzalez-Lanchas 2021,false,1,Category 1: (a) Weighted mean of all methods with Category 1 estimates.,FALSE,true,Recalculation of all alkenone CO2 results using uniform calculation methods and comprehensive treatment of uncertainties.,true,false,FALSE,false,
phytoplankton_gonzalez-lanchas_2021_p1.0.xlsx,Category 1: (a) Weighted mean of all methods with Category 1 estimates.,Phytoplankton,399.35,4,4,243.31,318.26,103.43,"González-Lanchas, A., Hernández- Alméida, I., Flores, J.-A., Sierro, F. J., Guitian, J., & Stoll, H. M. (2021). Carbon isotopic fractionation of alkenones and Gephyrocapsa coccoliths over the Late Quaternary (marine isotope stages 12–9) glacial-interglacial cycles at the western tropical Atlantic. Paleoceanography and Paleoclimatology, 36, e2020PA004175. https://doi. org/10.1029/2020PA004175",Gonzalez-Lanchas 2021,false,1,Category 1: (a) Weighted mean of all methods with Category 1 estimates.,FALSE,true,Recalculation of all alkenone CO2 results using uniform calculation methods and comprehensive treatment of uncertainties.,true,false,FALSE,false,
phytoplankton_gonzalez-lanchas_2021_p1.0.xlsx,Category 1: (a) Weighted mean of all methods with Category 1 estimates.,Phytoplankton,405.23,4,4,208.43,240.2,83.84,"González-Lanchas, A., Hernández- Alméida, I., Flores, J.-A., Sierro, F. J., Guitian, J., & Stoll, H. M. (2021). Carbon isotopic fractionation of alkenones and Gephyrocapsa coccoliths over the Late Quaternary (marine isotope stages 12–9) glacial-interglacial cycles at the western tropical Atlantic. Paleoceanography and Paleoclimatology, 36, e2020PA004175. https://doi. org/10.1029/2020PA004175",Gonzalez-Lanchas 2021,false,1,Category 1: (a) Weighted mean of all methods with Category 1 estimates.,FALSE,true,Recalculation of all alkenone CO2 results using uniform calculation methods and comprehensive treatment of uncertainties.,true,false,FALSE,false,
phytoplankton_gonzalez-lanchas_2021_p1.0.xlsx,Category 1: (a) Weighted mean of all methods with Category 1 estimates.,Phytoplankton,410.06,4,4,253.8,332.93,106.18,"González-Lanchas, A., Hernández- Alméida, I., Flores, J.-A., Sierro, F. J., Guitian, J., & Stoll, H. M. (2021). Carbon isotopic fractionation of alkenones and Gephyrocapsa coccoliths over the Late Quaternary (marine isotope stages 12–9) glacial-interglacial cycles at the western tropical Atlantic. Paleoceanography and Paleoclimatology, 36, e2020PA004175. https://doi. org/10.1029/2020PA004175",Gonzalez-Lanchas 2021,false,1,Category 1: (a) Weighted mean of all methods with Category 1 estimates.,FALSE,true,Recalculation of all alkenone CO2 results using uniform calculation methods and comprehensive treatment of uncertainties.,true,false,FALSE,false,
phytoplankton_gonzalez-lanchas_2021_p1.0.xlsx,Category 1: (a) Weighted mean of all methods with Category 1 estimates.,Phytoplankton,414.33,4,4,281.67,401.12,123.8,"González-Lanchas, A., Hernández- Alméida, I., Flores, J.-A., Sierro, F. J., Guitian, J., & Stoll, H. M. (2021). Carbon isotopic fractionation of alkenones and Gephyrocapsa coccoliths over the Late Quaternary (marine isotope stages 12–9) glacial-interglacial cycles at the western tropical Atlantic. Paleoceanography and Paleoclimatology, 36, e2020PA004175. https://doi. org/10.1029/2020PA004175",Gonzalez-Lanchas 2021,false,1,Category 1: (a) Weighted mean of all methods with Category 1 estimates.,FALSE,true,Recalculation of all alkenone CO2 results using uniform calculation methods and comprehensive treatment of uncertainties.,true,false,FALSE,false,
phytoplankton_gonzalez-lanchas_2021_p1.0.xlsx,Category 1: (a) Weighted mean of all methods with Category 1 estimates.,Phytoplankton,447.63,4,4,200.08,229.77,78.16,"González-Lanchas, A., Hernández- Alméida, I., Flores, J.-A., Sierro, F. J., Guitian, J., & Stoll, H. M. (2021). Carbon isotopic fractionation of alkenones and Gephyrocapsa coccoliths over the Late Quaternary (marine isotope stages 12–9) glacial-interglacial cycles at the western tropical Atlantic. Paleoceanography and Paleoclimatology, 36, e2020PA004175. https://doi. org/10.1029/2020PA004175",Gonzalez-Lanchas 2021,false,1,Category 1: (a) Weighted mean of all methods with Category 1 estimates.,FALSE,true,Recalculation of all alkenone CO2 results using uniform calculation methods and comprehensive treatment of uncertainties.,true,false,FALSE,false,
phytoplankton_gonzalez-lanchas_2021_p1.0.xlsx,Category 1: (a) Weighted mean of all methods with Category 1 estimates.,Phytoplankton,454.24,4,4,179.96,606.76,138.09,"González-Lanchas, A., Hernández- Alméida, I., Flores, J.-A., Sierro, F. J., Guitian, J., & Stoll, H. M. (2021). Carbon isotopic fractionation of alkenones and Gephyrocapsa coccoliths over the Late Quaternary (marine isotope stages 12–9) glacial-interglacial cycles at the western tropical Atlantic. Paleoceanography and Paleoclimatology, 36, e2020PA004175. https://doi. org/10.1029/2020PA004175",Gonzalez-Lanchas 2021,false,1,Category 1: (a) Weighted mean of all methods with Category 1 estimates.,FALSE,true,Recalculation of all alkenone CO2 results using uniform calculation methods and comprehensive treatment of uncertainties.,true,false,FALSE,false,
phytoplankton_zhang_2020_p1.0.xlsx,Category 1: (a) Weighted mean of all methods with Category 1 estimates.,Phytoplankton,37.12,4,4,177.45,588.91,135.81,"Zhang, Y.G., Henderiks, J. and Liu, X. (2020) Refining the alkenone-pCO2 method II: Towards resolving the physiological parameter ‘b’. Geochimica et Cosmochimica Acta 281, 118-134.",Zhang 2020,false,1,Category 1: (a) Weighted mean of all methods with Category 1 estimates.,FALSE,true,Recalculation of all alkenone CO2 results using uniform calculation methods and comprehensive treatment of uncertainties.,true,false,FALSE,false,
phytoplankton_zhang_2020_p1.0.xlsx,Category 1: (a) Weighted mean of all methods with Category 1 estimates.,Phytoplankton,37.59,4,4,176.2,614.97,134.49,"Zhang, Y.G., Henderiks, J. and Liu, X. (2020) Refining the alkenone-pCO2 method II: Towards resolving the physiological parameter ‘b’. Geochimica et Cosmochimica Acta 281, 118-134.",Zhang 2020,false,1,Category 1: (a) Weighted mean of all methods with Category 1 estimates.,FALSE,true,Recalculation of all alkenone CO2 results using uniform calculation methods and comprehensive treatment of uncertainties.,true,false,FALSE,false,
phytoplankton_zhang_2020_p1.0.xlsx,Category 1: (a) Weighted mean of all methods with Category 1 estimates.,Phytoplankton,99.65,4,4,201.22,727.62,156.98,"Zhang, Y.G., Henderiks, J. and Liu, X. (2020) Refining the alkenone-pCO2 method II: Towards resolving the physiological parameter ‘b’. Geochimica et Cosmochimica Acta 281, 118-134.",Zhang 2020,false,1,Category 1: (a) Weighted mean of all methods with Category 1 estimates.,FALSE,true,Recalculation of all alkenone CO2 results using uniform calculation methods and comprehensive treatment of uncertainties.,true,false,FALSE,false,
phytoplankton_zhang_2020_p1.0.xlsx,Category 1: (a) Weighted mean of all methods with Category 1 estimates.,Phytoplankton,100.05,4,4,199.79,717.29,155.33,"Zhang, Y.G., Henderiks, J. and Liu, X. (2020) Refining the alkenone-pCO2 method II: Towards resolving the physiological parameter ‘b’. Geochimica et Cosmochimica Acta 281, 118-134.",Zhang 2020,false,1,Category 1: (a) Weighted mean of all methods with Category 1 estimates.,FALSE,true,Recalculation of all alkenone CO2 results using uniform calculation methods and comprehensive treatment of uncertainties.,true,false,FALSE,false,
phytoplankton_zhang_2020_p1.0.xlsx,Category 1: (a) Weighted mean of all methods with Category 1 estimates.,Phytoplankton,100.46,4,4,202.99,691.73,158.41,"Zhang, Y.G., Henderiks, J. and Liu, X. (2020) Refining the alkenone-pCO2 method II: Towards resolving the physiological parameter ‘b’. Geochimica et Cosmochimica Acta 281, 118-134.",Zhang 2020,false,1,Category 1: (a) Weighted mean of all methods with Category 1 estimates.,FALSE,true,Recalculation of all alkenone CO2 results using uniform calculation methods and comprehensive treatment of uncertainties.,true,false,FALSE,false,
phytoplankton_zhang_2020_p1.0.xlsx,Category 1: (a) Weighted mean of all methods with Category 1 estimates.,Phytoplankton,124.78,4,4,202.04,735.26,156.47,"Zhang, Y.G., Henderiks, J. and Liu, X. (2020) Refining the alkenone-pCO2 method II: Towards resolving the physiological parameter ‘b’. Geochimica et Cosmochimica Acta 281, 118-134.",Zhang 2020,false,1,Category 1: (a) Weighted mean of all methods with Category 1 estimates.,FALSE,true,Recalculation of all alkenone CO2 results using uniform calculation methods and comprehensive treatment of uncertainties.,true,false,FALSE,false,
phytoplankton_zhang_2020_p1.0.xlsx,Category 1: (a) Weighted mean of all methods with Category 1 estimates.,Phytoplankton,137.51,4,4,187.94,658.33,143.43,"Zhang, Y.G., Henderiks, J. and Liu, X. (2020) Refining the alkenone-pCO2 method II: Towards resolving the physiological parameter ‘b’. Geochimica et Cosmochimica Acta 281, 118-134.",Zhang 2020,false,1,Category 1: (a) Weighted mean of all methods with Category 1 estimates.,FALSE,true,Recalculation of all alkenone CO2 results using uniform calculation methods and comprehensive treatment of uncertainties.,true,false,FALSE,false,
phytoplankton_zhang_2020_p1.0.xlsx,Category 1: (a) Weighted mean of all methods with Category 1 estimates.,Phytoplankton,157.31,4,4,161.77,525.82,124.29,"Zhang, Y.G., Henderiks, J. and Liu, X. (2020) Refining the alkenone-pCO2 method II: Towards resolving the physiological parameter ‘b’. Geochimica et Cosmochimica Acta 281, 118-134.",Zhang 2020,false,1,Category 1: (a) Weighted mean of all methods with Category 1 estimates.,FALSE,true,Recalculation of all alkenone CO2 results using uniform calculation methods and comprehensive treatment of uncertainties.,true,false,FALSE,false,
phytoplankton_zhang_2020_p1.0.xlsx,Category 1: (a) Weighted mean of all methods with Category 1 estimates.,Phytoplankton,159.95,4,4,174.39,595.27,133.57,"Zhang, Y.G., Henderiks, J. and Liu, X. (2020) Refining the alkenone-pCO2 method II: Towards resolving the physiological parameter ‘b’. Geochimica et Cosmochimica Acta 281, 118-134.",Zhang 2020,false,1,Category 1: (a) Weighted mean of all methods with Category 1 estimates.,FALSE,true,Recalculation of all alkenone CO2 results using uniform calculation methods and comprehensive treatment of uncertainties.,true,false,FALSE,false,
phytoplankton_zhang_2020_p1.0.xlsx,Category 1: (a) Weighted mean of all methods with Category 1 estimates.,Phytoplankton,182.39,4,4,193.54,688.74,148.29,"Zhang, Y.G., Henderiks, J. and Liu, X. (2020) Refining the alkenone-pCO2 method II: Towards resolving the physiological parameter ‘b’. Geochimica et Cosmochimica Acta 281, 118-134.",Zhang 2020,false,1,Category 1: (a) Weighted mean of all methods with Category 1 estimates.,FALSE,true,Recalculation of all alkenone CO2 results using uniform calculation methods and comprehensive treatment of uncertainties.,true,false,FALSE,false,
phytoplankton_zhang_2020_p1.0.xlsx,Category 1: (a) Weighted mean of all methods with Category 1 estimates.,Phytoplankton,183.71,4,4,202.06,700.36,156.71,"Zhang, Y.G., Henderiks, J. and Liu, X. (2020) Refining the alkenone-pCO2 method II: Towards resolving the physiological parameter ‘b’. Geochimica et Cosmochimica Acta 281, 118-134.",Zhang 2020,false,1,Category 1: (a) Weighted mean of all methods with Category 1 estimates.,FALSE,true,Recalculation of all alkenone CO2 results using uniform calculation methods and comprehensive treatment of uncertainties.,true,false,FALSE,false,
phytoplankton_zhang_2020_p1.0.xlsx,Category 1: (a) Weighted mean of all methods with Category 1 estimates.,Phytoplankton,216.71,4,4,217.89,779.12,168.44,"Zhang, Y.G., Henderiks, J. and Liu, X. (2020) Refining the alkenone-pCO2 method II: Towards resolving the physiological parameter ‘b’. Geochimica et Cosmochimica Acta 281, 118-134.",Zhang 2020,false,1,Category 1: (a) Weighted mean of all methods with Category 1 estimates.,FALSE,true,Recalculation of all alkenone CO2 results using uniform calculation methods and comprehensive treatment of uncertainties.,true,false,FALSE,false,
phytoplankton_zhang_2020_p1.0.xlsx,Category 1: (a) Weighted mean of all methods with Category 1 estimates.,Phytoplankton,218.03,4,4,207.19,778.66,161.6,"Zhang, Y.G., Henderiks, J. and Liu, X. (2020) Refining the alkenone-pCO2 method II: Towards resolving the physiological parameter ‘b’. Geochimica et Cosmochimica Acta 281, 118-134.",Zhang 2020,false,1,Category 1: (a) Weighted mean of all methods with Category 1 estimates.,FALSE,true,Recalculation of all alkenone CO2 results using uniform calculation methods and comprehensive treatment of uncertainties.,true,false,FALSE,false,
phytoplankton_zhang_2020_p1.0.xlsx,Category 1: (a) Weighted mean of all methods with Category 1 estimates.,Phytoplankton,241,4,4,188.38,677.72,144.7,"Zhang, Y.G., Henderiks, J. and Liu, X. (2020) Refining the alkenone-pCO2 method II: Towards resolving the physiological parameter ‘b’. Geochimica et Cosmochimica Acta 281, 118-134.",Zhang 2020,false,1,Category 1: (a) Weighted mean of all methods with Category 1 estimates.,FALSE,true,Recalculation of all alkenone CO2 results using uniform calculation methods and comprehensive treatment of uncertainties.,true,false,FALSE,false,
phytoplankton_zhang_2020_p1.0.xlsx,Category 1: (a) Weighted mean of all methods with Category 1 estimates.,Phytoplankton,243.89,4,4,196.13,694.26,151.84,"Zhang, Y.G., Henderiks, J. and Liu, X. (2020) Refining the alkenone-pCO2 method II: Towards resolving the physiological parameter ‘b’. Geochimica et Cosmochimica Acta 281, 118-134.",Zhang 2020,false,1,Category 1: (a) Weighted mean of all methods with Category 1 estimates.,FALSE,true,Recalculation of all alkenone CO2 results using uniform calculation methods and comprehensive treatment of uncertainties.,true,false,FALSE,false,
phytoplankton_zhang_2020_p1.0.xlsx,Category 1: (a) Weighted mean of all methods with Category 1 estimates.,Phytoplankton,253.21,4,4,184.71,635.28,141.03,"Zhang, Y.G., Henderiks, J. and Liu, X. (2020) Refining the alkenone-pCO2 method II: Towards resolving the physiological parameter ‘b’. Geochimica et Cosmochimica Acta 281, 118-134.",Zhang 2020,false,1,Category 1: (a) Weighted mean of all methods with Category 1 estimates.,FALSE,true,Recalculation of all alkenone CO2 results using uniform calculation methods and comprehensive treatment of uncertainties.,true,false,FALSE,false,
phytoplankton_zhang_2020_p1.0.xlsx,Category 1: (a) Weighted mean of all methods with Category 1 estimates.,Phytoplankton,254.53,4,4,183.76,635.06,141.08,"Zhang, Y.G., Henderiks, J. and Liu, X. (2020) Refining the alkenone-pCO2 method II: Towards resolving the physiological parameter ‘b’. Geochimica et Cosmochimica Acta 281, 118-134.",Zhang 2020,false,1,Category 1: (a) Weighted mean of all methods with Category 1 estimates.,FALSE,true,Recalculation of all alkenone CO2 results using uniform calculation methods and comprehensive treatment of uncertainties.,true,false,FALSE,false,
phytoplankton_zhang_2020_p1.0.xlsx,Category 1: (a) Weighted mean of all methods with Category 1 estimates.,Phytoplankton,269.02,4,4,182.23,634.2,140.59,"Zhang, Y.G., Henderiks, J. and Liu, X. (2020) Refining the alkenone-pCO2 method II: Towards resolving the physiological parameter ‘b’. Geochimica et Cosmochimica Acta 281, 118-134.",Zhang 2020,false,1,Category 1: (a) Weighted mean of all methods with Category 1 estimates.,FALSE,true,Recalculation of all alkenone CO2 results using uniform calculation methods and comprehensive treatment of uncertainties.,true,false,FALSE,false,
phytoplankton_zhang_2020_p1.0.xlsx,Category 1: (a) Weighted mean of all methods with Category 1 estimates.,Phytoplankton,292.74,4,4,183.67,632.3,142.47,"Zhang, Y.G., Henderiks, J. and Liu, X. (2020) Refining the alkenone-pCO2 method II: Towards resolving the physiological parameter ‘b’. Geochimica et Cosmochimica Acta 281, 118-134.",Zhang 2020,false,1,Category 1: (a) Weighted mean of all methods with Category 1 estimates.,FALSE,true,Recalculation of all alkenone CO2 results using uniform calculation methods and comprehensive treatment of uncertainties.,true,false,FALSE,false,
phytoplankton_zhang_2020_p1.0.xlsx,Category 1: (a) Weighted mean of all methods with Category 1 estimates.,Phytoplankton,308.56,4,4,214.58,732.28,165.38,"Zhang, Y.G., Henderiks, J. and Liu, X. (2020) Refining the alkenone-pCO2 method II: Towards resolving the physiological parameter ‘b’. Geochimica et Cosmochimica Acta 281, 118-134.",Zhang 2020,false,1,Category 1: (a) Weighted mean of all methods with Category 1 estimates.,FALSE,true,Recalculation of all alkenone CO2 results using uniform calculation methods and comprehensive treatment of uncertainties.,true,false,FALSE,false,
phytoplankton_zhang_2020_p1.0.xlsx,Category 1: (a) Weighted mean of all methods with Category 1 estimates.,Phytoplankton,343.31,4,4,191.26,618.08,146.72,"Zhang, Y.G., Henderiks, J. and Liu, X. (2020) Refining the alkenone-pCO2 method II: Towards resolving the physiological parameter ‘b’. Geochimica et Cosmochimica Acta 281, 118-134.",Zhang 2020,false,1,Category 1: (a) Weighted mean of all methods with Category 1 estimates.,FALSE,true,Recalculation of all alkenone CO2 results using uniform calculation methods and comprehensive treatment of uncertainties.,true,false,FALSE,false,
phytoplankton_zhang_2020_p1.0.xlsx,Category 1: (a) Weighted mean of all methods with Category 1 estimates.,Phytoplankton,29.99,4,4,187.05,625.5,143.27,"Zhang, Y.G., Henderiks, J. and Liu, X. (2020) Refining the alkenone-pCO2 method II: Towards resolving the physiological parameter ‘b’. Geochimica et Cosmochimica Acta 281, 118-134.",Zhang 2020,false,1,Category 1: (a) Weighted mean of all methods with Category 1 estimates.,FALSE,true,Recalculation of all alkenone CO2 results using uniform calculation methods and comprehensive treatment of uncertainties.,true,false,FALSE,false,
phytoplankton_zhang_2020_p1.0.xlsx,Category 1: (a) Weighted mean of all methods with Category 1 estimates.,Phytoplankton,39.55,4,4,228.83,268.2,88.93,"Zhang, Y.G., Henderiks, J. and Liu, X. (2020) Refining the alkenone-pCO2 method II: Towards resolving the physiological parameter ‘b’. Geochimica et Cosmochimica Acta 281, 118-134.",Zhang 2020,false,1,Category 1: (a) Weighted mean of all methods with Category 1 estimates.,FALSE,true,Recalculation of all alkenone CO2 results using uniform calculation methods and comprehensive treatment of uncertainties.,true,false,FALSE,false,
phytoplankton_zhang_2020_p1.0.xlsx,Category 1: (a) Weighted mean of all methods with Category 1 estimates.,Phytoplankton,49.1,4,4,196.94,202.32,71.1,"Zhang, Y.G., Henderiks, J. and Liu, X. (2020) Refining the alkenone-pCO2 method II: Towards resolving the physiological parameter ‘b’. Geochimica et Cosmochimica Acta 281, 118-134.",Zhang 2020,false,1,Category 1: (a) Weighted mean of all methods with Category 1 estimates.,FALSE,true,Recalculation of all alkenone CO2 results using uniform calculation methods and comprehensive treatment of uncertainties.,true,false,FALSE,false,
phytoplankton_zhang_2020_p1.0.xlsx,Category 1: (a) Weighted mean of all methods with Category 1 estimates.,Phytoplankton,61.48,4,4,202.95,213.36,76.21,"Zhang, Y.G., Henderiks, J. and Liu, X. (2020) Refining the alkenone-pCO2 method II: Towards resolving the physiological parameter ‘b’. Geochimica et Cosmochimica Acta 281, 118-134.",Zhang 2020,false,1,Category 1: (a) Weighted mean of all methods with Category 1 estimates.,FALSE,true,Recalculation of all alkenone CO2 results using uniform calculation methods and comprehensive treatment of uncertainties.,true,false,FALSE,false,
phytoplankton_zhang_2020_p1.0.xlsx,Category 1: (a) Weighted mean of all methods with Category 1 estimates.,Phytoplankton,74.69,4,4,272.53,354.32,110.8,"Zhang, Y.G., Henderiks, J. and Liu, X. (2020) Refining the alkenone-pCO2 method II: Towards resolving the physiological parameter ‘b’. Geochimica et Cosmochimica Acta 281, 118-134.",Zhang 2020,false,1,Category 1: (a) Weighted mean of all methods with Category 1 estimates.,FALSE,true,Recalculation of all alkenone CO2 results using uniform calculation methods and comprehensive treatment of uncertainties.,true,false,FALSE,false,
phytoplankton_zhang_2020_p1.0.xlsx,Category 1: (a) Weighted mean of all methods with Category 1 estimates.,Phytoplankton,89.39,4,4,263.35,336,106.06,"Zhang, Y.G., Henderiks, J. and Liu, X. (2020) Refining the alkenone-pCO2 method II: Towards resolving the physiological parameter ‘b’. Geochimica et Cosmochimica Acta 281, 118-134.",Zhang 2020,false,1,Category 1: (a) Weighted mean of all methods with Category 1 estimates.,FALSE,true,Recalculation of all alkenone CO2 results using uniform calculation methods and comprehensive treatment of uncertainties.,true,false,FALSE,false,
phytoplankton_zhang_2020_p1.0.xlsx,Category 1: (a) Weighted mean of all methods with Category 1 estimates.,Phytoplankton,101.37,4,4,255.72,304.03,101.08,"Zhang, Y.G., Henderiks, J. and Liu, X. (2020) Refining the alkenone-pCO2 method II: Towards resolving the physiological parameter ‘b’. Geochimica et Cosmochimica Acta 281, 118-134.",Zhang 2020,false,1,Category 1: (a) Weighted mean of all methods with Category 1 estimates.,FALSE,true,Recalculation of all alkenone CO2 results using uniform calculation methods and comprehensive treatment of uncertainties.,true,false,FALSE,false,
phytoplankton_zhang_2020_p1.0.xlsx,Category 1: (a) Weighted mean of all methods with Category 1 estimates.,Phytoplankton,143.27,4,4,207.09,217.57,75.02,"Zhang, Y.G., Henderiks, J. and Liu, X. (2020) Refining the alkenone-pCO2 method II: Towards resolving the physiological parameter ‘b’. Geochimica et Cosmochimica Acta 281, 118-134.",Zhang 2020,false,1,Category 1: (a) Weighted mean of all methods with Category 1 estimates.,FALSE,true,Recalculation of all alkenone CO2 results using uniform calculation methods and comprehensive treatment of uncertainties.,true,false,FALSE,false,
phytoplankton_andersen_1999_p1.0.xlsx,Category 1: (a) Weighted mean of all methods with Category 1 estimates.,Phytoplankton,1.3,4,4,273,234.26,153.89,"Andersen, N et al. (1999): Alkenone d13C as a Proxy for Past PCO2 in Surface Waters: Results from the Late Quaternary Angola Current. In: Fischer, G & Wefer, G (eds.), Use of Proxies in Paleoceanography - Examples from the South Atlantic, Springer, Berlin, Heidelberg, 469-488",Andersen 1999,false,1,Category 1: (a) Weighted mean of all methods with Category 1 estimates.,FALSE,true,Recalculation of all alkenone CO2 results using uniform calculation methods and comprehensive treatment of uncertainties.,true,false,FALSE,false,
phytoplankton_andersen_1999_p1.0.xlsx,Category 1: (a) Weighted mean of all methods with Category 1 estimates.,Phytoplankton,6,4,4,287.81,244.39,163.17,"Andersen, N et al. (1999): Alkenone d13C as a Proxy for Past PCO2 in Surface Waters: Results from the Late Quaternary Angola Current. In: Fischer, G & Wefer, G (eds.), Use of Proxies in Paleoceanography - Examples from the South Atlantic, Springer, Berlin, Heidelberg, 469-488",Andersen 1999,false,1,Category 1: (a) Weighted mean of all methods with Category 1 estimates.,FALSE,true,Recalculation of all alkenone CO2 results using uniform calculation methods and comprehensive treatment of uncertainties.,true,false,FALSE,false,
phytoplankton_andersen_1999_p1.0.xlsx,Category 1: (a) Weighted mean of all methods with Category 1 estimates.,Phytoplankton,8.2,4,4,270.26,231.81,153.88,"Andersen, N et al. (1999): Alkenone d13C as a Proxy for Past PCO2 in Surface Waters: Results from the Late Quaternary Angola Current. In: Fischer, G & Wefer, G (eds.), Use of Proxies in Paleoceanography - Examples from the South Atlantic, Springer, Berlin, Heidelberg, 469-488",Andersen 1999,false,1,Category 1: (a) Weighted mean of all methods with Category 1 estimates.,FALSE,true,Recalculation of all alkenone CO2 results using uniform calculation methods and comprehensive treatment of uncertainties.,true,false,FALSE,false,
phytoplankton_andersen_1999_p1.0.xlsx,Category 1: (a) Weighted mean of all methods with Category 1 estimates.,Phytoplankton,11.2,4,4,252.48,213.65,144.61,"Andersen, N et al. (1999): Alkenone d13C as a Proxy for Past PCO2 in Surface Waters: Results from the Late Quaternary Angola Current. In: Fischer, G & Wefer, G (eds.), Use of Proxies in Paleoceanography - Examples from the South Atlantic, Springer, Berlin, Heidelberg, 469-488",Andersen 1999,false,1,Category 1: (a) Weighted mean of all methods with Category 1 estimates.,FALSE,true,Recalculation of all alkenone CO2 results using uniform calculation methods and comprehensive treatment of uncertainties.,true,false,FALSE,false,
phytoplankton_andersen_1999_p1.0.xlsx,Category 1: (a) Weighted mean of all methods with Category 1 estimates.,Phytoplankton,17.8,4,4,251.68,215.24,142.51,"Andersen, N et al. (1999): Alkenone d13C as a Proxy for Past PCO2 in Surface Waters: Results from the Late Quaternary Angola Current. In: Fischer, G & Wefer, G (eds.), Use of Proxies in Paleoceanography - Examples from the South Atlantic, Springer, Berlin, Heidelberg, 469-488",Andersen 1999,false,1,Category 1: (a) Weighted mean of all methods with Category 1 estimates.,FALSE,true,Recalculation of all alkenone CO2 results using uniform calculation methods and comprehensive treatment of uncertainties.,true,false,FALSE,false,
phytoplankton_andersen_1999_p1.0.xlsx,Category 1: (a) Weighted mean of all methods with Category 1 estimates.,Phytoplankton,19.6,4,4,248.17,213.59,141.25,"Andersen, N et al. (1999): Alkenone d13C as a Proxy for Past PCO2 in Surface Waters: Results from the Late Quaternary Angola Current. In: Fischer, G & Wefer, G (eds.), Use of Proxies in Paleoceanography - Examples from the South Atlantic, Springer, Berlin, Heidelberg, 469-488",Andersen 1999,false,1,Category 1: (a) Weighted mean of all methods with Category 1 estimates.,FALSE,true,Recalculation of all alkenone CO2 results using uniform calculation methods and comprehensive treatment of uncertainties.,true,false,FALSE,false,
phytoplankton_andersen_1999_p1.0.xlsx,Category 1: (a) Weighted mean of all methods with Category 1 estimates.,Phytoplankton,25.5,4,4,267.74,233.06,151.8,"Andersen, N et al. (1999): Alkenone d13C as a Proxy for Past PCO2 in Surface Waters: Results from the Late Quaternary Angola Current. In: Fischer, G & Wefer, G (eds.), Use of Proxies in Paleoceanography - Examples from the South Atlantic, Springer, Berlin, Heidelberg, 469-488",Andersen 1999,false,1,Category 1: (a) Weighted mean of all methods with Category 1 estimates.,FALSE,true,Recalculation of all alkenone CO2 results using uniform calculation methods and comprehensive treatment of uncertainties.,true,false,FALSE,false,
phytoplankton_andersen_1999_p1.0.xlsx,Category 1: (a) Weighted mean of all methods with Category 1 estimates.,Phytoplankton,34.9,4,4,227.02,190.54,128.65,"Andersen, N et al. (1999): Alkenone d13C as a Proxy for Past PCO2 in Surface Waters: Results from the Late Quaternary Angola Current. In: Fischer, G & Wefer, G (eds.), Use of Proxies in Paleoceanography - Examples from the South Atlantic, Springer, Berlin, Heidelberg, 469-488",Andersen 1999,false,1,Category 1: (a) Weighted mean of all methods with Category 1 estimates.,FALSE,true,Recalculation of all alkenone CO2 results using uniform calculation methods and comprehensive treatment of uncertainties.,true,false,FALSE,false,
phytoplankton_andersen_1999_p1.0.xlsx,Category 1: (a) Weighted mean of all methods with Category 1 estimates.,Phytoplankton,47.4,4,4,239.45,206.48,136.5,"Andersen, N et al. (1999): Alkenone d13C as a Proxy for Past PCO2 in Surface Waters: Results from the Late Quaternary Angola Current. In: Fischer, G & Wefer, G (eds.), Use of Proxies in Paleoceanography - Examples from the South Atlantic, Springer, Berlin, Heidelberg, 469-488",Andersen 1999,false,1,Category 1: (a) Weighted mean of all methods with Category 1 estimates.,FALSE,true,Recalculation of all alkenone CO2 results using uniform calculation methods and comprehensive treatment of uncertainties.,true,false,FALSE,false,
phytoplankton_andersen_1999_p1.0.xlsx,Category 1: (a) Weighted mean of all methods with Category 1 estimates.,Phytoplankton,47.4,4,4,240.84,206.67,136.79,"Andersen, N et al. (1999): Alkenone d13C as a Proxy for Past PCO2 in Surface Waters: Results from the Late Quaternary Angola Current. In: Fischer, G & Wefer, G (eds.), Use of Proxies in Paleoceanography - Examples from the South Atlantic, Springer, Berlin, Heidelberg, 469-488",Andersen 1999,false,1,Category 1: (a) Weighted mean of all methods with Category 1 estimates.,FALSE,true,Recalculation of all alkenone CO2 results using uniform calculation methods and comprehensive treatment of uncertainties.,true,false,FALSE,false,
phytoplankton_andersen_1999_p1.0.xlsx,Category 1: (a) Weighted mean of all methods with Category 1 estimates.,Phytoplankton,59.2,4,4,239.8,213.31,135.32,"Andersen, N et al. (1999): Alkenone d13C as a Proxy for Past PCO2 in Surface Waters: Results from the Late Quaternary Angola Current. In: Fischer, G & Wefer, G (eds.), Use of Proxies in Paleoceanography - Examples from the South Atlantic, Springer, Berlin, Heidelberg, 469-488",Andersen 1999,false,1,Category 1: (a) Weighted mean of all methods with Category 1 estimates.,FALSE,true,Recalculation of all alkenone CO2 results using uniform calculation methods and comprehensive treatment of uncertainties.,true,false,FALSE,false,
phytoplankton_andersen_1999_p1.0.xlsx,Category 1: (a) Weighted mean of all methods with Category 1 estimates.,Phytoplankton,64.7,4,4,226.26,199.77,129.35,"Andersen, N et al. (1999): Alkenone d13C as a Proxy for Past PCO2 in Surface Waters: Results from the Late Quaternary Angola Current. In: Fischer, G & Wefer, G (eds.), Use of Proxies in Paleoceanography - Examples from the South Atlantic, Springer, Berlin, Heidelberg, 469-488",Andersen 1999,false,1,Category 1: (a) Weighted mean of all methods with Category 1 estimates.,FALSE,true,Recalculation of all alkenone CO2 results using uniform calculation methods and comprehensive treatment of uncertainties.,true,false,FALSE,false,
phytoplankton_andersen_1999_p1.0.xlsx,Category 1: (a) Weighted mean of all methods with Category 1 estimates.,Phytoplankton,69.3,4,4,241.46,207.72,136.16,"Andersen, N et al. (1999): Alkenone d13C as a Proxy for Past PCO2 in Surface Waters: Results from the Late Quaternary Angola Current. In: Fischer, G & Wefer, G (eds.), Use of Proxies in Paleoceanography - Examples from the South Atlantic, Springer, Berlin, Heidelberg, 469-488",Andersen 1999,false,1,Category 1: (a) Weighted mean of all methods with Category 1 estimates.,FALSE,true,Recalculation of all alkenone CO2 results using uniform calculation methods and comprehensive treatment of uncertainties.,true,false,FALSE,false,
phytoplankton_andersen_1999_p1.0.xlsx,Category 1: (a) Weighted mean of all methods with Category 1 estimates.,Phytoplankton,69.3,4,4,253.3,225.41,143.42,"Andersen, N et al. (1999): Alkenone d13C as a Proxy for Past PCO2 in Surface Waters: Results from the Late Quaternary Angola Current. In: Fischer, G & Wefer, G (eds.), Use of Proxies in Paleoceanography - Examples from the South Atlantic, Springer, Berlin, Heidelberg, 469-488",Andersen 1999,false,1,Category 1: (a) Weighted mean of all methods with Category 1 estimates.,FALSE,true,Recalculation of all alkenone CO2 results using uniform calculation methods and comprehensive treatment of uncertainties.,true,false,FALSE,false,
phytoplankton_andersen_1999_p1.0.xlsx,Category 1: (a) Weighted mean of all methods with Category 1 estimates.,Phytoplankton,78.5,4,4,282.67,242.46,161.44,"Andersen, N et al. (1999): Alkenone d13C as a Proxy for Past PCO2 in Surface Waters: Results from the Late Quaternary Angola Current. In: Fischer, G & Wefer, G (eds.), Use of Proxies in Paleoceanography - Examples from the South Atlantic, Springer, Berlin, Heidelberg, 469-488",Andersen 1999,false,1,Category 1: (a) Weighted mean of all methods with Category 1 estimates.,FALSE,true,Recalculation of all alkenone CO2 results using uniform calculation methods and comprehensive treatment of uncertainties.,true,false,FALSE,false,
phytoplankton_andersen_1999_p1.0.xlsx,Category 1: (a) Weighted mean of all methods with Category 1 estimates.,Phytoplankton,80,4,4,274.4,238.91,156.25,"Andersen, N et al. (1999): Alkenone d13C as a Proxy for Past PCO2 in Surface Waters: Results from the Late Quaternary Angola Current. In: Fischer, G & Wefer, G (eds.), Use of Proxies in Paleoceanography - Examples from the South Atlantic, Springer, Berlin, Heidelberg, 469-488",Andersen 1999,false,1,Category 1: (a) Weighted mean of all methods with Category 1 estimates.,FALSE,true,Recalculation of all alkenone CO2 results using uniform calculation methods and comprehensive treatment of uncertainties.,true,false,FALSE,false,
phytoplankton_andersen_1999_p1.0.xlsx,Category 1: (a) Weighted mean of all methods with Category 1 estimates.,Phytoplankton,84,4,4,246.55,216.88,140.12,"Andersen, N et al. (1999): Alkenone d13C as a Proxy for Past PCO2 in Surface Waters: Results from the Late Quaternary Angola Current. In: Fischer, G & Wefer, G (eds.), Use of Proxies in Paleoceanography - Examples from the South Atlantic, Springer, Berlin, Heidelberg, 469-488",Andersen 1999,false,1,Category 1: (a) Weighted mean of all methods with Category 1 estimates.,FALSE,true,Recalculation of all alkenone CO2 results using uniform calculation methods and comprehensive treatment of uncertainties.,true,false,FALSE,false,
phytoplankton_andersen_1999_p1.0.xlsx,Category 1: (a) Weighted mean of all methods with Category 1 estimates.,Phytoplankton,87,4,4,263.86,225.87,153.66,"Andersen, N et al. (1999): Alkenone d13C as a Proxy for Past PCO2 in Surface Waters: Results from the Late Quaternary Angola Current. In: Fischer, G & Wefer, G (eds.), Use of Proxies in Paleoceanography - Examples from the South Atlantic, Springer, Berlin, Heidelberg, 469-488",Andersen 1999,false,1,Category 1: (a) Weighted mean of all methods with Category 1 estimates.,FALSE,true,Recalculation of all alkenone CO2 results using uniform calculation methods and comprehensive treatment of uncertainties.,true,false,FALSE,false,
phytoplankton_andersen_1999_p1.0.xlsx,Category 1: (a) Weighted mean of all methods with Category 1 estimates.,Phytoplankton,100,4,4,286.66,249.09,164.06,"Andersen, N et al. (1999): Alkenone d13C as a Proxy for Past PCO2 in Surface Waters: Results from the Late Quaternary Angola Current. In: Fischer, G & Wefer, G (eds.), Use of Proxies in Paleoceanography - Examples from the South Atlantic, Springer, Berlin, Heidelberg, 469-488",Andersen 1999,false,1,Category 1: (a) Weighted mean of all methods with Category 1 estimates.,FALSE,true,Recalculation of all alkenone CO2 results using uniform calculation methods and comprehensive treatment of uncertainties.,true,false,FALSE,false,
phytoplankton_andersen_1999_p1.0.xlsx,Category 1: (a) Weighted mean of all methods with Category 1 estimates.,Phytoplankton,112.6,4,4,270.9,222.55,153.86,"Andersen, N et al. (1999): Alkenone d13C as a Proxy for Past PCO2 in Surface Waters: Results from the Late Quaternary Angola Current. In: Fischer, G & Wefer, G (eds.), Use of Proxies in Paleoceanography - Examples from the South Atlantic, Springer, Berlin, Heidelberg, 469-488",Andersen 1999,false,1,Category 1: (a) Weighted mean of all methods with Category 1 estimates.,FALSE,true,Recalculation of all alkenone CO2 results using uniform calculation methods and comprehensive treatment of uncertainties.,true,false,FALSE,false,
phytoplankton_andersen_1999_p1.0.xlsx,Category 1: (a) Weighted mean of all methods with Category 1 estimates.,Phytoplankton,118.3,4,4,270.75,231.96,153.78,"Andersen, N et al. (1999): Alkenone d13C as a Proxy for Past PCO2 in Surface Waters: Results from the Late Quaternary Angola Current. In: Fischer, G & Wefer, G (eds.), Use of Proxies in Paleoceanography - Examples from the South Atlantic, Springer, Berlin, Heidelberg, 469-488",Andersen 1999,false,1,Category 1: (a) Weighted mean of all methods with Category 1 estimates.,FALSE,true,Recalculation of all alkenone CO2 results using uniform calculation methods and comprehensive treatment of uncertainties.,true,false,FALSE,false,
phytoplankton_andersen_1999_p1.0.xlsx,Category 1: (a) Weighted mean of all methods with Category 1 estimates.,Phytoplankton,123.8,4,4,293.64,258.05,166.63,"Andersen, N et al. (1999): Alkenone d13C as a Proxy for Past PCO2 in Surface Waters: Results from the Late Quaternary Angola Current. In: Fischer, G & Wefer, G (eds.), Use of Proxies in Paleoceanography - Examples from the South Atlantic, Springer, Berlin, Heidelberg, 469-488",Andersen 1999,false,1,Category 1: (a) Weighted mean of all methods with Category 1 estimates.,FALSE,true,Recalculation of all alkenone CO2 results using uniform calculation methods and comprehensive treatment of uncertainties.,true,false,FALSE,false,
phytoplankton_andersen_1999_p1.0.xlsx,Category 1: (a) Weighted mean of all methods with Category 1 estimates.,Phytoplankton,127.3,4,4,308.92,263.88,176.22,"Andersen, N et al. (1999): Alkenone d13C as a Proxy for Past PCO2 in Surface Waters: Results from the Late Quaternary Angola Current. In: Fischer, G & Wefer, G (eds.), Use of Proxies in Paleoceanography - Examples from the South Atlantic, Springer, Berlin, Heidelberg, 469-488",Andersen 1999,false,1,Category 1: (a) Weighted mean of all methods with Category 1 estimates.,FALSE,true,Recalculation of all alkenone CO2 results using uniform calculation methods and comprehensive treatment of uncertainties.,true,false,FALSE,false,
phytoplankton_andersen_1999_p1.0.xlsx,Category 1: (a) Weighted mean of all methods with Category 1 estimates.,Phytoplankton,134.3,4,4,262.74,223.72,150.47,"Andersen, N et al. (1999): Alkenone d13C as a Proxy for Past PCO2 in Surface Waters: Results from the Late Quaternary Angola Current. In: Fischer, G & Wefer, G (eds.), Use of Proxies in Paleoceanography - Examples from the South Atlantic, Springer, Berlin, Heidelberg, 469-488",Andersen 1999,false,1,Category 1: (a) Weighted mean of all methods with Category 1 estimates.,FALSE,true,Recalculation of all alkenone CO2 results using uniform calculation methods and comprehensive treatment of uncertainties.,true,false,FALSE,false,
phytoplankton_andersen_1999_p1.0.xlsx,Category 1: (a) Weighted mean of all methods with Category 1 estimates.,Phytoplankton,147.1,4,4,269.32,224.2,154.63,"Andersen, N et al. (1999): Alkenone d13C as a Proxy for Past PCO2 in Surface Waters: Results from the Late Quaternary Angola Current. In: Fischer, G & Wefer, G (eds.), Use of Proxies in Paleoceanography - Examples from the South Atlantic, Springer, Berlin, Heidelberg, 469-488",Andersen 1999,false,1,Category 1: (a) Weighted mean of all methods with Category 1 estimates.,FALSE,true,Recalculation of all alkenone CO2 results using uniform calculation methods and comprehensive treatment of uncertainties.,true,false,FALSE,false,
phytoplankton_andersen_1999_p1.0.xlsx,Category 1: (a) Weighted mean of all methods with Category 1 estimates.,Phytoplankton,150.2,4,4,245.08,207.46,139.64,"Andersen, N et al. (1999): Alkenone d13C as a Proxy for Past PCO2 in Surface Waters: Results from the Late Quaternary Angola Current. In: Fischer, G & Wefer, G (eds.), Use of Proxies in Paleoceanography - Examples from the South Atlantic, Springer, Berlin, Heidelberg, 469-488",Andersen 1999,false,1,Category 1: (a) Weighted mean of all methods with Category 1 estimates.,FALSE,true,Recalculation of all alkenone CO2 results using uniform calculation methods and comprehensive treatment of uncertainties.,true,false,FALSE,false,
phytoplankton_andersen_1999_p1.0.xlsx,Category 1: (a) Weighted mean of all methods with Category 1 estimates.,Phytoplankton,160.3,4,4,283.54,243.84,161.76,"Andersen, N et al. (1999): Alkenone d13C as a Proxy for Past PCO2 in Surface Waters: Results from the Late Quaternary Angola Current. In: Fischer, G & Wefer, G (eds.), Use of Proxies in Paleoceanography - Examples from the South Atlantic, Springer, Berlin, Heidelberg, 469-488",Andersen 1999,false,1,Category 1: (a) Weighted mean of all methods with Category 1 estimates.,FALSE,true,Recalculation of all alkenone CO2 results using uniform calculation methods and comprehensive treatment of uncertainties.,true,false,FALSE,false,
phytoplankton_andersen_1999_p1.0.xlsx,Category 1: (a) Weighted mean of all methods with Category 1 estimates.,Phytoplankton,160.3,4,4,281.08,239.37,159.59,"Andersen, N et al. (1999): Alkenone d13C as a Proxy for Past PCO2 in Surface Waters: Results from the Late Quaternary Angola Current. In: Fischer, G & Wefer, G (eds.), Use of Proxies in Paleoceanography - Examples from the South Atlantic, Springer, Berlin, Heidelberg, 469-488",Andersen 1999,false,1,Category 1: (a) Weighted mean of all methods with Category 1 estimates.,FALSE,true,Recalculation of all alkenone CO2 results using uniform calculation methods and comprehensive treatment of uncertainties.,true,false,FALSE,false,
phytoplankton_andersen_1999_p1.0.xlsx,Category 1: (a) Weighted mean of all methods with Category 1 estimates.,Phytoplankton,171,4,4,277.83,239.17,157.47,"Andersen, N et al. (1999): Alkenone d13C as a Proxy for Past PCO2 in Surface Waters: Results from the Late Quaternary Angola Current. In: Fischer, G & Wefer, G (eds.), Use of Proxies in Paleoceanography - Examples from the South Atlantic, Springer, Berlin, Heidelberg, 469-488",Andersen 1999,false,1,Category 1: (a) Weighted mean of all methods with Category 1 estimates.,FALSE,true,Recalculation of all alkenone CO2 results using uniform calculation methods and comprehensive treatment of uncertainties.,true,false,FALSE,false,
phytoplankton_andersen_1999_p1.0.xlsx,Category 1: (a) Weighted mean of all methods with Category 1 estimates.,Phytoplankton,181.7,4,4,267.92,228.55,152.93,"Andersen, N et al. (1999): Alkenone d13C as a Proxy for Past PCO2 in Surface Waters: Results from the Late Quaternary Angola Current. In: Fischer, G & Wefer, G (eds.), Use of Proxies in Paleoceanography - Examples from the South Atlantic, Springer, Berlin, Heidelberg, 469-488",Andersen 1999,false,1,Category 1: (a) Weighted mean of all methods with Category 1 estimates.,FALSE,true,Recalculation of all alkenone CO2 results using uniform calculation methods and comprehensive treatment of uncertainties.,true,false,FALSE,false,
phytoplankton_andersen_1999_p1.0.xlsx,Category 1: (a) Weighted mean of all methods with Category 1 estimates.,Phytoplankton,181.7,4,4,273.1,234.16,157.19,"Andersen, N et al. (1999): Alkenone d13C as a Proxy for Past PCO2 in Surface Waters: Results from the Late Quaternary Angola Current. In: Fischer, G & Wefer, G (eds.), Use of Proxies in Paleoceanography - Examples from the South Atlantic, Springer, Berlin, Heidelberg, 469-488",Andersen 1999,false,1,Category 1: (a) Weighted mean of all methods with Category 1 estimates.,FALSE,true,Recalculation of all alkenone CO2 results using uniform calculation methods and comprehensive treatment of uncertainties.,true,false,FALSE,false,
phytoplankton_andersen_1999_p1.0.xlsx,Category 1: (a) Weighted mean of all methods with Category 1 estimates.,Phytoplankton,183.7,4,4,258.01,217.06,145.09,"Andersen, N et al. (1999): Alkenone d13C as a Proxy for Past PCO2 in Surface Waters: Results from the Late Quaternary Angola Current. In: Fischer, G & Wefer, G (eds.), Use of Proxies in Paleoceanography - Examples from the South Atlantic, Springer, Berlin, Heidelberg, 469-488",Andersen 1999,false,1,Category 1: (a) Weighted mean of all methods with Category 1 estimates.,FALSE,true,Recalculation of all alkenone CO2 results using uniform calculation methods and comprehensive treatment of uncertainties.,true,false,FALSE,false,
phytoplankton_andersen_1999_p1.0.xlsx,Category 1: (a) Weighted mean of all methods with Category 1 estimates.,Phytoplankton,196.2,4,4,307.22,266.11,174.28,"Andersen, N et al. (1999): Alkenone d13C as a Proxy for Past PCO2 in Surface Waters: Results from the Late Quaternary Angola Current. In: Fischer, G & Wefer, G (eds.), Use of Proxies in Paleoceanography - Examples from the South Atlantic, Springer, Berlin, Heidelberg, 469-488",Andersen 1999,false,1,Category 1: (a) Weighted mean of all methods with Category 1 estimates.,FALSE,true,Recalculation of all alkenone CO2 results using uniform calculation methods and comprehensive treatment of uncertainties.,true,false,FALSE,false,
phytoplankton_zhang_2013_p1.0.xlsx,Category 1: (a) Weighted mean of all methods with Category 1 estimates.,Phytoplankton,14740,74.41,74.41,430.52,394.88,213.16,"Zhang Y.G., Pagani M, Liu Z, Bohaty S.M., DeConto R. (2013) A 40-million-year history of atmospheric CO2, Philosophical Transactions of the Royal Society A, 371, 20130096.",Zhang 2013,false,1,Category 1: (a) Weighted mean of all methods with Category 1 estimates.,FALSE,true,Recalculation of all alkenone CO2 results using uniform calculation methods and comprehensive treatment of uncertainties.,true,false,FALSE,false,
phytoplankton_zhang_2013_p1.0.xlsx,Category 1: (a) Weighted mean of all methods with Category 1 estimates.,Phytoplankton,15840,79.67,79.67,394.41,364.92,189.9,"Zhang Y.G., Pagani M, Liu Z, Bohaty S.M., DeConto R. (2013) A 40-million-year history of atmospheric CO2, Philosophical Transactions of the Royal Society A, 371, 20130096.",Zhang 2013,false,1,Category 1: (a) Weighted mean of all methods with Category 1 estimates.,FALSE,true,Recalculation of all alkenone CO2 results using uniform calculation methods and comprehensive treatment of uncertainties.,true,false,FALSE,false,
phytoplankton_zhang_2013_p1.0.xlsx,Category 1: (a) Weighted mean of all methods with Category 1 estimates.,Phytoplankton,16820,84.33,84.33,383.66,369.9,184.93,"Zhang Y.G., Pagani M, Liu Z, Bohaty S.M., DeConto R. (2013) A 40-million-year history of atmospheric CO2, Philosophical Transactions of the Royal Society A, 371, 20130096.",Zhang 2013,false,1,Category 1: (a) Weighted mean of all methods with Category 1 estimates.,FALSE,true,Recalculation of all alkenone CO2 results using uniform calculation methods and comprehensive treatment of uncertainties.,true,false,FALSE,false,
phytoplankton_zhang_2013_p1.0.xlsx,Category 1: (a) Weighted mean of all methods with Category 1 estimates.,Phytoplankton,18260,91.17,91.17,409.36,390.32,196.78,"Zhang Y.G., Pagani M, Liu Z, Bohaty S.M., DeConto R. (2013) A 40-million-year history of atmospheric CO2, Philosophical Transactions of the Royal Society A, 371, 20130096.",Zhang 2013,false,1,Category 1: (a) Weighted mean of all methods with Category 1 estimates.,FALSE,true,Recalculation of all alkenone CO2 results using uniform calculation methods and comprehensive treatment of uncertainties.,true,false,FALSE,false,
phytoplankton_zhang_2013_p1.0.xlsx,Category 1: (a) Weighted mean of all methods with Category 1 estimates.,Phytoplankton,20300,100.8,100.8,307.54,280.12,137.4,"Zhang Y.G., Pagani M, Liu Z, Bohaty S.M., DeConto R. (2013) A 40-million-year history of atmospheric CO2, Philosophical Transactions of the Royal Society A, 371, 20130096.",Zhang 2013,false,1,Category 1: (a) Weighted mean of all methods with Category 1 estimates.,FALSE,true,Recalculation of all alkenone CO2 results using uniform calculation methods and comprehensive treatment of uncertainties.,true,false,FALSE,false,
phytoplankton_zhang_2013_p1.0.xlsx,Category 1: (a) Weighted mean of all methods with Category 1 estimates.,Phytoplankton,22940,113.19,113.19,482.58,490.76,246.72,"Zhang Y.G., Pagani M, Liu Z, Bohaty S.M., DeConto R. (2013) A 40-million-year history of atmospheric CO2, Philosophical Transactions of the Royal Society A, 371, 20130096.",Zhang 2013,false,1,Category 1: (a) Weighted mean of all methods with Category 1 estimates.,FALSE,true,Recalculation of all alkenone CO2 results using uniform calculation methods and comprehensive treatment of uncertainties.,true,false,FALSE,false,
phytoplankton_zhang_2013_p1.0.xlsx,Category 1: (a) Weighted mean of all methods with Category 1 estimates.,Phytoplankton,23480,115.71,115.71,406.16,375.23,201.89,"Zhang Y.G., Pagani M, Liu Z, Bohaty S.M., DeConto R. (2013) A 40-million-year history of atmospheric CO2, Philosophical Transactions of the Royal Society A, 371, 20130096.",Zhang 2013,false,1,Category 1: (a) Weighted mean of all methods with Category 1 estimates.,FALSE,true,Recalculation of all alkenone CO2 results using uniform calculation methods and comprehensive treatment of uncertainties.,true,false,FALSE,false,
phytoplankton_zhang_2013_p1.0.xlsx,Category 1: (a) Weighted mean of all methods with Category 1 estimates.,Phytoplankton,25300,124.2,124.2,483.19,467.95,243.98,"Zhang Y.G., Pagani M, Liu Z, Bohaty S.M., DeConto R. (2013) A 40-million-year history of atmospheric CO2, Philosophical Transactions of the Royal Society A, 371, 20130096.",Zhang 2013,false,1,Category 1: (a) Weighted mean of all methods with Category 1 estimates.,FALSE,true,Recalculation of all alkenone CO2 results using uniform calculation methods and comprehensive treatment of uncertainties.,true,false,FALSE,false,
phytoplankton_zhang_2013_p1.0.xlsx,Category 1: (a) Weighted mean of all methods with Category 1 estimates.,Phytoplankton,26570,130.1,130.1,524.91,515.73,314.03,"Zhang Y.G., Pagani M, Liu Z, Bohaty S.M., DeConto R. (2013) A 40-million-year history of atmospheric CO2, Philosophical Transactions of the Royal Society A, 371, 20130096.",Zhang 2013,false,1,Category 1: (a) Weighted mean of all methods with Category 1 estimates.,FALSE,true,Recalculation of all alkenone CO2 results using uniform calculation methods and comprehensive treatment of uncertainties.,true,false,FALSE,false,
phytoplankton_zhang_2013_p1.0.xlsx,Category 1: (a) Weighted mean of all methods with Category 1 estimates.,Phytoplankton,27850,136.04,136.04,557.54,563.78,344.07,"Zhang Y.G., Pagani M, Liu Z, Bohaty S.M., DeConto R. (2013) A 40-million-year history of atmospheric CO2, Philosophical Transactions of the Royal Society A, 371, 20130096.",Zhang 2013,false,1,Category 1: (a) Weighted mean of all methods with Category 1 estimates.,FALSE,true,Recalculation of all alkenone CO2 results using uniform calculation methods and comprehensive treatment of uncertainties.,true,false,FALSE,false,
phytoplankton_zhang_2013_p1.0.xlsx,Category 1: (a) Weighted mean of all methods with Category 1 estimates.,Phytoplankton,28780,140.34,140.34,571.19,547.92,351.57,"Zhang Y.G., Pagani M, Liu Z, Bohaty S.M., DeConto R. (2013) A 40-million-year history of atmospheric CO2, Philosophical Transactions of the Royal Society A, 371, 20130096.",Zhang 2013,false,1,Category 1: (a) Weighted mean of all methods with Category 1 estimates.,FALSE,true,Recalculation of all alkenone CO2 results using uniform calculation methods and comprehensive treatment of uncertainties.,true,false,FALSE,false,
phytoplankton_zhang_2013_p1.0.xlsx,Category 1: (a) Weighted mean of all methods with Category 1 estimates.,Phytoplankton,29210,142.33,142.33,664.84,691.97,413.48,"Zhang Y.G., Pagani M, Liu Z, Bohaty S.M., DeConto R. (2013) A 40-million-year history of atmospheric CO2, Philosophical Transactions of the Royal Society A, 371, 20130096.",Zhang 2013,false,1,Category 1: (a) Weighted mean of all methods with Category 1 estimates.,FALSE,true,Recalculation of all alkenone CO2 results using uniform calculation methods and comprehensive treatment of uncertainties.,true,false,FALSE,false,
phytoplankton_zhang_2013_p1.0.xlsx,Category 1: (a) Weighted mean of all methods with Category 1 estimates.,Phytoplankton,29570,143.99,143.99,731.06,761.71,451.55,"Zhang Y.G., Pagani M, Liu Z, Bohaty S.M., DeConto R. (2013) A 40-million-year history of atmospheric CO2, Philosophical Transactions of the Royal Society A, 371, 20130096.",Zhang 2013,false,1,Category 1: (a) Weighted mean of all methods with Category 1 estimates.,FALSE,true,Recalculation of all alkenone CO2 results using uniform calculation methods and comprehensive treatment of uncertainties.,true,false,FALSE,false,
phytoplankton_zhang_2013_p1.0.xlsx,Category 1: (a) Weighted mean of all methods with Category 1 estimates.,Phytoplankton,29640,144.32,144.32,682.07,721.71,418.86,"Zhang Y.G., Pagani M, Liu Z, Bohaty S.M., DeConto R. (2013) A 40-million-year history of atmospheric CO2, Philosophical Transactions of the Royal Society A, 371, 20130096.",Zhang 2013,false,1,Category 1: (a) Weighted mean of all methods with Category 1 estimates.,FALSE,true,Recalculation of all alkenone CO2 results using uniform calculation methods and comprehensive treatment of uncertainties.,true,false,FALSE,false,
phytoplankton_zhang_2013_p1.0.xlsx,Category 1: (a) Weighted mean of all methods with Category 1 estimates.,Phytoplankton,31270,151.83,151.83,562.99,572.41,344.82,"Zhang Y.G., Pagani M, Liu Z, Bohaty S.M., DeConto R. (2013) A 40-million-year history of atmospheric CO2, Philosophical Transactions of the Royal Society A, 371, 20130096.",Zhang 2013,false,1,Category 1: (a) Weighted mean of all methods with Category 1 estimates.,FALSE,true,Recalculation of all alkenone CO2 results using uniform calculation methods and comprehensive treatment of uncertainties.,true,false,FALSE,false,
phytoplankton_zhang_2013_p1.0.xlsx,Category 1: (a) Weighted mean of all methods with Category 1 estimates.,Phytoplankton,32040,155.37,155.37,594.67,611.97,365.96,"Zhang Y.G., Pagani M, Liu Z, Bohaty S.M., DeConto R. (2013) A 40-million-year history of atmospheric CO2, Philosophical Transactions of the Royal Society A, 371, 20130096.",Zhang 2013,false,1,Category 1: (a) Weighted mean of all methods with Category 1 estimates.,FALSE,true,Recalculation of all alkenone CO2 results using uniform calculation methods and comprehensive treatment of uncertainties.,true,false,FALSE,false,
phytoplankton_zhang_2013_p1.0.xlsx,Category 1: (a) Weighted mean of all methods with Category 1 estimates.,Phytoplankton,32580,157.85,157.85,600.81,603.04,370.36,"Zhang Y.G., Pagani M, Liu Z, Bohaty S.M., DeConto R. (2013) A 40-million-year history of atmospheric CO2, Philosophical Transactions of the Royal Society A, 371, 20130096.",Zhang 2013,false,1,Category 1: (a) Weighted mean of all methods with Category 1 estimates.,FALSE,true,Recalculation of all alkenone CO2 results using uniform calculation methods and comprehensive treatment of uncertainties.,true,false,FALSE,false,
phytoplankton_zhang_2013_p1.0.xlsx,Category 1: (a) Weighted mean of all methods with Category 1 estimates.,Phytoplankton,32830,159,159,576.08,581.61,350.52,"Zhang Y.G., Pagani M, Liu Z, Bohaty S.M., DeConto R. (2013) A 40-million-year history of atmospheric CO2, Philosophical Transactions of the Royal Society A, 371, 20130096.",Zhang 2013,false,1,Category 1: (a) Weighted mean of all methods with Category 1 estimates.,FALSE,true,Recalculation of all alkenone CO2 results using uniform calculation methods and comprehensive treatment of uncertainties.,true,false,FALSE,false,
phytoplankton_zhang_2013_p1.0.xlsx,Category 1: (a) Weighted mean of all methods with Category 1 estimates.,Phytoplankton,33570,162.4,162.4,537.14,551.58,328.38,"Zhang Y.G., Pagani M, Liu Z, Bohaty S.M., DeConto R. (2013) A 40-million-year history of atmospheric CO2, Philosophical Transactions of the Royal Society A, 371, 20130096.",Zhang 2013,false,1,Category 1: (a) Weighted mean of all methods with Category 1 estimates.,FALSE,true,Recalculation of all alkenone CO2 results using uniform calculation methods and comprehensive treatment of uncertainties.,true,false,FALSE,false,
phytoplankton_zhang_2013_p1.0.xlsx,Category 1: (a) Weighted mean of all methods with Category 1 estimates.,Phytoplankton,35290,170.28,170.28,671.52,687.12,413.71,"Zhang Y.G., Pagani M, Liu Z, Bohaty S.M., DeConto R. (2013) A 40-million-year history of atmospheric CO2, Philosophical Transactions of the Royal Society A, 371, 20130096.",Zhang 2013,false,1,Category 1: (a) Weighted mean of all methods with Category 1 estimates.,FALSE,true,Recalculation of all alkenone CO2 results using uniform calculation methods and comprehensive treatment of uncertainties.,true,false,FALSE,false,
phytoplankton_zhang_2013_p1.0.xlsx,Category 1: (a) Weighted mean of all methods with Category 1 estimates.,Phytoplankton,35560,171.51,171.51,691.22,690.66,427.3,"Zhang Y.G., Pagani M, Liu Z, Bohaty S.M., DeConto R. (2013) A 40-million-year history of atmospheric CO2, Philosophical Transactions of the Royal Society A, 371, 20130096.",Zhang 2013,false,1,Category 1: (a) Weighted mean of all methods with Category 1 estimates.,FALSE,true,Recalculation of all alkenone CO2 results using uniform calculation methods and comprehensive treatment of uncertainties.,true,false,FALSE,false,
phytoplankton_zhang_2013_p1.0.xlsx,Category 1: (a) Weighted mean of all methods with Category 1 estimates.,Phytoplankton,36090,173.94,173.94,824.36,875.36,506.18,"Zhang Y.G., Pagani M, Liu Z, Bohaty S.M., DeConto R. (2013) A 40-million-year history of atmospheric CO2, Philosophical Transactions of the Royal Society A, 371, 20130096.",Zhang 2013,false,1,Category 1: (a) Weighted mean of all methods with Category 1 estimates.,FALSE,true,Recalculation of all alkenone CO2 results using uniform calculation methods and comprehensive treatment of uncertainties.,true,false,FALSE,false,
phytoplankton_zhang_2013_p1.0.xlsx,Category 1: (a) Weighted mean of all methods with Category 1 estimates.,Phytoplankton,36810,177.23,177.23,872.01,930.48,536.39,"Zhang Y.G., Pagani M, Liu Z, Bohaty S.M., DeConto R. (2013) A 40-million-year history of atmospheric CO2, Philosophical Transactions of the Royal Society A, 371, 20130096.",Zhang 2013,false,1,Category 1: (a) Weighted mean of all methods with Category 1 estimates.,FALSE,true,Recalculation of all alkenone CO2 results using uniform calculation methods and comprehensive treatment of uncertainties.,true,false,FALSE,false,
phytoplankton_zhang_2013_p1.0.xlsx,Category 1: (a) Weighted mean of all methods with Category 1 estimates.,Phytoplankton,37430,180.05,180.05,763.48,790.05,474.07,"Zhang Y.G., Pagani M, Liu Z, Bohaty S.M., DeConto R. (2013) A 40-million-year history of atmospheric CO2, Philosophical Transactions of the Royal Society A, 371, 20130096.",Zhang 2013,false,1,Category 1: (a) Weighted mean of all methods with Category 1 estimates.,FALSE,true,Recalculation of all alkenone CO2 results using uniform calculation methods and comprehensive treatment of uncertainties.,true,false,FALSE,false,
phytoplankton_zhang_2013_p1.0.xlsx,Category 1: (a) Weighted mean of all methods with Category 1 estimates.,Phytoplankton,38550,185.16,185.16,677.44,693.46,419.83,"Zhang Y.G., Pagani M, Liu Z, Bohaty S.M., DeConto R. (2013) A 40-million-year history of atmospheric CO2, Philosophical Transactions of the Royal Society A, 371, 20130096.",Zhang 2013,false,1,Category 1: (a) Weighted mean of all methods with Category 1 estimates.,FALSE,true,Recalculation of all alkenone CO2 results using uniform calculation methods and comprehensive treatment of uncertainties.,true,false,FALSE,false,
phytoplankton_zhang_2013_p1.0.xlsx,Category 1: (a) Weighted mean of all methods with Category 1 estimates.,Phytoplankton,38250,183.79,183.79,624.9,649.57,384.41,"Zhang Y.G., Pagani M, Liu Z, Bohaty S.M., DeConto R. (2013) A 40-million-year history of atmospheric CO2, Philosophical Transactions of the Royal Society A, 371, 20130096.",Zhang 2013,false,1,Category 1: (a) Weighted mean of all methods with Category 1 estimates.,FALSE,true,Recalculation of all alkenone CO2 results using uniform calculation methods and comprehensive treatment of uncertainties.,true,false,FALSE,false,
phytoplankton_zhang_2013_p1.0.xlsx,Category 1: (a) Weighted mean of all methods with Category 1 estimates.,Phytoplankton,38620,185.48,185.48,647.13,665.88,402.1,"Zhang Y.G., Pagani M, Liu Z, Bohaty S.M., DeConto R. (2013) A 40-million-year history of atmospheric CO2, Philosophical Transactions of the Royal Society A, 371, 20130096.",Zhang 2013,false,1,Category 1: (a) Weighted mean of all methods with Category 1 estimates.,FALSE,true,Recalculation of all alkenone CO2 results using uniform calculation methods and comprehensive treatment of uncertainties.,true,false,FALSE,false,
