xls,site_name,proxy,age,age_uncertainty_older,age_uncertainty_younger,co2,co2_uncertainty_higher,co2_uncertainty_lower,reference,doi,co2_as_published,proxy_category,category_reason,co2_superseded,co2_recalculated,co2_revised_reason,age_as_published,age_quarantined,age_superseded,age_recalculated,age_revised_reason,modern_latitude,modern_longitude
boron_isotopes_anagnostou_2020_p1.0.xlsx,all known sources of error have been quantified and/or sensitivity of the CO2 estimate to those sources is small,Boron Proxies,40338,193.29,193.29,1001.93,185.12,162.55,"Anagnostou, E., John, E.H., Babila, T.L. et al. Proxy evidence for state-dependence of climate sensitivity in the Eocene greenhouse. Nat Commun 11, 4436 (2020). ",10.1038/s41467-020-17887-x,true,1,all known sources of error have been quantified and/or sensitivity of the CO2 estimate to those sources is small,,,,true,false,False,false,added age uncertainties based on power fit on LR04 uncertainties,9.2658,-54.5439
boron_isotopes_anagnostou_2020_p1.0.xlsx,all known sources of error have been quantified and/or sensitivity of the CO2 estimate to those sources is small,Boron Proxies,40933,196,196,918.97,172.19,158.44,"Anagnostou, E., John, E.H., Babila, T.L. et al. Proxy evidence for state-dependence of climate sensitivity in the Eocene greenhouse. Nat Commun 11, 4436 (2020). ",10.1038/s41467-020-17887-x,true,1,all known sources of error have been quantified and/or sensitivity of the CO2 estimate to those sources is small,,,,true,false,False,false,added age uncertainties based on power fit on LR04 uncertainties,9.2658,-54.5439
boron_isotopes_anagnostou_2020_p1.0.xlsx,all known sources of error have been quantified and/or sensitivity of the CO2 estimate to those sources is small,Boron Proxies,41796,199.91,199.91,790.99,147.07,134.7,"Anagnostou, E., John, E.H., Babila, T.L. et al. Proxy evidence for state-dependence of climate sensitivity in the Eocene greenhouse. Nat Commun 11, 4436 (2020). ",10.1038/s41467-020-17887-x,true,1,all known sources of error have been quantified and/or sensitivity of the CO2 estimate to those sources is small,,,,true,false,False,false,added age uncertainties based on power fit on LR04 uncertainties,9.2658,-54.5439
boron_isotopes_anagnostou_2020_p1.0.xlsx,all known sources of error have been quantified and/or sensitivity of the CO2 estimate to those sources is small,Boron Proxies,43763,208.82,208.82,1018.58,207.16,181.82,"Anagnostou, E., John, E.H., Babila, T.L. et al. Proxy evidence for state-dependence of climate sensitivity in the Eocene greenhouse. Nat Commun 11, 4436 (2020). ",10.1038/s41467-020-17887-x,true,1,all known sources of error have been quantified and/or sensitivity of the CO2 estimate to those sources is small,,,,true,false,False,false,added age uncertainties based on power fit on LR04 uncertainties,9.2658,-54.5439
boron_isotopes_anagnostou_2020_p1.0.xlsx,all known sources of error have been quantified and/or sensitivity of the CO2 estimate to those sources is small,Boron Proxies,44825,213.62,213.62,927.04,188.78,148.51,"Anagnostou, E., John, E.H., Babila, T.L. et al. Proxy evidence for state-dependence of climate sensitivity in the Eocene greenhouse. Nat Commun 11, 4436 (2020). ",10.1038/s41467-020-17887-x,true,1,all known sources of error have been quantified and/or sensitivity of the CO2 estimate to those sources is small,,,,true,false,False,false,added age uncertainties based on power fit on LR04 uncertainties,9.2658,-54.5439
boron_isotopes_anagnostou_2020_p1.0.xlsx,all known sources of error have been quantified and/or sensitivity of the CO2 estimate to those sources is small,Boron Proxies,45701,217.58,217.58,848.1,131.51,123.88,"Anagnostou, E., John, E.H., Babila, T.L. et al. Proxy evidence for state-dependence of climate sensitivity in the Eocene greenhouse. Nat Commun 11, 4436 (2020). ",10.1038/s41467-020-17887-x,true,1,all known sources of error have been quantified and/or sensitivity of the CO2 estimate to those sources is small,,,,true,false,False,false,added age uncertainties based on power fit on LR04 uncertainties,9.2658,-54.5439
boron_isotopes_anagnostou_2020_p1.0.xlsx,all known sources of error have been quantified and/or sensitivity of the CO2 estimate to those sources is small,Boron Proxies,46571,221.51,221.51,1084.14,190.52,178.38,"Anagnostou, E., John, E.H., Babila, T.L. et al. Proxy evidence for state-dependence of climate sensitivity in the Eocene greenhouse. Nat Commun 11, 4436 (2020). ",10.1038/s41467-020-17887-x,true,1,all known sources of error have been quantified and/or sensitivity of the CO2 estimate to those sources is small,,,,true,false,False,false,added age uncertainties based on power fit on LR04 uncertainties,9.4333,-54.7333
boron_isotopes_anagnostou_2020_p1.0.xlsx,all known sources of error have been quantified and/or sensitivity of the CO2 estimate to those sources is small,Boron Proxies,47496,225.68,225.68,1420.45,307.89,262.07,"Anagnostou, E., John, E.H., Babila, T.L. et al. Proxy evidence for state-dependence of climate sensitivity in the Eocene greenhouse. Nat Commun 11, 4436 (2020). ",10.1038/s41467-020-17887-x,true,1,all known sources of error have been quantified and/or sensitivity of the CO2 estimate to those sources is small,,,,true,false,False,false,added age uncertainties based on power fit on LR04 uncertainties,9.4333,-54.733
boron_isotopes_anagnostou_2020_p1.0.xlsx,all known sources of error have been quantified and/or sensitivity of the CO2 estimate to those sources is small,Boron Proxies,48137,228.56,228.56,1907.63,472.23,364.24,"Anagnostou, E., John, E.H., Babila, T.L. et al. Proxy evidence for state-dependence of climate sensitivity in the Eocene greenhouse. Nat Commun 11, 4436 (2020). ",10.1038/s41467-020-17887-x,true,1,all known sources of error have been quantified and/or sensitivity of the CO2 estimate to those sources is small,,,,true,false,False,false,added age uncertainties based on power fit on LR04 uncertainties,9.4333,-54.733
boron_isotopes_anagnostou_2020_p1.0.xlsx,all known sources of error have been quantified and/or sensitivity of the CO2 estimate to those sources is small,Boron Proxies,49001,232.45,232.45,1754.53,413.6,327.97,"Anagnostou, E., John, E.H., Babila, T.L. et al. Proxy evidence for state-dependence of climate sensitivity in the Eocene greenhouse. Nat Commun 11, 4436 (2020). ",10.1038/s41467-020-17887-x,true,1,all known sources of error have been quantified and/or sensitivity of the CO2 estimate to those sources is small,,,,true,false,False,false,added age uncertainties based on power fit on LR04 uncertainties,9.4333,-54.7333
boron_isotopes_anagnostou_2020_p1.0.xlsx,all known sources of error have been quantified and/or sensitivity of the CO2 estimate to those sources is small,Boron Proxies,49831,236.18,236.18,1226.98,266.02,211.24,"Anagnostou, E., John, E.H., Babila, T.L. et al. Proxy evidence for state-dependence of climate sensitivity in the Eocene greenhouse. Nat Commun 11, 4436 (2020). ",10.1038/s41467-020-17887-x,true,1,all known sources of error have been quantified and/or sensitivity of the CO2 estimate to those sources is small,,,,true,false,False,false,added age uncertainties based on power fit on LR04 uncertainties,9.4333,-54.7333
boron_isotopes_anagnostou_2020_p1.0.xlsx,all known sources of error have been quantified and/or sensitivity of the CO2 estimate to those sources is small,Boron Proxies,50705,240.11,240.11,1157.47,221.02,211.38,"Anagnostou, E., John, E.H., Babila, T.L. et al. Proxy evidence for state-dependence of climate sensitivity in the Eocene greenhouse. Nat Commun 11, 4436 (2020). ",10.1038/s41467-020-17887-x,true,1,all known sources of error have been quantified and/or sensitivity of the CO2 estimate to those sources is small,,,,true,false,False,false,added age uncertainties based on power fit on LR04 uncertainties,9.4333,-54.7333
boron_isotopes_anagnostou_2020_p1.0.xlsx,all known sources of error have been quantified and/or sensitivity of the CO2 estimate to those sources is small,Boron Proxies,50856,240.79,240.79,1135.38,235.29,187.47,"Anagnostou, E., John, E.H., Babila, T.L. et al. Proxy evidence for state-dependence of climate sensitivity in the Eocene greenhouse. Nat Commun 11, 4436 (2020). ",10.1038/s41467-020-17887-x,true,1,all known sources of error have been quantified and/or sensitivity of the CO2 estimate to those sources is small,,,,true,false,False,false,added age uncertainties based on power fit on LR04 uncertainties,9.4333,-54.7333
boron_isotopes_anagnostou_2020_p1.0.xlsx,all known sources of error have been quantified and/or sensitivity of the CO2 estimate to those sources is small,Boron Proxies,51980,245.83,245.83,1285.1,286.79,217.55,"Anagnostou, E., John, E.H., Babila, T.L. et al. Proxy evidence for state-dependence of climate sensitivity in the Eocene greenhouse. Nat Commun 11, 4436 (2020). ",10.1038/s41467-020-17887-x,true,1,all known sources of error have been quantified and/or sensitivity of the CO2 estimate to those sources is small,,,,true,false,False,false,added age uncertainties based on power fit on LR04 uncertainties,9.4333,-54.7333
boron_isotopes_anagnostou_2020_p1.0.xlsx,all known sources of error have been quantified and/or sensitivity of the CO2 estimate to those sources is small,Boron Proxies,51980,245.83,245.83,1011.62,207.35,171.26,"Anagnostou, E., John, E.H., Babila, T.L. et al. Proxy evidence for state-dependence of climate sensitivity in the Eocene greenhouse. Nat Commun 11, 4436 (2020). ",10.1038/s41467-020-17887-x,true,1,all known sources of error have been quantified and/or sensitivity of the CO2 estimate to those sources is small,,,,true,false,False,false,added age uncertainties based on power fit on LR04 uncertainties,9.4333,-54.7333
boron_isotopes_anagnostou_2020_p1.0.xlsx,all known sources of error have been quantified and/or sensitivity of the CO2 estimate to those sources is small,Boron Proxies,53628,253.21,253.21,1027.76,214.7,179.05,"Anagnostou, E., John, E.H., Babila, T.L. et al. Proxy evidence for state-dependence of climate sensitivity in the Eocene greenhouse. Nat Commun 11, 4436 (2020). ",10.1038/s41467-020-17887-x,true,1,all known sources of error have been quantified and/or sensitivity of the CO2 estimate to those sources is small,,,,true,false,False,false,added age uncertainties based on power fit on LR04 uncertainties,9.4333,-54.7333
boron_isotopes_anagnostou_2020_p1.0.xlsx,all known sources of error have been quantified and/or sensitivity of the CO2 estimate to those sources is small,Boron Proxies,54678,257.91,257.91,647.83,122.7,97.49,"Anagnostou, E., John, E.H., Babila, T.L. et al. Proxy evidence for state-dependence of climate sensitivity in the Eocene greenhouse. Nat Commun 11, 4436 (2020). ",10.1038/s41467-020-17887-x,true,1,all known sources of error have been quantified and/or sensitivity of the CO2 estimate to those sources is small,,,,true,false,False,false,added age uncertainties based on power fit on LR04 uncertainties,9.4333,-54.7328
boron_isotopes_anagnostou_2020_p1.0.xlsx,all known sources of error have been quantified and/or sensitivity of the CO2 estimate to those sources is small,Boron Proxies,55541,261.77,261.77,796.67,163.04,127.04,"Anagnostou, E., John, E.H., Babila, T.L. et al. Proxy evidence for state-dependence of climate sensitivity in the Eocene greenhouse. Nat Commun 11, 4436 (2020). ",10.1038/s41467-020-17887-x,true,1,all known sources of error have been quantified and/or sensitivity of the CO2 estimate to those sources is small,,,,true,false,False,false,added age uncertainties based on power fit on LR04 uncertainties,9.4333,-54.7333
boron_isotopes_anagnostou_2020_p1.0.xlsx,all known sources of error have been quantified and/or sensitivity of the CO2 estimate to those sources is small,Boron Proxies,35607.55,171.73,171.73,910.3,180.67,160.46,"Anagnostou, E., John, E.H., Babila, T.L. et al. Proxy evidence for state-dependence of climate sensitivity in the Eocene greenhouse. Nat Commun 11, 4436 (2020). ",10.1038/s41467-020-17887-x,true,1,all known sources of error have been quantified and/or sensitivity of the CO2 estimate to those sources is small,,,,true,false,False,false,added age uncertainties based on power fit on LR04 uncertainties,18.4403,-179.5558
boron_isotopes_anagnostou_2020_p1.0.xlsx,all known sources of error have been quantified and/or sensitivity of the CO2 estimate to those sources is small,Boron Proxies,36396.42,175.34,175.34,871.97,199.35,157.48,"Anagnostou, E., John, E.H., Babila, T.L. et al. Proxy evidence for state-dependence of climate sensitivity in the Eocene greenhouse. Nat Commun 11, 4436 (2020). ",10.1038/s41467-020-17887-x,true,1,all known sources of error have been quantified and/or sensitivity of the CO2 estimate to those sources is small,,,,true,false,False,false,added age uncertainties based on power fit on LR04 uncertainties,18.4403,-179.5558
boron_isotopes_anagnostou_2020_p1.0.xlsx,all known sources of error have been quantified and/or sensitivity of the CO2 estimate to those sources is small,Boron Proxies,36963.28,177.93,177.93,883,190.95,138.92,"Anagnostou, E., John, E.H., Babila, T.L. et al. Proxy evidence for state-dependence of climate sensitivity in the Eocene greenhouse. Nat Commun 11, 4436 (2020). ",10.1038/s41467-020-17887-x,true,1,all known sources of error have been quantified and/or sensitivity of the CO2 estimate to those sources is small,,,,true,false,False,false,added age uncertainties based on power fit on LR04 uncertainties,18.4403,-179.5558
boron_isotopes_anagnostou_2020_p1.0.xlsx,all known sources of error have been quantified and/or sensitivity of the CO2 estimate to those sources is small,Boron Proxies,36963.28,177.93,177.93,830.6,167.98,146.54,"Anagnostou, E., John, E.H., Babila, T.L. et al. Proxy evidence for state-dependence of climate sensitivity in the Eocene greenhouse. Nat Commun 11, 4436 (2020). ",10.1038/s41467-020-17887-x,true,1,all known sources of error have been quantified and/or sensitivity of the CO2 estimate to those sources is small,,,,true,false,False,false,added age uncertainties based on power fit on LR04 uncertainties,18.4403,-179.5558
boron_isotopes_anagnostou_2020_p1.0.xlsx,all known sources of error have been quantified and/or sensitivity of the CO2 estimate to those sources is small,Boron Proxies,37636.08,180.99,180.99,814.01,334.09,203.91,"Anagnostou, E., John, E.H., Babila, T.L. et al. Proxy evidence for state-dependence of climate sensitivity in the Eocene greenhouse. Nat Commun 11, 4436 (2020). ",10.1038/s41467-020-17887-x,true,1,all known sources of error have been quantified and/or sensitivity of the CO2 estimate to those sources is small,,,,true,false,False,false,added age uncertainties based on power fit on LR04 uncertainties,18.4403,-179.5558
boron_isotopes_anagnostou_2020_p1.0.xlsx,all known sources of error have been quantified and/or sensitivity of the CO2 estimate to those sources is small,Boron Proxies,38109.41,183.15,183.15,898.8,209.28,160.36,"Anagnostou, E., John, E.H., Babila, T.L. et al. Proxy evidence for state-dependence of climate sensitivity in the Eocene greenhouse. Nat Commun 11, 4436 (2020). ",10.1038/s41467-020-17887-x,true,1,all known sources of error have been quantified and/or sensitivity of the CO2 estimate to those sources is small,,,,true,false,False,false,added age uncertainties based on power fit on LR04 uncertainties,18.4403,-179.5558
boron_isotopes_anagnostou_2020_p1.0.xlsx,all known sources of error have been quantified and/or sensitivity of the CO2 estimate to those sources is small,Boron Proxies,38781.08,186.21,186.21,893.23,156.4,157.32,"Anagnostou, E., John, E.H., Babila, T.L. et al. Proxy evidence for state-dependence of climate sensitivity in the Eocene greenhouse. Nat Commun 11, 4436 (2020). ",10.1038/s41467-020-17887-x,true,1,all known sources of error have been quantified and/or sensitivity of the CO2 estimate to those sources is small,,,,true,false,False,false,added age uncertainties based on power fit on LR04 uncertainties,18.4403,-179.5558
boron_isotopes_anagnostou_2020_p1.0.xlsx,all known sources of error have been quantified and/or sensitivity of the CO2 estimate to those sources is small,Boron Proxies,38781.08,186.21,186.21,887.01,169.97,153.25,"Anagnostou, E., John, E.H., Babila, T.L. et al. Proxy evidence for state-dependence of climate sensitivity in the Eocene greenhouse. Nat Commun 11, 4436 (2020). ",10.1038/s41467-020-17887-x,true,1,all known sources of error have been quantified and/or sensitivity of the CO2 estimate to those sources is small,,,,true,false,False,false,added age uncertainties based on power fit on LR04 uncertainties,18.4403,-179.5558
boron_isotopes_anagnostou_2020_p1.0.xlsx,all known sources of error have been quantified and/or sensitivity of the CO2 estimate to those sources is small,Boron Proxies,38781.08,186.21,186.21,950.09,207.79,172.86,"Anagnostou, E., John, E.H., Babila, T.L. et al. Proxy evidence for state-dependence of climate sensitivity in the Eocene greenhouse. Nat Commun 11, 4436 (2020). ",10.1038/s41467-020-17887-x,true,1,all known sources of error have been quantified and/or sensitivity of the CO2 estimate to those sources is small,,,,true,false,False,false,added age uncertainties based on power fit on LR04 uncertainties,18.4403,-179.5558
boron_isotopes_anagnostou_2020_p1.0.xlsx,all known sources of error have been quantified and/or sensitivity of the CO2 estimate to those sources is small,Boron Proxies,38781.08,186.21,186.21,947.84,191.91,180.3,"Anagnostou, E., John, E.H., Babila, T.L. et al. Proxy evidence for state-dependence of climate sensitivity in the Eocene greenhouse. Nat Commun 11, 4436 (2020). ",10.1038/s41467-020-17887-x,true,1,all known sources of error have been quantified and/or sensitivity of the CO2 estimate to those sources is small,,,,true,false,False,false,added age uncertainties based on power fit on LR04 uncertainties,18.4403,-179.5558
boron_isotopes_anagnostou_2020_p1.0.xlsx,all known sources of error have been quantified and/or sensitivity of the CO2 estimate to those sources is small,Boron Proxies,39445.98,189.24,189.24,787.87,188.68,159.63,"Anagnostou, E., John, E.H., Babila, T.L. et al. Proxy evidence for state-dependence of climate sensitivity in the Eocene greenhouse. Nat Commun 11, 4436 (2020). ",10.1038/s41467-020-17887-x,true,1,all known sources of error have been quantified and/or sensitivity of the CO2 estimate to those sources is small,,,,true,false,False,false,added age uncertainties based on power fit on LR04 uncertainties,18.4403,-179.5558
boron_isotopes_anagnostou_2020_p1.0.xlsx,all known sources of error have been quantified and/or sensitivity of the CO2 estimate to those sources is small,Boron Proxies,39445.98,189.24,189.24,945.83,195.63,151.98,"Anagnostou, E., John, E.H., Babila, T.L. et al. Proxy evidence for state-dependence of climate sensitivity in the Eocene greenhouse. Nat Commun 11, 4436 (2020). ",10.1038/s41467-020-17887-x,true,1,all known sources of error have been quantified and/or sensitivity of the CO2 estimate to those sources is small,,,,true,false,False,false,added age uncertainties based on power fit on LR04 uncertainties,18.4403,-179.5558
boron_isotopes_anagnostou_2020_p1.0.xlsx,all known sources of error have been quantified and/or sensitivity of the CO2 estimate to those sources is small,Boron Proxies,40250.64,192.9,192.9,966.73,219.38,165.53,"Anagnostou, E., John, E.H., Babila, T.L. et al. Proxy evidence for state-dependence of climate sensitivity in the Eocene greenhouse. Nat Commun 11, 4436 (2020). ",10.1038/s41467-020-17887-x,true,1,all known sources of error have been quantified and/or sensitivity of the CO2 estimate to those sources is small,,,,true,false,False,false,added age uncertainties based on power fit on LR04 uncertainties,18.4403,-179.5558
boron_isotopes_anagnostou_2020_p1.0.xlsx,all known sources of error have been quantified and/or sensitivity of the CO2 estimate to those sources is small,Boron Proxies,40917.8,195.93,195.93,864.55,177.08,143.35,"Anagnostou, E., John, E.H., Babila, T.L. et al. Proxy evidence for state-dependence of climate sensitivity in the Eocene greenhouse. Nat Commun 11, 4436 (2020). ",10.1038/s41467-020-17887-x,true,1,all known sources of error have been quantified and/or sensitivity of the CO2 estimate to those sources is small,,,,true,false,False,false,added age uncertainties based on power fit on LR04 uncertainties,18.4403,-179.5558
boron_isotopes_anagnostou_2020_p1.0.xlsx,all known sources of error have been quantified and/or sensitivity of the CO2 estimate to those sources is small,Boron Proxies,41467.76,198.42,198.42,963.44,195.69,180.52,"Anagnostou, E., John, E.H., Babila, T.L. et al. Proxy evidence for state-dependence of climate sensitivity in the Eocene greenhouse. Nat Commun 11, 4436 (2020). ",10.1038/s41467-020-17887-x,true,1,all known sources of error have been quantified and/or sensitivity of the CO2 estimate to those sources is small,,,,true,false,False,false,added age uncertainties based on power fit on LR04 uncertainties,18.4403,-179.5558
boron_isotopes_anagnostou_2020_p1.0.xlsx,all known sources of error have been quantified and/or sensitivity of the CO2 estimate to those sources is small,Boron Proxies,42387.36,202.59,202.59,885.73,185.4,148.84,"Anagnostou, E., John, E.H., Babila, T.L. et al. Proxy evidence for state-dependence of climate sensitivity in the Eocene greenhouse. Nat Commun 11, 4436 (2020). ",10.1038/s41467-020-17887-x,true,1,all known sources of error have been quantified and/or sensitivity of the CO2 estimate to those sources is small,,,,true,false,False,false,added age uncertainties based on power fit on LR04 uncertainties,18.4403,-179.5558
boron_isotopes_anagnostou_2020_p1.0.xlsx,all known sources of error have been quantified and/or sensitivity of the CO2 estimate to those sources is small,Boron Proxies,43068.05,205.68,205.68,945.05,199.58,173.52,"Anagnostou, E., John, E.H., Babila, T.L. et al. Proxy evidence for state-dependence of climate sensitivity in the Eocene greenhouse. Nat Commun 11, 4436 (2020). ",10.1038/s41467-020-17887-x,true,1,all known sources of error have been quantified and/or sensitivity of the CO2 estimate to those sources is small,,,,true,false,False,false,added age uncertainties based on power fit on LR04 uncertainties,18.4403,-179.5558
boron_isotopes_anagnostou_2020_p1.0.xlsx,all known sources of error have been quantified and/or sensitivity of the CO2 estimate to those sources is small,Boron Proxies,43068.05,205.68,205.68,955.12,182.42,159.99,"Anagnostou, E., John, E.H., Babila, T.L. et al. Proxy evidence for state-dependence of climate sensitivity in the Eocene greenhouse. Nat Commun 11, 4436 (2020). ",10.1038/s41467-020-17887-x,true,1,all known sources of error have been quantified and/or sensitivity of the CO2 estimate to those sources is small,,,,true,false,False,false,added age uncertainties based on power fit on LR04 uncertainties,18.4403,-179.5558
boron_isotopes_anagnostou_2020_p1.0.xlsx,all known sources of error have been quantified and/or sensitivity of the CO2 estimate to those sources is small,Boron Proxies,43383.6,207.1,207.1,857.89,155.43,142.82,"Anagnostou, E., John, E.H., Babila, T.L. et al. Proxy evidence for state-dependence of climate sensitivity in the Eocene greenhouse. Nat Commun 11, 4436 (2020). ",10.1038/s41467-020-17887-x,true,1,all known sources of error have been quantified and/or sensitivity of the CO2 estimate to those sources is small,,,,true,false,False,false,added age uncertainties based on power fit on LR04 uncertainties,18.4403,-179.5558
boron_isotopes_anagnostou_2020_p1.0.xlsx,all known sources of error have been quantified and/or sensitivity of the CO2 estimate to those sources is small,Boron Proxies,43744.22,208.74,208.74,1044.29,201.5,161.86,"Anagnostou, E., John, E.H., Babila, T.L. et al. Proxy evidence for state-dependence of climate sensitivity in the Eocene greenhouse. Nat Commun 11, 4436 (2020). ",10.1038/s41467-020-17887-x,true,1,all known sources of error have been quantified and/or sensitivity of the CO2 estimate to those sources is small,,,,true,false,False,false,added age uncertainties based on power fit on LR04 uncertainties,18.4403,-179.5558
boron_isotopes_anagnostou_2020_p1.0.xlsx,all known sources of error have been quantified and/or sensitivity of the CO2 estimate to those sources is small,Boron Proxies,44537.61,212.32,212.32,1063.92,209.44,181,"Anagnostou, E., John, E.H., Babila, T.L. et al. Proxy evidence for state-dependence of climate sensitivity in the Eocene greenhouse. Nat Commun 11, 4436 (2020). ",10.1038/s41467-020-17887-x,true,1,all known sources of error have been quantified and/or sensitivity of the CO2 estimate to those sources is small,,,,true,false,False,false,added age uncertainties based on power fit on LR04 uncertainties,18.4403,-179.5558
boron_isotopes_anagnostou_2020_p1.0.xlsx,all known sources of error have been quantified and/or sensitivity of the CO2 estimate to those sources is small,Boron Proxies,44873.44,213.84,213.84,1014.87,197.44,187.64,"Anagnostou, E., John, E.H., Babila, T.L. et al. Proxy evidence for state-dependence of climate sensitivity in the Eocene greenhouse. Nat Commun 11, 4436 (2020). ",10.1038/s41467-020-17887-x,true,1,all known sources of error have been quantified and/or sensitivity of the CO2 estimate to those sources is small,,,,true,false,False,false,added age uncertainties based on power fit on LR04 uncertainties,18.4403,-179.5558
boron_isotopes_anagnostou_2020_p1.0.xlsx,all known sources of error have been quantified and/or sensitivity of the CO2 estimate to those sources is small,Boron Proxies,44873.44,213.84,213.84,1023.7,208.22,170.65,"Anagnostou, E., John, E.H., Babila, T.L. et al. Proxy evidence for state-dependence of climate sensitivity in the Eocene greenhouse. Nat Commun 11, 4436 (2020). ",10.1038/s41467-020-17887-x,true,1,all known sources of error have been quantified and/or sensitivity of the CO2 estimate to those sources is small,,,,true,false,False,false,added age uncertainties based on power fit on LR04 uncertainties,18.4403,-179.5558
boron_isotopes_anagnostou_2020_p1.0.xlsx,all known sources of error have been quantified and/or sensitivity of the CO2 estimate to those sources is small,Boron Proxies,44873.44,213.84,213.84,895.03,187.42,152.68,"Anagnostou, E., John, E.H., Babila, T.L. et al. Proxy evidence for state-dependence of climate sensitivity in the Eocene greenhouse. Nat Commun 11, 4436 (2020). ",10.1038/s41467-020-17887-x,true,1,all known sources of error have been quantified and/or sensitivity of the CO2 estimate to those sources is small,,,,true,false,False,false,added age uncertainties based on power fit on LR04 uncertainties,18.4403,-179.5558
boron_isotopes_anagnostou_2020_p1.0.xlsx,all known sources of error have been quantified and/or sensitivity of the CO2 estimate to those sources is small,Boron Proxies,44873.44,213.84,213.84,874.28,184.72,152.81,"Anagnostou, E., John, E.H., Babila, T.L. et al. Proxy evidence for state-dependence of climate sensitivity in the Eocene greenhouse. Nat Commun 11, 4436 (2020). ",10.1038/s41467-020-17887-x,true,1,all known sources of error have been quantified and/or sensitivity of the CO2 estimate to those sources is small,,,,true,false,False,false,added age uncertainties based on power fit on LR04 uncertainties,18.4403,-179.5558
boron_isotopes_anagnostou_2020_p1.0.xlsx,all known sources of error have been quantified and/or sensitivity of the CO2 estimate to those sources is small,Boron Proxies,45204.77,215.34,215.34,958.56,175.94,154.15,"Anagnostou, E., John, E.H., Babila, T.L. et al. Proxy evidence for state-dependence of climate sensitivity in the Eocene greenhouse. Nat Commun 11, 4436 (2020). ",10.1038/s41467-020-17887-x,true,1,all known sources of error have been quantified and/or sensitivity of the CO2 estimate to those sources is small,,,,true,false,False,false,added age uncertainties based on power fit on LR04 uncertainties,18.4403,-179.5558
boron_isotopes_anagnostou_2020_p1.0.xlsx,all known sources of error have been quantified and/or sensitivity of the CO2 estimate to those sources is small,Boron Proxies,45204.77,215.34,215.34,1116.12,235.12,197.96,"Anagnostou, E., John, E.H., Babila, T.L. et al. Proxy evidence for state-dependence of climate sensitivity in the Eocene greenhouse. Nat Commun 11, 4436 (2020). ",10.1038/s41467-020-17887-x,true,1,all known sources of error have been quantified and/or sensitivity of the CO2 estimate to those sources is small,,,,true,false,False,false,added age uncertainties based on power fit on LR04 uncertainties,18.4403,-179.5558
boron_isotopes_anagnostou_2020_p1.0.xlsx,all known sources of error have been quantified and/or sensitivity of the CO2 estimate to those sources is small,Boron Proxies,45753.6,217.82,217.82,1030.3,197.16,174.94,"Anagnostou, E., John, E.H., Babila, T.L. et al. Proxy evidence for state-dependence of climate sensitivity in the Eocene greenhouse. Nat Commun 11, 4436 (2020). ",10.1038/s41467-020-17887-x,true,1,all known sources of error have been quantified and/or sensitivity of the CO2 estimate to those sources is small,,,,true,false,False,false,added age uncertainties based on power fit on LR04 uncertainties,18.4403,-179.5558
boron_isotopes_anagnostou_2020_p1.0.xlsx,all known sources of error have been quantified and/or sensitivity of the CO2 estimate to those sources is small,Boron Proxies,46317.08,220.36,220.36,1004.96,205.14,172.24,"Anagnostou, E., John, E.H., Babila, T.L. et al. Proxy evidence for state-dependence of climate sensitivity in the Eocene greenhouse. Nat Commun 11, 4436 (2020). ",10.1038/s41467-020-17887-x,true,1,all known sources of error have been quantified and/or sensitivity of the CO2 estimate to those sources is small,,,,true,false,False,false,added age uncertainties based on power fit on LR04 uncertainties,18.4403,-179.5558
boron_isotopes_anagnostou_2020_p1.0.xlsx,all known sources of error have been quantified and/or sensitivity of the CO2 estimate to those sources is small,Boron Proxies,46655.17,221.89,221.89,962.4,188.06,154.47,"Anagnostou, E., John, E.H., Babila, T.L. et al. Proxy evidence for state-dependence of climate sensitivity in the Eocene greenhouse. Nat Commun 11, 4436 (2020). ",10.1038/s41467-020-17887-x,true,1,all known sources of error have been quantified and/or sensitivity of the CO2 estimate to those sources is small,,,,true,false,False,false,added age uncertainties based on power fit on LR04 uncertainties,18.4403,-179.5558
boron_isotopes_anagnostou_2020_p1.0.xlsx,all known sources of error have been quantified and/or sensitivity of the CO2 estimate to those sources is small,Boron Proxies,47331.35,224.93,224.93,1070.43,192.97,163.18,"Anagnostou, E., John, E.H., Babila, T.L. et al. Proxy evidence for state-dependence of climate sensitivity in the Eocene greenhouse. Nat Commun 11, 4436 (2020). ",10.1038/s41467-020-17887-x,true,1,all known sources of error have been quantified and/or sensitivity of the CO2 estimate to those sources is small,,,,true,false,False,false,added age uncertainties based on power fit on LR04 uncertainties,18.4403,-179.5558
boron_isotopes_anagnostou_2020_p1.0.xlsx,all known sources of error have been quantified and/or sensitivity of the CO2 estimate to those sources is small,Boron Proxies,48015.42,228.01,228.01,1136.71,200.92,197.22,"Anagnostou, E., John, E.H., Babila, T.L. et al. Proxy evidence for state-dependence of climate sensitivity in the Eocene greenhouse. Nat Commun 11, 4436 (2020). ",10.1038/s41467-020-17887-x,true,1,all known sources of error have been quantified and/or sensitivity of the CO2 estimate to those sources is small,,,,true,false,False,false,added age uncertainties based on power fit on LR04 uncertainties,18.4403,-179.5558
boron_isotopes_anagnostou_2020_p1.0.xlsx,all known sources of error have been quantified and/or sensitivity of the CO2 estimate to those sources is small,Boron Proxies,48015.42,228.01,228.01,1039.03,215.68,184.79,"Anagnostou, E., John, E.H., Babila, T.L. et al. Proxy evidence for state-dependence of climate sensitivity in the Eocene greenhouse. Nat Commun 11, 4436 (2020). ",10.1038/s41467-020-17887-x,true,1,all known sources of error have been quantified and/or sensitivity of the CO2 estimate to those sources is small,,,,true,false,False,false,added age uncertainties based on power fit on LR04 uncertainties,18.4403,-179.5558
boron_isotopes_anagnostou_2020_p1.0.xlsx,all known sources of error have been quantified and/or sensitivity of the CO2 estimate to those sources is small,Boron Proxies,49134.49,233.05,233.05,1185.02,255.2,211.33,"Anagnostou, E., John, E.H., Babila, T.L. et al. Proxy evidence for state-dependence of climate sensitivity in the Eocene greenhouse. Nat Commun 11, 4436 (2020). ",10.1038/s41467-020-17887-x,true,1,all known sources of error have been quantified and/or sensitivity of the CO2 estimate to those sources is small,,,,true,false,False,false,added age uncertainties based on power fit on LR04 uncertainties,18.4403,-179.5558
boron_isotopes_anagnostou_2020_p1.0.xlsx,all known sources of error have been quantified and/or sensitivity of the CO2 estimate to those sources is small,Boron Proxies,49818.56,236.13,236.13,1116.42,256.93,207.65,"Anagnostou, E., John, E.H., Babila, T.L. et al. Proxy evidence for state-dependence of climate sensitivity in the Eocene greenhouse. Nat Commun 11, 4436 (2020). ",10.1038/s41467-020-17887-x,true,1,all known sources of error have been quantified and/or sensitivity of the CO2 estimate to those sources is small,,,,true,false,False,false,added age uncertainties based on power fit on LR04 uncertainties,18.4403,-179.5558
boron_isotopes_anagnostou_2020_p1.0.xlsx,all known sources of error have been quantified and/or sensitivity of the CO2 estimate to those sources is small,Boron Proxies,48112.48,228.45,228.45,985.12,274.01,222.34,"Anagnostou, E., John, E.H., Babila, T.L. et al. Proxy evidence for state-dependence of climate sensitivity in the Eocene greenhouse. Nat Commun 11, 4436 (2020). ",10.1038/s41467-020-17887-x,true,1,all known sources of error have been quantified and/or sensitivity of the CO2 estimate to those sources is small,,,,true,false,False,false,added age uncertainties based on power fit on LR04 uncertainties,41.42499,-49.82331
boron_isotopes_anagnostou_2020_p1.0.xlsx,all known sources of error have been quantified and/or sensitivity of the CO2 estimate to those sources is small,Boron Proxies,49990.74,236.9,236.9,1476.54,400.72,342.11,"Anagnostou, E., John, E.H., Babila, T.L. et al. Proxy evidence for state-dependence of climate sensitivity in the Eocene greenhouse. Nat Commun 11, 4436 (2020). ",10.1038/s41467-020-17887-x,true,1,all known sources of error have been quantified and/or sensitivity of the CO2 estimate to those sources is small,,,,true,false,False,false,added age uncertainties based on power fit on LR04 uncertainties,41.29565,-49.23309
boron_isotopes_anagnostou_2020_p1.0.xlsx,all known sources of error have been quantified and/or sensitivity of the CO2 estimate to those sources is small,Boron Proxies,49990.74,236.9,236.9,1491.93,477.8,360.52,"Anagnostou, E., John, E.H., Babila, T.L. et al. Proxy evidence for state-dependence of climate sensitivity in the Eocene greenhouse. Nat Commun 11, 4436 (2020). ",10.1038/s41467-020-17887-x,true,1,all known sources of error have been quantified and/or sensitivity of the CO2 estimate to those sources is small,,,,true,false,False,false,added age uncertainties based on power fit on LR04 uncertainties,41.29565,-49.23309
boron_isotopes_anagnostou_2020_p1.0.xlsx,all known sources of error have been quantified and/or sensitivity of the CO2 estimate to those sources is small,Boron Proxies,50541.61,239.37,239.37,2127.59,689.83,539.59,"Anagnostou, E., John, E.H., Babila, T.L. et al. Proxy evidence for state-dependence of climate sensitivity in the Eocene greenhouse. Nat Commun 11, 4436 (2020). ",10.1038/s41467-020-17887-x,true,1,all known sources of error have been quantified and/or sensitivity of the CO2 estimate to those sources is small,,,,true,false,False,false,added age uncertainties based on power fit on LR04 uncertainties,41.29582,-49.23309
boron_isotopes_anagnostou_2020_p1.0.xlsx,all known sources of error have been quantified and/or sensitivity of the CO2 estimate to those sources is small,Boron Proxies,50593.76,239.61,239.61,2157.37,897.57,592.09,"Anagnostou, E., John, E.H., Babila, T.L. et al. Proxy evidence for state-dependence of climate sensitivity in the Eocene greenhouse. Nat Commun 11, 4436 (2020). ",10.1038/s41467-020-17887-x,true,1,all known sources of error have been quantified and/or sensitivity of the CO2 estimate to those sources is small,,,,true,false,False,false,added age uncertainties based on power fit on LR04 uncertainties,41.29582,-49.23309
boron_isotopes_anagnostou_2020_p1.0.xlsx,all known sources of error have been quantified and/or sensitivity of the CO2 estimate to those sources is small,Boron Proxies,50603.24,239.65,239.65,2117.77,667.1,535.37,"Anagnostou, E., John, E.H., Babila, T.L. et al. Proxy evidence for state-dependence of climate sensitivity in the Eocene greenhouse. Nat Commun 11, 4436 (2020). ",10.1038/s41467-020-17887-x,true,1,all known sources of error have been quantified and/or sensitivity of the CO2 estimate to those sources is small,,,,true,false,False,false,added age uncertainties based on power fit on LR04 uncertainties,41.29582,-49.23309
boron_isotopes_anagnostou_2020_p1.0.xlsx,all known sources of error have been quantified and/or sensitivity of the CO2 estimate to those sources is small,Boron Proxies,50603.24,239.65,239.65,2275.91,912.06,637.01,"Anagnostou, E., John, E.H., Babila, T.L. et al. Proxy evidence for state-dependence of climate sensitivity in the Eocene greenhouse. Nat Commun 11, 4436 (2020). ",10.1038/s41467-020-17887-x,true,1,all known sources of error have been quantified and/or sensitivity of the CO2 estimate to those sources is small,,,,true,false,False,false,added age uncertainties based on power fit on LR04 uncertainties,41.29582,-49.23309
boron_isotopes_anagnostou_2020_p1.0.xlsx,all known sources of error have been quantified and/or sensitivity of the CO2 estimate to those sources is small,Boron Proxies,50622.2,239.74,239.74,2164.98,739.21,558.78,"Anagnostou, E., John, E.H., Babila, T.L. et al. Proxy evidence for state-dependence of climate sensitivity in the Eocene greenhouse. Nat Commun 11, 4436 (2020). ",10.1038/s41467-020-17887-x,true,1,all known sources of error have been quantified and/or sensitivity of the CO2 estimate to those sources is small,,,,true,false,False,false,added age uncertainties based on power fit on LR04 uncertainties,41.29582,-49.23309
boron_isotopes_anagnostou_2020_p1.0.xlsx,all known sources of error have been quantified and/or sensitivity of the CO2 estimate to those sources is small,Boron Proxies,50683.01,240.01,240.01,1735.79,487.8,418.08,"Anagnostou, E., John, E.H., Babila, T.L. et al. Proxy evidence for state-dependence of climate sensitivity in the Eocene greenhouse. Nat Commun 11, 4436 (2020). ",10.1038/s41467-020-17887-x,true,1,all known sources of error have been quantified and/or sensitivity of the CO2 estimate to those sources is small,,,,true,false,False,false,added age uncertainties based on power fit on LR04 uncertainties,41.29582,-49.23309
boron_isotopes_anagnostou_2020_p1.0.xlsx,all known sources of error have been quantified and/or sensitivity of the CO2 estimate to those sources is small,Boron Proxies,51288.52,242.73,242.73,1881.72,580.65,450.59,"Anagnostou, E., John, E.H., Babila, T.L. et al. Proxy evidence for state-dependence of climate sensitivity in the Eocene greenhouse. Nat Commun 11, 4436 (2020). ",10.1038/s41467-020-17887-x,true,1,all known sources of error have been quantified and/or sensitivity of the CO2 estimate to those sources is small,,,,true,false,False,false,added age uncertainties based on power fit on LR04 uncertainties,41.29565,-49.23309
boron_isotopes_anagnostou_2020_p1.0.xlsx,all known sources of error have been quantified and/or sensitivity of the CO2 estimate to those sources is small,Boron Proxies,51604.89,244.15,244.15,1123.64,330.25,251.25,"Anagnostou, E., John, E.H., Babila, T.L. et al. Proxy evidence for state-dependence of climate sensitivity in the Eocene greenhouse. Nat Commun 11, 4436 (2020). ",10.1038/s41467-020-17887-x,true,1,all known sources of error have been quantified and/or sensitivity of the CO2 estimate to those sources is small,,,,true,false,False,false,added age uncertainties based on power fit on LR04 uncertainties,41.29565,-49.23309
boron_isotopes_anagnostou_2020_p1.0.xlsx,all known sources of error have been quantified and/or sensitivity of the CO2 estimate to those sources is small,Boron Proxies,51631.47,244.27,244.27,1276.03,365.3,300.76,"Anagnostou, E., John, E.H., Babila, T.L. et al. Proxy evidence for state-dependence of climate sensitivity in the Eocene greenhouse. Nat Commun 11, 4436 (2020). ",10.1038/s41467-020-17887-x,true,1,all known sources of error have been quantified and/or sensitivity of the CO2 estimate to those sources is small,,,,true,false,False,false,added age uncertainties based on power fit on LR04 uncertainties,41.29565,-49.23309
boron_isotopes_anagnostou_2020_p1.0.xlsx,all known sources of error have been quantified and/or sensitivity of the CO2 estimate to those sources is small,Boron Proxies,51631.47,244.27,244.27,1345.44,444.23,327.17,"Anagnostou, E., John, E.H., Babila, T.L. et al. Proxy evidence for state-dependence of climate sensitivity in the Eocene greenhouse. Nat Commun 11, 4436 (2020). ",10.1038/s41467-020-17887-x,true,1,all known sources of error have been quantified and/or sensitivity of the CO2 estimate to those sources is small,,,,true,false,False,false,added age uncertainties based on power fit on LR04 uncertainties,41.29565,-49.23309
boron_isotopes_anagnostou_2020_p1.0.xlsx,all known sources of error have been quantified and/or sensitivity of the CO2 estimate to those sources is small,Boron Proxies,51658.06,244.39,244.39,1671.15,532.59,435.67,"Anagnostou, E., John, E.H., Babila, T.L. et al. Proxy evidence for state-dependence of climate sensitivity in the Eocene greenhouse. Nat Commun 11, 4436 (2020). ",10.1038/s41467-020-17887-x,true,1,all known sources of error have been quantified and/or sensitivity of the CO2 estimate to those sources is small,,,,true,false,False,false,added age uncertainties based on power fit on LR04 uncertainties,41.29565,-49.23309
boron_isotopes_anagnostou_2020_p1.0.xlsx,all known sources of error have been quantified and/or sensitivity of the CO2 estimate to those sources is small,Boron Proxies,51658.06,244.39,244.39,1489.02,416.26,354.31,"Anagnostou, E., John, E.H., Babila, T.L. et al. Proxy evidence for state-dependence of climate sensitivity in the Eocene greenhouse. Nat Commun 11, 4436 (2020). ",10.1038/s41467-020-17887-x,true,1,all known sources of error have been quantified and/or sensitivity of the CO2 estimate to those sources is small,,,,true,false,False,false,added age uncertainties based on power fit on LR04 uncertainties,41.29565,-49.23309
boron_isotopes_anagnostou_2020_p1.0.xlsx,all known sources of error have been quantified and/or sensitivity of the CO2 estimate to those sources is small,Boron Proxies,51658.06,244.39,244.39,1407.67,418.57,322.57,"Anagnostou, E., John, E.H., Babila, T.L. et al. Proxy evidence for state-dependence of climate sensitivity in the Eocene greenhouse. Nat Commun 11, 4436 (2020). ",10.1038/s41467-020-17887-x,true,1,all known sources of error have been quantified and/or sensitivity of the CO2 estimate to those sources is small,,,,true,false,False,false,added age uncertainties based on power fit on LR04 uncertainties,41.29565,-49.23309
boron_isotopes_anagnostou_2020_p1.0.xlsx,all known sources of error have been quantified and/or sensitivity of the CO2 estimate to those sources is small,Boron Proxies,51711.23,244.62,244.62,1912,668.36,490.95,"Anagnostou, E., John, E.H., Babila, T.L. et al. Proxy evidence for state-dependence of climate sensitivity in the Eocene greenhouse. Nat Commun 11, 4436 (2020). ",10.1038/s41467-020-17887-x,true,1,all known sources of error have been quantified and/or sensitivity of the CO2 estimate to those sources is small,,,,true,false,False,false,added age uncertainties based on power fit on LR04 uncertainties,41.29565,-49.23309
boron_isotopes_anagnostou_2020_p1.0.xlsx,all known sources of error have been quantified and/or sensitivity of the CO2 estimate to those sources is small,Boron Proxies,52881.66,249.87,249.87,1284.47,389.3,284.37,"Anagnostou, E., John, E.H., Babila, T.L. et al. Proxy evidence for state-dependence of climate sensitivity in the Eocene greenhouse. Nat Commun 11, 4436 (2020). ",10.1038/s41467-020-17887-x,true,1,all known sources of error have been quantified and/or sensitivity of the CO2 estimate to those sources is small,,,,true,false,False,false,added age uncertainties based on power fit on LR04 uncertainties,41.29582,-49.23309
boron_isotopes_anagnostou_2020_p1.0.xlsx,all known sources of error have been quantified and/or sensitivity of the CO2 estimate to those sources is small,Boron Proxies,52881.66,249.87,249.87,940.43,252.46,207.18,"Anagnostou, E., John, E.H., Babila, T.L. et al. Proxy evidence for state-dependence of climate sensitivity in the Eocene greenhouse. Nat Commun 11, 4436 (2020). ",10.1038/s41467-020-17887-x,true,1,all known sources of error have been quantified and/or sensitivity of the CO2 estimate to those sources is small,,,,true,false,False,false,added age uncertainties based on power fit on LR04 uncertainties,41.29582,-49.23309
boron_isotopes_anagnostou_2020_p1.0.xlsx,all known sources of error have been quantified and/or sensitivity of the CO2 estimate to those sources is small,Boron Proxies,53871.47,254.3,254.3,869.4,228.19,196.85,"Anagnostou, E., John, E.H., Babila, T.L. et al. Proxy evidence for state-dependence of climate sensitivity in the Eocene greenhouse. Nat Commun 11, 4436 (2020). ",10.1038/s41467-020-17887-x,true,1,all known sources of error have been quantified and/or sensitivity of the CO2 estimate to those sources is small,,,,true,false,False,false,added age uncertainties based on power fit on LR04 uncertainties,41.29582,-49.23309
boron_isotopes_anagnostou_2020_p1.0.xlsx,all known sources of error have been quantified and/or sensitivity of the CO2 estimate to those sources is small,Boron Proxies,32980,159.69,159.69,573.28,118.59,93.22,"Anagnostou, E., John, E.H., Babila, T.L. et al. Proxy evidence for state-dependence of climate sensitivity in the Eocene greenhouse. Nat Commun 11, 4436 (2020). ",10.1038/s41467-020-17887-x,true,1,all known sources of error have been quantified and/or sensitivity of the CO2 estimate to those sources is small,,,,true,false,False,false,added age uncertainties based on power fit on LR04 uncertainties,-9.18639,39.55111
boron_isotopes_anagnostou_2020_p1.0.xlsx,all known sources of error have been quantified and/or sensitivity of the CO2 estimate to those sources is small,Boron Proxies,33170,160.56,160.56,734.17,155.36,116.5,"Anagnostou, E., John, E.H., Babila, T.L. et al. Proxy evidence for state-dependence of climate sensitivity in the Eocene greenhouse. Nat Commun 11, 4436 (2020). ",10.1038/s41467-020-17887-x,true,1,all known sources of error have been quantified and/or sensitivity of the CO2 estimate to those sources is small,,,,true,false,False,false,added age uncertainties based on power fit on LR04 uncertainties,-9.18639,39.55111
boron_isotopes_anagnostou_2020_p1.0.xlsx,all known sources of error have been quantified and/or sensitivity of the CO2 estimate to those sources is small,Boron Proxies,33330,161.3,161.3,931.04,187.53,164.72,"Anagnostou, E., John, E.H., Babila, T.L. et al. Proxy evidence for state-dependence of climate sensitivity in the Eocene greenhouse. Nat Commun 11, 4436 (2020). ",10.1038/s41467-020-17887-x,true,1,all known sources of error have been quantified and/or sensitivity of the CO2 estimate to those sources is small,,,,true,false,False,false,added age uncertainties based on power fit on LR04 uncertainties,-9.18639,39.55111
boron_isotopes_anagnostou_2020_p1.0.xlsx,all known sources of error have been quantified and/or sensitivity of the CO2 estimate to those sources is small,Boron Proxies,33380,161.53,161.53,964.47,226.87,166.7,"Anagnostou, E., John, E.H., Babila, T.L. et al. Proxy evidence for state-dependence of climate sensitivity in the Eocene greenhouse. Nat Commun 11, 4436 (2020). ",10.1038/s41467-020-17887-x,true,1,all known sources of error have been quantified and/or sensitivity of the CO2 estimate to those sources is small,,,,true,false,False,false,added age uncertainties based on power fit on LR04 uncertainties,-9.21528,39.54833
boron_isotopes_anagnostou_2020_p1.0.xlsx,all known sources of error have been quantified and/or sensitivity of the CO2 estimate to those sources is small,Boron Proxies,33590,162.49,162.49,722.47,131.73,119.6,"Anagnostou, E., John, E.H., Babila, T.L. et al. Proxy evidence for state-dependence of climate sensitivity in the Eocene greenhouse. Nat Commun 11, 4436 (2020). ",10.1038/s41467-020-17887-x,true,1,all known sources of error have been quantified and/or sensitivity of the CO2 estimate to those sources is small,,,,true,false,False,false,added age uncertainties based on power fit on LR04 uncertainties,-9.18639,39.55111
boron_isotopes_anagnostou_2020_p1.0.xlsx,all known sources of error have been quantified and/or sensitivity of the CO2 estimate to those sources is small,Boron Proxies,33960,164.19,164.19,952.25,192.68,175.13,"Anagnostou, E., John, E.H., Babila, T.L. et al. Proxy evidence for state-dependence of climate sensitivity in the Eocene greenhouse. Nat Commun 11, 4436 (2020). ",10.1038/s41467-020-17887-x,true,1,all known sources of error have been quantified and/or sensitivity of the CO2 estimate to those sources is small,,,,true,false,False,false,added age uncertainties based on power fit on LR04 uncertainties,-9.21528,39.54833
boron_isotopes_anagnostou_2020_p1.0.xlsx,all known sources of error have been quantified and/or sensitivity of the CO2 estimate to those sources is small,Boron Proxies,34210,165.33,165.33,1007.85,220.2,171.03,"Anagnostou, E., John, E.H., Babila, T.L. et al. Proxy evidence for state-dependence of climate sensitivity in the Eocene greenhouse. Nat Commun 11, 4436 (2020). ",10.1038/s41467-020-17887-x,true,1,all known sources of error have been quantified and/or sensitivity of the CO2 estimate to those sources is small,,,,true,false,False,false,added age uncertainties based on power fit on LR04 uncertainties,-9.21528,39.54833
boron_isotopes_anagnostou_2020_p1.0.xlsx,all known sources of error have been quantified and/or sensitivity of the CO2 estimate to those sources is small,Boron Proxies,34420,166.3,166.3,989.62,273.98,204.63,"Anagnostou, E., John, E.H., Babila, T.L. et al. Proxy evidence for state-dependence of climate sensitivity in the Eocene greenhouse. Nat Commun 11, 4436 (2020). ",10.1038/s41467-020-17887-x,true,1,all known sources of error have been quantified and/or sensitivity of the CO2 estimate to those sources is small,,,,true,false,False,false,added age uncertainties based on power fit on LR04 uncertainties,-9.21528,39.54833
boron_isotopes_anagnostou_2020_p1.0.xlsx,all known sources of error have been quantified and/or sensitivity of the CO2 estimate to those sources is small,Boron Proxies,34630,167.26,167.26,837.45,239.32,176.48,"Anagnostou, E., John, E.H., Babila, T.L. et al. Proxy evidence for state-dependence of climate sensitivity in the Eocene greenhouse. Nat Commun 11, 4436 (2020). ",10.1038/s41467-020-17887-x,true,1,all known sources of error have been quantified and/or sensitivity of the CO2 estimate to those sources is small,,,,true,false,False,false,added age uncertainties based on power fit on LR04 uncertainties,-9.21528,39.54833
boron_isotopes_anagnostou_2020_p1.0.xlsx,all known sources of error have been quantified and/or sensitivity of the CO2 estimate to those sources is small,Boron Proxies,36900,600,600,805.11,232.72,185.63,"Anagnostou, E., John, E.H., Babila, T.L. et al. Proxy evidence for state-dependence of climate sensitivity in the Eocene greenhouse. Nat Commun 11, 4436 (2020). ",10.1038/s41467-020-17887-x,true,1,all known sources of error have been quantified and/or sensitivity of the CO2 estimate to those sources is small,,,,true,false,False,false,,-9.90225,39.70458
boron_isotopes_anagnostou_2020_p1.0.xlsx,all known sources of error have been quantified and/or sensitivity of the CO2 estimate to those sources is small,Boron Proxies,40300,300,300,681.23,148.71,121.85,"Anagnostou, E., John, E.H., Babila, T.L. et al. Proxy evidence for state-dependence of climate sensitivity in the Eocene greenhouse. Nat Commun 11, 4436 (2020). ",10.1038/s41467-020-17887-x,true,1,all known sources of error have been quantified and/or sensitivity of the CO2 estimate to those sources is small,,,,true,false,False,false,,-9.26524,39.5339
boron_isotopes_anagnostou_2020_p1.0.xlsx,all known sources of error have been quantified and/or sensitivity of the CO2 estimate to those sources is small,Boron Proxies,44400,100,400,966.52,196.37,176.36,"Anagnostou, E., John, E.H., Babila, T.L. et al. Proxy evidence for state-dependence of climate sensitivity in the Eocene greenhouse. Nat Commun 11, 4436 (2020). ",10.1038/s41467-020-17887-x,true,1,all known sources of error have been quantified and/or sensitivity of the CO2 estimate to those sources is small,,,,true,false,False,false,,-8.91771,39.50365
boron_isotopes_anagnostou_2020_p1.0.xlsx,all known sources of error have been quantified and/or sensitivity of the CO2 estimate to those sources is small,Boron Proxies,45600,300,100,1117.07,236.11,217.56,"Anagnostou, E., John, E.H., Babila, T.L. et al. Proxy evidence for state-dependence of climate sensitivity in the Eocene greenhouse. Nat Commun 11, 4436 (2020). ",10.1038/s41467-020-17887-x,true,1,all known sources of error have been quantified and/or sensitivity of the CO2 estimate to those sources is small,,,,true,false,False,false,,-8.91771,39.50365
boron_isotopes_anagnostou_2020_p1.0.xlsx,all known sources of error have been quantified and/or sensitivity of the CO2 estimate to those sources is small,Boron Proxies,53200,400,400,1431.07,334.91,267.99,"Anagnostou, E., John, E.H., Babila, T.L. et al. Proxy evidence for state-dependence of climate sensitivity in the Eocene greenhouse. Nat Commun 11, 4436 (2020). ",10.1038/s41467-020-17887-x,true,1,all known sources of error have been quantified and/or sensitivity of the CO2 estimate to those sources is small,,,,true,false,False,false,,-8.85621,39.46091
boron_isotopes_anagnostou_2020_p1.0.xlsx,all known sources of error have been quantified and/or sensitivity of the CO2 estimate to those sources is small,Boron Proxies,55393.67,261.11,261.11,1336.63,439.11,303.18,"Anagnostou, E., John, E.H., Babila, T.L. et al. Proxy evidence for state-dependence of climate sensitivity in the Eocene greenhouse. Nat Commun 11, 4436 (2020). ",10.1038/s41467-020-17887-x,true,1,all known sources of error have been quantified and/or sensitivity of the CO2 estimate to those sources is small,,,,true,false,False,false,added age uncertainties based on power fit on LR04 uncertainties,47.4275,-8.8103
boron_isotopes_anagnostou_2020_p1.0.xlsx,all known sources of error have been quantified and/or sensitivity of the CO2 estimate to those sources is small,Boron Proxies,55422.56,261.24,261.24,1341.34,387.54,274.22,"Anagnostou, E., John, E.H., Babila, T.L. et al. Proxy evidence for state-dependence of climate sensitivity in the Eocene greenhouse. Nat Commun 11, 4436 (2020). ",10.1038/s41467-020-17887-x,true,1,all known sources of error have been quantified and/or sensitivity of the CO2 estimate to those sources is small,,,,true,false,False,false,added age uncertainties based on power fit on LR04 uncertainties,47.4275,-8.8103
boron_isotopes_anagnostou_2020_p1.0.xlsx,all known sources of error have been quantified and/or sensitivity of the CO2 estimate to those sources is small,Boron Proxies,55439.23,261.32,261.32,1474.93,430.65,338.25,"Anagnostou, E., John, E.H., Babila, T.L. et al. Proxy evidence for state-dependence of climate sensitivity in the Eocene greenhouse. Nat Commun 11, 4436 (2020). ",10.1038/s41467-020-17887-x,true,1,all known sources of error have been quantified and/or sensitivity of the CO2 estimate to those sources is small,,,,true,false,False,false,added age uncertainties based on power fit on LR04 uncertainties,47.4275,-8.8103
boron_isotopes_anagnostou_2020_p1.0.xlsx,all known sources of error have been quantified and/or sensitivity of the CO2 estimate to those sources is small,Boron Proxies,55490.34,261.54,261.54,1156.24,363.27,245.71,"Anagnostou, E., John, E.H., Babila, T.L. et al. Proxy evidence for state-dependence of climate sensitivity in the Eocene greenhouse. Nat Commun 11, 4436 (2020). ",10.1038/s41467-020-17887-x,true,1,all known sources of error have been quantified and/or sensitivity of the CO2 estimate to those sources is small,,,,true,false,False,false,added age uncertainties based on power fit on LR04 uncertainties,47.4275,-8.8103
boron_isotopes_anagnostou_2020_p1.0.xlsx,all known sources of error have been quantified and/or sensitivity of the CO2 estimate to those sources is small,Boron Proxies,55512.01,261.64,261.64,1692.1,498.96,360.23,"Anagnostou, E., John, E.H., Babila, T.L. et al. Proxy evidence for state-dependence of climate sensitivity in the Eocene greenhouse. Nat Commun 11, 4436 (2020). ",10.1038/s41467-020-17887-x,true,1,all known sources of error have been quantified and/or sensitivity of the CO2 estimate to those sources is small,,,,true,false,False,false,added age uncertainties based on power fit on LR04 uncertainties,47.4275,-8.8103
boron_isotopes_anagnostou_2020_p1.0.xlsx,all known sources of error have been quantified and/or sensitivity of the CO2 estimate to those sources is small,Boron Proxies,55522.56,261.69,261.69,1436.48,555.89,389.31,"Anagnostou, E., John, E.H., Babila, T.L. et al. Proxy evidence for state-dependence of climate sensitivity in the Eocene greenhouse. Nat Commun 11, 4436 (2020). ",10.1038/s41467-020-17887-x,true,1,all known sources of error have been quantified and/or sensitivity of the CO2 estimate to those sources is small,,,,true,false,False,false,added age uncertainties based on power fit on LR04 uncertainties,47.4275,-8.8103
boron_isotopes_anagnostou_2020_p1.0.xlsx,all known sources of error have been quantified and/or sensitivity of the CO2 estimate to those sources is small,Boron Proxies,55542.56,261.78,261.78,952.38,231.49,176.42,"Anagnostou, E., John, E.H., Babila, T.L. et al. Proxy evidence for state-dependence of climate sensitivity in the Eocene greenhouse. Nat Commun 11, 4436 (2020). ",10.1038/s41467-020-17887-x,true,1,all known sources of error have been quantified and/or sensitivity of the CO2 estimate to those sources is small,,,,true,false,False,false,added age uncertainties based on power fit on LR04 uncertainties,47.4275,-8.8103
boron_isotopes_anagnostou_2020_p1.0.xlsx,all known sources of error have been quantified and/or sensitivity of the CO2 estimate to those sources is small,Boron Proxies,55564.78,261.88,261.88,997.19,247.67,199.39,"Anagnostou, E., John, E.H., Babila, T.L. et al. Proxy evidence for state-dependence of climate sensitivity in the Eocene greenhouse. Nat Commun 11, 4436 (2020). ",10.1038/s41467-020-17887-x,true,1,all known sources of error have been quantified and/or sensitivity of the CO2 estimate to those sources is small,,,,true,false,False,false,added age uncertainties based on power fit on LR04 uncertainties,47.4275,-8.8103
boron_isotopes_anagnostou_2020_p1.0.xlsx,all known sources of error have been quantified and/or sensitivity of the CO2 estimate to those sources is small,Boron Proxies,55590.34,261.99,261.99,867.32,219.05,176.27,"Anagnostou, E., John, E.H., Babila, T.L. et al. Proxy evidence for state-dependence of climate sensitivity in the Eocene greenhouse. Nat Commun 11, 4436 (2020). ",10.1038/s41467-020-17887-x,true,1,all known sources of error have been quantified and/or sensitivity of the CO2 estimate to those sources is small,,,,true,false,False,false,added age uncertainties based on power fit on LR04 uncertainties,47.4275,-8.8103
boron_isotopes_anagnostou_2020_p1.0.xlsx,all known sources of error have been quantified and/or sensitivity of the CO2 estimate to those sources is small,Boron Proxies,55611.45,262.09,262.09,1004.11,242.2,194.6,"Anagnostou, E., John, E.H., Babila, T.L. et al. Proxy evidence for state-dependence of climate sensitivity in the Eocene greenhouse. Nat Commun 11, 4436 (2020). ",10.1038/s41467-020-17887-x,true,1,all known sources of error have been quantified and/or sensitivity of the CO2 estimate to those sources is small,,,,true,false,False,false,added age uncertainties based on power fit on LR04 uncertainties,47.4275,-8.8103
boron_isotopes_anagnostou_2020_p1.0.xlsx,all known sources of error have been quantified and/or sensitivity of the CO2 estimate to those sources is small,Boron Proxies,55635.9,262.19,262.19,1137.57,328.76,237.05,"Anagnostou, E., John, E.H., Babila, T.L. et al. Proxy evidence for state-dependence of climate sensitivity in the Eocene greenhouse. Nat Commun 11, 4436 (2020). ",10.1038/s41467-020-17887-x,true,1,all known sources of error have been quantified and/or sensitivity of the CO2 estimate to those sources is small,,,,true,false,False,false,added age uncertainties based on power fit on LR04 uncertainties,47.4275,-8.8103
boron_isotopes_anagnostou_2020_p1.0.xlsx,all known sources of error have been quantified and/or sensitivity of the CO2 estimate to those sources is small,Boron Proxies,55657.01,262.29,262.29,1046.44,279.36,214.25,"Anagnostou, E., John, E.H., Babila, T.L. et al. Proxy evidence for state-dependence of climate sensitivity in the Eocene greenhouse. Nat Commun 11, 4436 (2020). ",10.1038/s41467-020-17887-x,true,1,all known sources of error have been quantified and/or sensitivity of the CO2 estimate to those sources is small,,,,true,false,False,false,added age uncertainties based on power fit on LR04 uncertainties,47.4275,-8.8103
boron_isotopes_anagnostou_2020_p1.0.xlsx,all known sources of error have been quantified and/or sensitivity of the CO2 estimate to those sources is small,Boron Proxies,55678.12,262.38,262.38,1388.35,375.98,293.79,"Anagnostou, E., John, E.H., Babila, T.L. et al. Proxy evidence for state-dependence of climate sensitivity in the Eocene greenhouse. Nat Commun 11, 4436 (2020). ",10.1038/s41467-020-17887-x,true,1,all known sources of error have been quantified and/or sensitivity of the CO2 estimate to those sources is small,,,,true,false,False,false,added age uncertainties based on power fit on LR04 uncertainties,47.4275,-8.8103
boron_isotopes_anagnostou_2020_p1.0.xlsx,all known sources of error have been quantified and/or sensitivity of the CO2 estimate to those sources is small,Boron Proxies,55699.29,262.48,262.48,982.37,249.95,222.54,"Anagnostou, E., John, E.H., Babila, T.L. et al. Proxy evidence for state-dependence of climate sensitivity in the Eocene greenhouse. Nat Commun 11, 4436 (2020). ",10.1038/s41467-020-17887-x,true,1,all known sources of error have been quantified and/or sensitivity of the CO2 estimate to those sources is small,,,,true,false,False,false,added age uncertainties based on power fit on LR04 uncertainties,47.4275,-8.8103
boron_isotopes_anagnostou_2020_p1.0.xlsx,all known sources of error have been quantified and/or sensitivity of the CO2 estimate to those sources is small,Boron Proxies,55720.46,262.57,262.57,1478,678.43,450.67,"Anagnostou, E., John, E.H., Babila, T.L. et al. Proxy evidence for state-dependence of climate sensitivity in the Eocene greenhouse. Nat Commun 11, 4436 (2020). ",10.1038/s41467-020-17887-x,true,1,all known sources of error have been quantified and/or sensitivity of the CO2 estimate to those sources is small,,,,true,false,False,false,added age uncertainties based on power fit on LR04 uncertainties,47.4275,-8.8103
boron_isotopes_anagnostou_2020_p1.0.xlsx,all known sources of error have been quantified and/or sensitivity of the CO2 estimate to those sources is small,Boron Proxies,55734.95,262.64,262.64,1409.65,352.93,280.59,"Anagnostou, E., John, E.H., Babila, T.L. et al. Proxy evidence for state-dependence of climate sensitivity in the Eocene greenhouse. Nat Commun 11, 4436 (2020). ",10.1038/s41467-020-17887-x,true,1,all known sources of error have been quantified and/or sensitivity of the CO2 estimate to those sources is small,,,,true,false,False,false,added age uncertainties based on power fit on LR04 uncertainties,47.4275,-8.8103
boron_isotopes_anagnostou_2020_p1.0.xlsx,all known sources of error have been quantified and/or sensitivity of the CO2 estimate to those sources is small,Boron Proxies,55740.52,262.66,262.66,1996.73,748.69,539.39,"Anagnostou, E., John, E.H., Babila, T.L. et al. Proxy evidence for state-dependence of climate sensitivity in the Eocene greenhouse. Nat Commun 11, 4436 (2020). ",10.1038/s41467-020-17887-x,true,1,all known sources of error have been quantified and/or sensitivity of the CO2 estimate to those sources is small,,,,true,false,False,false,added age uncertainties based on power fit on LR04 uncertainties,47.4275,-8.8103
boron_isotopes_anagnostou_2020_p1.0.xlsx,all known sources of error have been quantified and/or sensitivity of the CO2 estimate to those sources is small,Boron Proxies,55747.54,262.69,262.69,973.65,251.68,216.12,"Anagnostou, E., John, E.H., Babila, T.L. et al. Proxy evidence for state-dependence of climate sensitivity in the Eocene greenhouse. Nat Commun 11, 4436 (2020). ",10.1038/s41467-020-17887-x,true,1,all known sources of error have been quantified and/or sensitivity of the CO2 estimate to those sources is small,,,,true,false,False,false,added age uncertainties based on power fit on LR04 uncertainties,47.4275,-8.8103
boron_isotopes_anagnostou_2020_p1.0.xlsx,all known sources of error have been quantified and/or sensitivity of the CO2 estimate to those sources is small,Boron Proxies,55760.34,262.75,262.75,1257.64,950.97,460.75,"Anagnostou, E., John, E.H., Babila, T.L. et al. Proxy evidence for state-dependence of climate sensitivity in the Eocene greenhouse. Nat Commun 11, 4436 (2020). ",10.1038/s41467-020-17887-x,true,1,all known sources of error have been quantified and/or sensitivity of the CO2 estimate to those sources is small,,,,true,false,False,false,added age uncertainties based on power fit on LR04 uncertainties,47.4275,-8.8103
boron_isotopes_anagnostou_2020_p1.0.xlsx,all known sources of error have been quantified and/or sensitivity of the CO2 estimate to those sources is small,Boron Proxies,55776.86,262.82,262.82,1151.97,423.01,297.14,"Anagnostou, E., John, E.H., Babila, T.L. et al. Proxy evidence for state-dependence of climate sensitivity in the Eocene greenhouse. Nat Commun 11, 4436 (2020). ",10.1038/s41467-020-17887-x,true,1,all known sources of error have been quantified and/or sensitivity of the CO2 estimate to those sources is small,,,,true,false,False,false,added age uncertainties based on power fit on LR04 uncertainties,47.4275,-8.8103
boron_isotopes_anagnostou_2020_p1.0.xlsx,all known sources of error have been quantified and/or sensitivity of the CO2 estimate to those sources is small,Boron Proxies,55791.24,262.89,262.89,1231.94,297.38,265.72,"Anagnostou, E., John, E.H., Babila, T.L. et al. Proxy evidence for state-dependence of climate sensitivity in the Eocene greenhouse. Nat Commun 11, 4436 (2020). ",10.1038/s41467-020-17887-x,true,1,all known sources of error have been quantified and/or sensitivity of the CO2 estimate to those sources is small,,,,true,false,False,false,added age uncertainties based on power fit on LR04 uncertainties,47.4275,-8.8103
boron_isotopes_anagnostou_2020_p1.0.xlsx,all known sources of error have been quantified and/or sensitivity of the CO2 estimate to those sources is small,Boron Proxies,55808.02,262.96,262.96,1191.61,345.67,287.38,"Anagnostou, E., John, E.H., Babila, T.L. et al. Proxy evidence for state-dependence of climate sensitivity in the Eocene greenhouse. Nat Commun 11, 4436 (2020). ",10.1038/s41467-020-17887-x,true,1,all known sources of error have been quantified and/or sensitivity of the CO2 estimate to those sources is small,,,,true,false,False,false,added age uncertainties based on power fit on LR04 uncertainties,47.4275,-8.8103
boron_isotopes_anagnostou_2020_p1.0.xlsx,all known sources of error have been quantified and/or sensitivity of the CO2 estimate to those sources is small,Boron Proxies,55822.25,263.03,263.03,1201.47,345.45,265.51,"Anagnostou, E., John, E.H., Babila, T.L. et al. Proxy evidence for state-dependence of climate sensitivity in the Eocene greenhouse. Nat Commun 11, 4436 (2020). ",10.1038/s41467-020-17887-x,true,1,all known sources of error have been quantified and/or sensitivity of the CO2 estimate to those sources is small,,,,true,false,False,false,added age uncertainties based on power fit on LR04 uncertainties,47.4275,-8.8103
boron_isotopes_anagnostou_2020_p1.0.xlsx,all known sources of error have been quantified and/or sensitivity of the CO2 estimate to those sources is small,Boron Proxies,55830.17,263.06,263.06,1140.32,248.2,207.27,"Anagnostou, E., John, E.H., Babila, T.L. et al. Proxy evidence for state-dependence of climate sensitivity in the Eocene greenhouse. Nat Commun 11, 4436 (2020). ",10.1038/s41467-020-17887-x,true,1,all known sources of error have been quantified and/or sensitivity of the CO2 estimate to those sources is small,,,,true,false,False,false,added age uncertainties based on power fit on LR04 uncertainties,47.4275,-8.8103
boron_isotopes_anagnostou_2020_p1.0.xlsx,all known sources of error have been quantified and/or sensitivity of the CO2 estimate to those sources is small,Boron Proxies,55836.77,263.09,263.09,1874.57,827.86,555.59,"Anagnostou, E., John, E.H., Babila, T.L. et al. Proxy evidence for state-dependence of climate sensitivity in the Eocene greenhouse. Nat Commun 11, 4436 (2020). ",10.1038/s41467-020-17887-x,true,1,all known sources of error have been quantified and/or sensitivity of the CO2 estimate to those sources is small,,,,true,false,False,false,added age uncertainties based on power fit on LR04 uncertainties,47.4275,-8.8103
boron_isotopes_anagnostou_2020_p1.0.xlsx,all known sources of error have been quantified and/or sensitivity of the CO2 estimate to those sources is small,Boron Proxies,55843.36,263.12,263.12,989.76,219.93,196.75,"Anagnostou, E., John, E.H., Babila, T.L. et al. Proxy evidence for state-dependence of climate sensitivity in the Eocene greenhouse. Nat Commun 11, 4436 (2020). ",10.1038/s41467-020-17887-x,true,1,all known sources of error have been quantified and/or sensitivity of the CO2 estimate to those sources is small,,,,true,false,False,false,added age uncertainties based on power fit on LR04 uncertainties,47.4275,-8.8103
boron_isotopes_anagnostou_2020_p1.0.xlsx,all known sources of error have been quantified and/or sensitivity of the CO2 estimate to those sources is small,Boron Proxies,55851.28,263.16,263.16,1964.02,1325.27,723.96,"Anagnostou, E., John, E.H., Babila, T.L. et al. Proxy evidence for state-dependence of climate sensitivity in the Eocene greenhouse. Nat Commun 11, 4436 (2020). ",10.1038/s41467-020-17887-x,true,1,all known sources of error have been quantified and/or sensitivity of the CO2 estimate to those sources is small,,,,true,false,False,false,added age uncertainties based on power fit on LR04 uncertainties,47.4275,-8.8103
boron_isotopes_anagnostou_2020_p1.0.xlsx,all known sources of error have been quantified and/or sensitivity of the CO2 estimate to those sources is small,Boron Proxies,55881.16,263.29,263.29,2901.36,1612.32,948.22,"Anagnostou, E., John, E.H., Babila, T.L. et al. Proxy evidence for state-dependence of climate sensitivity in the Eocene greenhouse. Nat Commun 11, 4436 (2020). ",10.1038/s41467-020-17887-x,true,1,all known sources of error have been quantified and/or sensitivity of the CO2 estimate to those sources is small,,,,true,false,False,false,added age uncertainties based on power fit on LR04 uncertainties,47.4275,-8.8103
boron_isotopes_anagnostou_2020_p1.0.xlsx,all known sources of error have been quantified and/or sensitivity of the CO2 estimate to those sources is small,Boron Proxies,55891.58,263.34,263.34,1531.93,493.26,344.87,"Anagnostou, E., John, E.H., Babila, T.L. et al. Proxy evidence for state-dependence of climate sensitivity in the Eocene greenhouse. Nat Commun 11, 4436 (2020). ",10.1038/s41467-020-17887-x,true,1,all known sources of error have been quantified and/or sensitivity of the CO2 estimate to those sources is small,,,,true,false,False,false,added age uncertainties based on power fit on LR04 uncertainties,47.4275,-8.8103
boron_isotopes_anagnostou_2020_p1.0.xlsx,all known sources of error have been quantified and/or sensitivity of the CO2 estimate to those sources is small,Boron Proxies,55901.64,263.38,263.38,1968.01,644.02,519.8,"Anagnostou, E., John, E.H., Babila, T.L. et al. Proxy evidence for state-dependence of climate sensitivity in the Eocene greenhouse. Nat Commun 11, 4436 (2020). ",10.1038/s41467-020-17887-x,true,1,all known sources of error have been quantified and/or sensitivity of the CO2 estimate to those sources is small,,,,true,false,False,false,added age uncertainties based on power fit on LR04 uncertainties,47.4275,-8.8103
boron_isotopes_anagnostou_2020_p1.0.xlsx,all known sources of error have been quantified and/or sensitivity of the CO2 estimate to those sources is small,Boron Proxies,55906.73,263.4,263.4,817.94,240.98,182.32,"Anagnostou, E., John, E.H., Babila, T.L. et al. Proxy evidence for state-dependence of climate sensitivity in the Eocene greenhouse. Nat Commun 11, 4436 (2020). ",10.1038/s41467-020-17887-x,true,1,all known sources of error have been quantified and/or sensitivity of the CO2 estimate to those sources is small,,,,true,false,False,false,added age uncertainties based on power fit on LR04 uncertainties,47.4275,-8.8103
boron_isotopes_anagnostou_2020_p1.0.xlsx,all known sources of error have been quantified and/or sensitivity of the CO2 estimate to those sources is small,Boron Proxies,55919.78,263.46,263.46,797.7,451.46,246.89,"Anagnostou, E., John, E.H., Babila, T.L. et al. Proxy evidence for state-dependence of climate sensitivity in the Eocene greenhouse. Nat Commun 11, 4436 (2020). ",10.1038/s41467-020-17887-x,true,1,all known sources of error have been quantified and/or sensitivity of the CO2 estimate to those sources is small,,,,true,false,False,false,added age uncertainties based on power fit on LR04 uncertainties,47.4275,-8.8103
boron_isotopes_anagnostou_2020_p1.0.xlsx,all known sources of error have been quantified and/or sensitivity of the CO2 estimate to those sources is small,Boron Proxies,55939.04,263.55,263.55,1171.59,366.06,272.31,"Anagnostou, E., John, E.H., Babila, T.L. et al. Proxy evidence for state-dependence of climate sensitivity in the Eocene greenhouse. Nat Commun 11, 4436 (2020). ",10.1038/s41467-020-17887-x,true,1,all known sources of error have been quantified and/or sensitivity of the CO2 estimate to those sources is small,,,,true,false,False,false,added age uncertainties based on power fit on LR04 uncertainties,47.4275,-8.8103
boron_isotopes_anagnostou_2020_p1.0.xlsx,all known sources of error have been quantified and/or sensitivity of the CO2 estimate to those sources is small,Boron Proxies,55960.84,263.65,263.65,897.57,251.56,195.65,"Anagnostou, E., John, E.H., Babila, T.L. et al. Proxy evidence for state-dependence of climate sensitivity in the Eocene greenhouse. Nat Commun 11, 4436 (2020). ",10.1038/s41467-020-17887-x,true,1,all known sources of error have been quantified and/or sensitivity of the CO2 estimate to those sources is small,,,,true,false,False,false,added age uncertainties based on power fit on LR04 uncertainties,47.4275,-8.8103
boron_isotopes_anagnostou_2020_p1.0.xlsx,all known sources of error have been quantified and/or sensitivity of the CO2 estimate to those sources is small,Boron Proxies,55977.88,263.72,263.72,818.15,240.19,172.59,"Anagnostou, E., John, E.H., Babila, T.L. et al. Proxy evidence for state-dependence of climate sensitivity in the Eocene greenhouse. Nat Commun 11, 4436 (2020). ",10.1038/s41467-020-17887-x,true,1,all known sources of error have been quantified and/or sensitivity of the CO2 estimate to those sources is small,,,,true,false,False,false,added age uncertainties based on power fit on LR04 uncertainties,47.4275,-8.8103
boron_isotopes_anagnostou_2020_p1.0.xlsx,all known sources of error have been quantified and/or sensitivity of the CO2 estimate to those sources is small,Boron Proxies,56024.17,263.93,263.93,961.13,294.13,237.67,"Anagnostou, E., John, E.H., Babila, T.L. et al. Proxy evidence for state-dependence of climate sensitivity in the Eocene greenhouse. Nat Commun 11, 4436 (2020). ",10.1038/s41467-020-17887-x,true,1,all known sources of error have been quantified and/or sensitivity of the CO2 estimate to those sources is small,,,,true,false,False,false,added age uncertainties based on power fit on LR04 uncertainties,47.4275,-8.8103
boron_isotopes_anagnostou_2020_p1.0.xlsx,all known sources of error have been quantified and/or sensitivity of the CO2 estimate to those sources is small,Boron Proxies,56040.42,264,264,1287.63,360.94,298.7,"Anagnostou, E., John, E.H., Babila, T.L. et al. Proxy evidence for state-dependence of climate sensitivity in the Eocene greenhouse. Nat Commun 11, 4436 (2020). ",10.1038/s41467-020-17887-x,true,1,all known sources of error have been quantified and/or sensitivity of the CO2 estimate to those sources is small,,,,true,false,False,false,added age uncertainties based on power fit on LR04 uncertainties,47.4275,-8.8103
boron_isotopes_anagnostou_2020_p1.0.xlsx,all known sources of error have been quantified and/or sensitivity of the CO2 estimate to those sources is small,Boron Proxies,56051.79,264.05,264.05,804.65,210.48,170.94,"Anagnostou, E., John, E.H., Babila, T.L. et al. Proxy evidence for state-dependence of climate sensitivity in the Eocene greenhouse. Nat Commun 11, 4436 (2020). ",10.1038/s41467-020-17887-x,true,1,all known sources of error have been quantified and/or sensitivity of the CO2 estimate to those sources is small,,,,true,false,False,false,added age uncertainties based on power fit on LR04 uncertainties,47.4275,-8.8103
boron_isotopes_anagnostou_2020_p1.0.xlsx,all known sources of error have been quantified and/or sensitivity of the CO2 estimate to those sources is small,Boron Proxies,56102.15,264.28,264.28,1089.65,329.18,262.59,"Anagnostou, E., John, E.H., Babila, T.L. et al. Proxy evidence for state-dependence of climate sensitivity in the Eocene greenhouse. Nat Commun 11, 4436 (2020). ",10.1038/s41467-020-17887-x,true,1,all known sources of error have been quantified and/or sensitivity of the CO2 estimate to those sources is small,,,,true,false,False,false,added age uncertainties based on power fit on LR04 uncertainties,47.4275,-8.8103
boron_isotopes_anagnostou_2020_p1.0.xlsx,all known sources of error have been quantified and/or sensitivity of the CO2 estimate to those sources is small,Boron Proxies,56134.64,264.42,264.42,817.22,270.37,170.94,"Anagnostou, E., John, E.H., Babila, T.L. et al. Proxy evidence for state-dependence of climate sensitivity in the Eocene greenhouse. Nat Commun 11, 4436 (2020). ",10.1038/s41467-020-17887-x,true,1,all known sources of error have been quantified and/or sensitivity of the CO2 estimate to those sources is small,,,,true,false,False,false,added age uncertainties based on power fit on LR04 uncertainties,47.4275,-8.8103
boron_isotopes_anagnostou_2020_p1.0.xlsx,all known sources of error have been quantified and/or sensitivity of the CO2 estimate to those sources is small,Boron Proxies,56336.88,265.33,265.33,545.95,231.99,138.71,"Anagnostou, E., John, E.H., Babila, T.L. et al. Proxy evidence for state-dependence of climate sensitivity in the Eocene greenhouse. Nat Commun 11, 4436 (2020). ",10.1038/s41467-020-17887-x,true,1,all known sources of error have been quantified and/or sensitivity of the CO2 estimate to those sources is small,,,,true,false,False,false,added age uncertainties based on power fit on LR04 uncertainties,47.4275,-8.8103
boron_isotopes_anagnostou_2020_p1.0.xlsx,all known sources of error have been quantified and/or sensitivity of the CO2 estimate to those sources is small,Boron Proxies,53963.01,254.71,254.71,809.84,197.41,150.74,"Anagnostou, E., John, E.H., Babila, T.L. et al. Proxy evidence for state-dependence of climate sensitivity in the Eocene greenhouse. Nat Commun 11, 4436 (2020). ",10.1038/s41467-020-17887-x,true,1,all known sources of error have been quantified and/or sensitivity of the CO2 estimate to those sources is small,,,,true,false,False,false,added age uncertainties based on power fit on LR04 uncertainties,32.2235,158.25933
boron_isotopes_anagnostou_2020_p1.0.xlsx,all known sources of error have been quantified and/or sensitivity of the CO2 estimate to those sources is small,Boron Proxies,53969.26,254.74,254.74,577.16,124.37,93.42,"Anagnostou, E., John, E.H., Babila, T.L. et al. Proxy evidence for state-dependence of climate sensitivity in the Eocene greenhouse. Nat Commun 11, 4436 (2020). ",10.1038/s41467-020-17887-x,true,1,all known sources of error have been quantified and/or sensitivity of the CO2 estimate to those sources is small,,,,true,false,False,false,added age uncertainties based on power fit on LR04 uncertainties,32.2235,158.25933
boron_isotopes_anagnostou_2020_p1.0.xlsx,all known sources of error have been quantified and/or sensitivity of the CO2 estimate to those sources is small,Boron Proxies,54007.84,254.91,254.91,871.74,213.78,176.35,"Anagnostou, E., John, E.H., Babila, T.L. et al. Proxy evidence for state-dependence of climate sensitivity in the Eocene greenhouse. Nat Commun 11, 4436 (2020). ",10.1038/s41467-020-17887-x,true,1,all known sources of error have been quantified and/or sensitivity of the CO2 estimate to those sources is small,,,,true,false,False,false,added age uncertainties based on power fit on LR04 uncertainties,32.2235,158.25933
boron_isotopes_anagnostou_2020_p1.0.xlsx,all known sources of error have been quantified and/or sensitivity of the CO2 estimate to those sources is small,Boron Proxies,54038.09,255.05,255.05,1213.85,324.44,232.33,"Anagnostou, E., John, E.H., Babila, T.L. et al. Proxy evidence for state-dependence of climate sensitivity in the Eocene greenhouse. Nat Commun 11, 4436 (2020). ",10.1038/s41467-020-17887-x,true,1,all known sources of error have been quantified and/or sensitivity of the CO2 estimate to those sources is small,,,,true,false,False,false,added age uncertainties based on power fit on LR04 uncertainties,32.2235,158.25933
boron_isotopes_anagnostou_2020_p1.0.xlsx,all known sources of error have been quantified and/or sensitivity of the CO2 estimate to those sources is small,Boron Proxies,54044.12,255.08,255.08,980.17,173.66,160.08,"Anagnostou, E., John, E.H., Babila, T.L. et al. Proxy evidence for state-dependence of climate sensitivity in the Eocene greenhouse. Nat Commun 11, 4436 (2020). ",10.1038/s41467-020-17887-x,true,1,all known sources of error have been quantified and/or sensitivity of the CO2 estimate to those sources is small,,,,true,false,False,false,added age uncertainties based on power fit on LR04 uncertainties,32.2235,158.25933
boron_isotopes_anagnostou_2020_p1.0.xlsx,all known sources of error have been quantified and/or sensitivity of the CO2 estimate to those sources is small,Boron Proxies,54047.74,255.09,255.09,743.95,136.98,122.62,"Anagnostou, E., John, E.H., Babila, T.L. et al. Proxy evidence for state-dependence of climate sensitivity in the Eocene greenhouse. Nat Commun 11, 4436 (2020). ",10.1038/s41467-020-17887-x,true,1,all known sources of error have been quantified and/or sensitivity of the CO2 estimate to those sources is small,,,,true,false,False,false,added age uncertainties based on power fit on LR04 uncertainties,32.2235,158.25933
boron_isotopes_anagnostou_2020_p1.0.xlsx,all known sources of error have been quantified and/or sensitivity of the CO2 estimate to those sources is small,Boron Proxies,54049.97,255.1,255.1,646.56,129.57,100.31,"Anagnostou, E., John, E.H., Babila, T.L. et al. Proxy evidence for state-dependence of climate sensitivity in the Eocene greenhouse. Nat Commun 11, 4436 (2020). ",10.1038/s41467-020-17887-x,true,1,all known sources of error have been quantified and/or sensitivity of the CO2 estimate to those sources is small,,,,true,false,False,false,added age uncertainties based on power fit on LR04 uncertainties,32.2235,158.25933
boron_isotopes_anagnostou_2020_p1.0.xlsx,all known sources of error have been quantified and/or sensitivity of the CO2 estimate to those sources is small,Boron Proxies,54050.75,255.11,255.11,746.85,178.96,142.83,"Anagnostou, E., John, E.H., Babila, T.L. et al. Proxy evidence for state-dependence of climate sensitivity in the Eocene greenhouse. Nat Commun 11, 4436 (2020). ",10.1038/s41467-020-17887-x,true,1,all known sources of error have been quantified and/or sensitivity of the CO2 estimate to those sources is small,,,,true,false,False,false,added age uncertainties based on power fit on LR04 uncertainties,32.2235,158.25933
boron_isotopes_anagnostou_2020_p1.0.xlsx,all known sources of error have been quantified and/or sensitivity of the CO2 estimate to those sources is small,Boron Proxies,54051.53,255.11,255.11,815.48,193.95,153.19,"Anagnostou, E., John, E.H., Babila, T.L. et al. Proxy evidence for state-dependence of climate sensitivity in the Eocene greenhouse. Nat Commun 11, 4436 (2020). ",10.1038/s41467-020-17887-x,true,1,all known sources of error have been quantified and/or sensitivity of the CO2 estimate to those sources is small,,,,true,false,False,false,added age uncertainties based on power fit on LR04 uncertainties,32.2235,158.25933
boron_isotopes_anagnostou_2020_p1.0.xlsx,all known sources of error have been quantified and/or sensitivity of the CO2 estimate to those sources is small,Boron Proxies,54052.57,255.11,255.11,645.17,127.47,102.36,"Anagnostou, E., John, E.H., Babila, T.L. et al. Proxy evidence for state-dependence of climate sensitivity in the Eocene greenhouse. Nat Commun 11, 4436 (2020). ",10.1038/s41467-020-17887-x,true,1,all known sources of error have been quantified and/or sensitivity of the CO2 estimate to those sources is small,,,,true,false,False,false,added age uncertainties based on power fit on LR04 uncertainties,32.2235,158.25933
boron_isotopes_anagnostou_2020_p1.0.xlsx,all known sources of error have been quantified and/or sensitivity of the CO2 estimate to those sources is small,Boron Proxies,54054.13,255.12,255.12,564.28,118.09,97.88,"Anagnostou, E., John, E.H., Babila, T.L. et al. Proxy evidence for state-dependence of climate sensitivity in the Eocene greenhouse. Nat Commun 11, 4436 (2020). ",10.1038/s41467-020-17887-x,true,1,all known sources of error have been quantified and/or sensitivity of the CO2 estimate to those sources is small,,,,true,false,False,false,added age uncertainties based on power fit on LR04 uncertainties,32.2235,158.25933
boron_isotopes_anagnostou_2020_p1.0.xlsx,all known sources of error have been quantified and/or sensitivity of the CO2 estimate to those sources is small,Boron Proxies,54060.41,255.15,255.15,495.41,123.2,93.44,"Anagnostou, E., John, E.H., Babila, T.L. et al. Proxy evidence for state-dependence of climate sensitivity in the Eocene greenhouse. Nat Commun 11, 4436 (2020). ",10.1038/s41467-020-17887-x,true,1,all known sources of error have been quantified and/or sensitivity of the CO2 estimate to those sources is small,,,,true,false,False,false,added age uncertainties based on power fit on LR04 uncertainties,32.2235,158.25933
boron_isotopes_anagnostou_2020_p1.0.xlsx,all known sources of error have been quantified and/or sensitivity of the CO2 estimate to those sources is small,Boron Proxies,54080.3,255.24,255.24,570.33,114.99,98.23,"Anagnostou, E., John, E.H., Babila, T.L. et al. Proxy evidence for state-dependence of climate sensitivity in the Eocene greenhouse. Nat Commun 11, 4436 (2020). ",10.1038/s41467-020-17887-x,true,1,all known sources of error have been quantified and/or sensitivity of the CO2 estimate to those sources is small,,,,true,false,False,false,added age uncertainties based on power fit on LR04 uncertainties,32.2235,158.25933
boron_isotopes_anagnostou_2020_p1.0.xlsx,all known sources of error have been quantified and/or sensitivity of the CO2 estimate to those sources is small,Boron Proxies,53942.17,254.62,254.62,695.34,177.89,159.21,"Anagnostou, E., John, E.H., Babila, T.L. et al. Proxy evidence for state-dependence of climate sensitivity in the Eocene greenhouse. Nat Commun 11, 4436 (2020). ",10.1038/s41467-020-17887-x,true,1,all known sources of error have been quantified and/or sensitivity of the CO2 estimate to those sources is small,,,,true,false,False,false,added age uncertainties based on power fit on LR04 uncertainties,-28.835,2.63917
boron_isotopes_anagnostou_2020_p1.0.xlsx,all known sources of error have been quantified and/or sensitivity of the CO2 estimate to those sources is small,Boron Proxies,53952.57,254.67,254.67,1053.52,285.35,230.25,"Anagnostou, E., John, E.H., Babila, T.L. et al. Proxy evidence for state-dependence of climate sensitivity in the Eocene greenhouse. Nat Commun 11, 4436 (2020). ",10.1038/s41467-020-17887-x,true,1,all known sources of error have been quantified and/or sensitivity of the CO2 estimate to those sources is small,,,,true,false,False,false,added age uncertainties based on power fit on LR04 uncertainties,-28.835,2.63917
boron_isotopes_anagnostou_2020_p1.0.xlsx,all known sources of error have been quantified and/or sensitivity of the CO2 estimate to those sources is small,Boron Proxies,53963.35,254.71,254.71,886.88,309.65,234.77,"Anagnostou, E., John, E.H., Babila, T.L. et al. Proxy evidence for state-dependence of climate sensitivity in the Eocene greenhouse. Nat Commun 11, 4436 (2020). ",10.1038/s41467-020-17887-x,true,1,all known sources of error have been quantified and/or sensitivity of the CO2 estimate to those sources is small,,,,true,false,False,false,added age uncertainties based on power fit on LR04 uncertainties,-28.835,2.63917
boron_isotopes_anagnostou_2020_p1.0.xlsx,all known sources of error have been quantified and/or sensitivity of the CO2 estimate to those sources is small,Boron Proxies,53974.13,254.76,254.76,1002.19,550.18,343.59,"Anagnostou, E., John, E.H., Babila, T.L. et al. Proxy evidence for state-dependence of climate sensitivity in the Eocene greenhouse. Nat Commun 11, 4436 (2020). ",10.1038/s41467-020-17887-x,true,1,all known sources of error have been quantified and/or sensitivity of the CO2 estimate to those sources is small,,,,true,false,False,false,added age uncertainties based on power fit on LR04 uncertainties,-28.835,2.63917
boron_isotopes_anagnostou_2020_p1.0.xlsx,all known sources of error have been quantified and/or sensitivity of the CO2 estimate to those sources is small,Boron Proxies,53986.58,254.82,254.82,1089.96,415.61,313.17,"Anagnostou, E., John, E.H., Babila, T.L. et al. Proxy evidence for state-dependence of climate sensitivity in the Eocene greenhouse. Nat Commun 11, 4436 (2020). ",10.1038/s41467-020-17887-x,true,1,all known sources of error have been quantified and/or sensitivity of the CO2 estimate to those sources is small,,,,true,false,False,false,added age uncertainties based on power fit on LR04 uncertainties,-28.835,2.63917
boron_isotopes_anagnostou_2020_p1.0.xlsx,all known sources of error have been quantified and/or sensitivity of the CO2 estimate to those sources is small,Boron Proxies,54017.39,254.96,254.96,1305.17,473.52,345.66,"Anagnostou, E., John, E.H., Babila, T.L. et al. Proxy evidence for state-dependence of climate sensitivity in the Eocene greenhouse. Nat Commun 11, 4436 (2020). ",10.1038/s41467-020-17887-x,true,1,all known sources of error have been quantified and/or sensitivity of the CO2 estimate to those sources is small,,,,true,false,False,false,added age uncertainties based on power fit on LR04 uncertainties,-28.835,2.63917
boron_isotopes_anagnostou_2020_p1.0.xlsx,all known sources of error have been quantified and/or sensitivity of the CO2 estimate to those sources is small,Boron Proxies,54026.85,255,255,1498.24,403.3,345.2,"Anagnostou, E., John, E.H., Babila, T.L. et al. Proxy evidence for state-dependence of climate sensitivity in the Eocene greenhouse. Nat Commun 11, 4436 (2020). ",10.1038/s41467-020-17887-x,true,1,all known sources of error have been quantified and/or sensitivity of the CO2 estimate to those sources is small,,,,true,false,False,false,added age uncertainties based on power fit on LR04 uncertainties,-28.835,2.63917
boron_isotopes_anagnostou_2020_p1.0.xlsx,all known sources of error have been quantified and/or sensitivity of the CO2 estimate to those sources is small,Boron Proxies,54038.98,255.05,255.05,875.38,215.41,210.56,"Anagnostou, E., John, E.H., Babila, T.L. et al. Proxy evidence for state-dependence of climate sensitivity in the Eocene greenhouse. Nat Commun 11, 4436 (2020). ",10.1038/s41467-020-17887-x,true,1,all known sources of error have been quantified and/or sensitivity of the CO2 estimate to those sources is small,,,,true,false,False,false,added age uncertainties based on power fit on LR04 uncertainties,-28.835,2.63917
boron_isotopes_anagnostou_2020_p1.0.xlsx,all known sources of error have been quantified and/or sensitivity of the CO2 estimate to those sources is small,Boron Proxies,54046.89,255.09,255.09,488.18,185.7,141.92,"Anagnostou, E., John, E.H., Babila, T.L. et al. Proxy evidence for state-dependence of climate sensitivity in the Eocene greenhouse. Nat Commun 11, 4436 (2020). ",10.1038/s41467-020-17887-x,true,1,all known sources of error have been quantified and/or sensitivity of the CO2 estimate to those sources is small,,,,true,false,False,false,added age uncertainties based on power fit on LR04 uncertainties,-28.835,2.63917
boron_isotopes_anagnostou_2020_p1.0.xlsx,all known sources of error have been quantified and/or sensitivity of the CO2 estimate to those sources is small,Boron Proxies,54047.18,255.09,255.09,606.57,272.29,181.39,"Anagnostou, E., John, E.H., Babila, T.L. et al. Proxy evidence for state-dependence of climate sensitivity in the Eocene greenhouse. Nat Commun 11, 4436 (2020). ",10.1038/s41467-020-17887-x,true,1,all known sources of error have been quantified and/or sensitivity of the CO2 estimate to those sources is small,,,,true,false,False,false,added age uncertainties based on power fit on LR04 uncertainties,-28.835,2.63917
boron_isotopes_anagnostou_2020_p1.0.xlsx,all known sources of error have been quantified and/or sensitivity of the CO2 estimate to those sources is small,Boron Proxies,54049.01,255.1,255.1,2335.39,1704.72,822.33,"Anagnostou, E., John, E.H., Babila, T.L. et al. Proxy evidence for state-dependence of climate sensitivity in the Eocene greenhouse. Nat Commun 11, 4436 (2020). ",10.1038/s41467-020-17887-x,true,1,all known sources of error have been quantified and/or sensitivity of the CO2 estimate to those sources is small,,,,true,false,False,false,added age uncertainties based on power fit on LR04 uncertainties,-28.835,2.63917
boron_isotopes_anagnostou_2020_p1.0.xlsx,all known sources of error have been quantified and/or sensitivity of the CO2 estimate to those sources is small,Boron Proxies,54049.72,255.1,255.1,1213.46,371.63,288.77,"Anagnostou, E., John, E.H., Babila, T.L. et al. Proxy evidence for state-dependence of climate sensitivity in the Eocene greenhouse. Nat Commun 11, 4436 (2020). ",10.1038/s41467-020-17887-x,true,1,all known sources of error have been quantified and/or sensitivity of the CO2 estimate to those sources is small,,,,true,false,False,false,added age uncertainties based on power fit on LR04 uncertainties,-28.835,2.63917
boron_isotopes_anagnostou_2020_p1.0.xlsx,all known sources of error have been quantified and/or sensitivity of the CO2 estimate to those sources is small,Boron Proxies,54049.72,255.1,255.1,995.53,556.93,366.17,"Anagnostou, E., John, E.H., Babila, T.L. et al. Proxy evidence for state-dependence of climate sensitivity in the Eocene greenhouse. Nat Commun 11, 4436 (2020). ",10.1038/s41467-020-17887-x,true,1,all known sources of error have been quantified and/or sensitivity of the CO2 estimate to those sources is small,,,,true,false,False,false,added age uncertainties based on power fit on LR04 uncertainties,-28.835,2.63917
boron_isotopes_anagnostou_2020_p1.0.xlsx,all known sources of error have been quantified and/or sensitivity of the CO2 estimate to those sources is small,Boron Proxies,54050.15,255.1,255.1,1025.16,791.29,418.2,"Anagnostou, E., John, E.H., Babila, T.L. et al. Proxy evidence for state-dependence of climate sensitivity in the Eocene greenhouse. Nat Commun 11, 4436 (2020). ",10.1038/s41467-020-17887-x,true,1,all known sources of error have been quantified and/or sensitivity of the CO2 estimate to those sources is small,,,,true,false,False,false,added age uncertainties based on power fit on LR04 uncertainties,-28.835,2.63917
boron_isotopes_anagnostou_2020_p1.0.xlsx,all known sources of error have been quantified and/or sensitivity of the CO2 estimate to those sources is small,Boron Proxies,54051.35,255.11,255.11,1389.13,723.07,442.06,"Anagnostou, E., John, E.H., Babila, T.L. et al. Proxy evidence for state-dependence of climate sensitivity in the Eocene greenhouse. Nat Commun 11, 4436 (2020). ",10.1038/s41467-020-17887-x,true,1,all known sources of error have been quantified and/or sensitivity of the CO2 estimate to those sources is small,,,,true,false,False,false,added age uncertainties based on power fit on LR04 uncertainties,-28.835,2.63917
boron_isotopes_anagnostou_2020_p1.0.xlsx,all known sources of error have been quantified and/or sensitivity of the CO2 estimate to those sources is small,Boron Proxies,54054.51,255.12,255.12,578.77,212.77,150.94,"Anagnostou, E., John, E.H., Babila, T.L. et al. Proxy evidence for state-dependence of climate sensitivity in the Eocene greenhouse. Nat Commun 11, 4436 (2020). ",10.1038/s41467-020-17887-x,true,1,all known sources of error have been quantified and/or sensitivity of the CO2 estimate to those sources is small,,,,true,false,False,false,added age uncertainties based on power fit on LR04 uncertainties,-28.835,2.63917
boron_isotopes_anagnostou_2020_p1.0.xlsx,all known sources of error have been quantified and/or sensitivity of the CO2 estimate to those sources is small,Boron Proxies,54064.75,255.17,255.17,482.78,144.43,126.14,"Anagnostou, E., John, E.H., Babila, T.L. et al. Proxy evidence for state-dependence of climate sensitivity in the Eocene greenhouse. Nat Commun 11, 4436 (2020). ",10.1038/s41467-020-17887-x,true,1,all known sources of error have been quantified and/or sensitivity of the CO2 estimate to those sources is small,,,,true,false,False,false,added age uncertainties based on power fit on LR04 uncertainties,-28.835,2.63917
boron_isotopes_anagnostou_2020_p1.0.xlsx,all known sources of error have been quantified and/or sensitivity of the CO2 estimate to those sources is small,Boron Proxies,54074.54,255.21,255.21,547.75,168.08,130.29,"Anagnostou, E., John, E.H., Babila, T.L. et al. Proxy evidence for state-dependence of climate sensitivity in the Eocene greenhouse. Nat Commun 11, 4436 (2020). ",10.1038/s41467-020-17887-x,true,1,all known sources of error have been quantified and/or sensitivity of the CO2 estimate to those sources is small,,,,true,false,False,false,added age uncertainties based on power fit on LR04 uncertainties,-28.835,2.63917
boron_isotopes_anagnostou_2020_p1.0.xlsx,all known sources of error have been quantified and/or sensitivity of the CO2 estimate to those sources is small,Boron Proxies,54088.01,255.27,255.27,527.38,362.21,183.42,"Anagnostou, E., John, E.H., Babila, T.L. et al. Proxy evidence for state-dependence of climate sensitivity in the Eocene greenhouse. Nat Commun 11, 4436 (2020). ",10.1038/s41467-020-17887-x,true,1,all known sources of error have been quantified and/or sensitivity of the CO2 estimate to those sources is small,,,,true,false,False,false,added age uncertainties based on power fit on LR04 uncertainties,-28.835,2.63917
boron_isotopes_anagnostou_2020_p1.0.xlsx,all known sources of error have been quantified and/or sensitivity of the CO2 estimate to those sources is small,Boron Proxies,56066,264.12,264.12,946.36,191.14,166.88,"Anagnostou, E., John, E.H., Babila, T.L. et al. Proxy evidence for state-dependence of climate sensitivity in the Eocene greenhouse. Nat Commun 11, 4436 (2020). ",10.1038/s41467-020-17887-x,true,1,all known sources of error have been quantified and/or sensitivity of the CO2 estimate to those sources is small,,,,true,false,False,false,added age uncertainties based on power fit on LR04 uncertainties,32.65183,158.506
boron_isotopes_anagnostou_2020_p1.0.xlsx,all known sources of error have been quantified and/or sensitivity of the CO2 estimate to those sources is small,Boron Proxies,55929,263.5,263.5,684.83,171.54,126.9,"Anagnostou, E., John, E.H., Babila, T.L. et al. Proxy evidence for state-dependence of climate sensitivity in the Eocene greenhouse. Nat Commun 11, 4436 (2020). ",10.1038/s41467-020-17887-x,true,1,all known sources of error have been quantified and/or sensitivity of the CO2 estimate to those sources is small,,,,true,false,False,false,added age uncertainties based on power fit on LR04 uncertainties,32.65183,158.506
boron_isotopes_anagnostou_2020_p1.0.xlsx,all known sources of error have been quantified and/or sensitivity of the CO2 estimate to those sources is small,Boron Proxies,55919,263.46,263.46,1091.12,214.55,188.69,"Anagnostou, E., John, E.H., Babila, T.L. et al. Proxy evidence for state-dependence of climate sensitivity in the Eocene greenhouse. Nat Commun 11, 4436 (2020). ",10.1038/s41467-020-17887-x,true,1,all known sources of error have been quantified and/or sensitivity of the CO2 estimate to those sources is small,,,,true,false,False,false,added age uncertainties based on power fit on LR04 uncertainties,32.65183,158.506
boron_isotopes_anagnostou_2020_p1.0.xlsx,all known sources of error have been quantified and/or sensitivity of the CO2 estimate to those sources is small,Boron Proxies,55882.69,263.3,263.3,1731.84,489.26,387.36,"Anagnostou, E., John, E.H., Babila, T.L. et al. Proxy evidence for state-dependence of climate sensitivity in the Eocene greenhouse. Nat Commun 11, 4436 (2020). ",10.1038/s41467-020-17887-x,true,1,all known sources of error have been quantified and/or sensitivity of the CO2 estimate to those sources is small,,,,true,false,False,false,added age uncertainties based on power fit on LR04 uncertainties,32.65183,158.506
boron_isotopes_anagnostou_2020_p1.0.xlsx,all known sources of error have been quantified and/or sensitivity of the CO2 estimate to those sources is small,Boron Proxies,55836.46,263.09,263.09,1932.7,540.28,395.26,"Anagnostou, E., John, E.H., Babila, T.L. et al. Proxy evidence for state-dependence of climate sensitivity in the Eocene greenhouse. Nat Commun 11, 4436 (2020). ",10.1038/s41467-020-17887-x,true,1,all known sources of error have been quantified and/or sensitivity of the CO2 estimate to those sources is small,,,,true,false,False,false,added age uncertainties based on power fit on LR04 uncertainties,32.65183,158.506
boron_isotopes_anagnostou_2020_p1.0.xlsx,all known sources of error have been quantified and/or sensitivity of the CO2 estimate to those sources is small,Boron Proxies,55797.5,262.92,262.92,2037.38,597.96,437.03,"Anagnostou, E., John, E.H., Babila, T.L. et al. Proxy evidence for state-dependence of climate sensitivity in the Eocene greenhouse. Nat Commun 11, 4436 (2020). ",10.1038/s41467-020-17887-x,true,1,all known sources of error have been quantified and/or sensitivity of the CO2 estimate to those sources is small,,,,true,false,False,false,added age uncertainties based on power fit on LR04 uncertainties,32.65183,158.506
boron_isotopes_anagnostou_2020_p1.0.xlsx,all known sources of error have been quantified and/or sensitivity of the CO2 estimate to those sources is small,Boron Proxies,55683.84,262.41,262.41,1068.5,213.6,178.6,"Anagnostou, E., John, E.H., Babila, T.L. et al. Proxy evidence for state-dependence of climate sensitivity in the Eocene greenhouse. Nat Commun 11, 4436 (2020). ",10.1038/s41467-020-17887-x,true,1,all known sources of error have been quantified and/or sensitivity of the CO2 estimate to those sources is small,,,,true,false,False,false,added age uncertainties based on power fit on LR04 uncertainties,32.65183,158.506
boron_isotopes_anagnostou_2020_p1.0.xlsx,all known sources of error have been quantified and/or sensitivity of the CO2 estimate to those sources is small,Boron Proxies,39807.93,1,1,1072.46,233.07,181.04,"Anagnostou, E., John, E.H., Babila, T.L. et al. Proxy evidence for state-dependence of climate sensitivity in the Eocene greenhouse. Nat Commun 11, 4436 (2020). ",10.1038/s41467-020-17887-x,true,1,all known sources of error have been quantified and/or sensitivity of the CO2 estimate to those sources is small,,,,true,false,False,false,,9.26567,-54.54403
boron_isotopes_anagnostou_2020_p1.0.xlsx,all known sources of error have been quantified and/or sensitivity of the CO2 estimate to those sources is small,Boron Proxies,39910.95,1,1,886.85,175.43,136.05,"Anagnostou, E., John, E.H., Babila, T.L. et al. Proxy evidence for state-dependence of climate sensitivity in the Eocene greenhouse. Nat Commun 11, 4436 (2020). ",10.1038/s41467-020-17887-x,true,1,all known sources of error have been quantified and/or sensitivity of the CO2 estimate to those sources is small,,,,true,false,False,false,,9.26567,-54.54403
boron_isotopes_anagnostou_2020_p1.0.xlsx,all known sources of error have been quantified and/or sensitivity of the CO2 estimate to those sources is small,Boron Proxies,39982.67,1,1,866.11,163.34,145.84,"Anagnostou, E., John, E.H., Babila, T.L. et al. Proxy evidence for state-dependence of climate sensitivity in the Eocene greenhouse. Nat Commun 11, 4436 (2020). ",10.1038/s41467-020-17887-x,true,1,all known sources of error have been quantified and/or sensitivity of the CO2 estimate to those sources is small,,,,true,false,False,false,,9.26567,-54.54403
boron_isotopes_anagnostou_2020_p1.0.xlsx,all known sources of error have been quantified and/or sensitivity of the CO2 estimate to those sources is small,Boron Proxies,40061.54,1,1,1171.7,277.37,202.99,"Anagnostou, E., John, E.H., Babila, T.L. et al. Proxy evidence for state-dependence of climate sensitivity in the Eocene greenhouse. Nat Commun 11, 4436 (2020). ",10.1038/s41467-020-17887-x,true,1,all known sources of error have been quantified and/or sensitivity of the CO2 estimate to those sources is small,,,,true,false,False,false,,9.26567,-54.54403
boron_isotopes_anagnostou_2020_p1.0.xlsx,all known sources of error have been quantified and/or sensitivity of the CO2 estimate to those sources is small,Boron Proxies,40110.88,1,1,1196.81,222.72,199.64,"Anagnostou, E., John, E.H., Babila, T.L. et al. Proxy evidence for state-dependence of climate sensitivity in the Eocene greenhouse. Nat Commun 11, 4436 (2020). ",10.1038/s41467-020-17887-x,true,1,all known sources of error have been quantified and/or sensitivity of the CO2 estimate to those sources is small,,,,true,false,False,false,,9.26567,-54.54403
boron_isotopes_anagnostou_2020_p1.0.xlsx,all known sources of error have been quantified and/or sensitivity of the CO2 estimate to those sources is small,Boron Proxies,40250.21,1,1,955.94,177.79,162.73,"Anagnostou, E., John, E.H., Babila, T.L. et al. Proxy evidence for state-dependence of climate sensitivity in the Eocene greenhouse. Nat Commun 11, 4436 (2020). ",10.1038/s41467-020-17887-x,true,1,all known sources of error have been quantified and/or sensitivity of the CO2 estimate to those sources is small,,,,true,false,False,false,,9.26567,-54.54403
boron_isotopes_anagnostou_2020_p1.0.xlsx,all known sources of error have been quantified and/or sensitivity of the CO2 estimate to those sources is small,Boron Proxies,40394.07,1,1,935,193.38,148.79,"Anagnostou, E., John, E.H., Babila, T.L. et al. Proxy evidence for state-dependence of climate sensitivity in the Eocene greenhouse. Nat Commun 11, 4436 (2020). ",10.1038/s41467-020-17887-x,true,1,all known sources of error have been quantified and/or sensitivity of the CO2 estimate to those sources is small,,,,true,false,False,false,,9.26567,-54.54403
boron_isotopes_anagnostou_2020_p1.0.xlsx,all known sources of error have been quantified and/or sensitivity of the CO2 estimate to those sources is small,Boron Proxies,40517.2,1,1,937.45,184.4,156.93,"Anagnostou, E., John, E.H., Babila, T.L. et al. Proxy evidence for state-dependence of climate sensitivity in the Eocene greenhouse. Nat Commun 11, 4436 (2020). ",10.1038/s41467-020-17887-x,true,1,all known sources of error have been quantified and/or sensitivity of the CO2 estimate to those sources is small,,,,true,false,False,false,,9.26567,-54.54403
boron_isotopes_anagnostou_2020_p1.0.xlsx,all known sources of error have been quantified and/or sensitivity of the CO2 estimate to those sources is small,Boron Proxies,40648.94,1,1,894.24,186,148.56,"Anagnostou, E., John, E.H., Babila, T.L. et al. Proxy evidence for state-dependence of climate sensitivity in the Eocene greenhouse. Nat Commun 11, 4436 (2020). ",10.1038/s41467-020-17887-x,true,1,all known sources of error have been quantified and/or sensitivity of the CO2 estimate to those sources is small,,,,true,false,False,false,,9.26567,-54.54403
boron_isotopes_anagnostou_2020_p1.0.xlsx,all known sources of error have been quantified and/or sensitivity of the CO2 estimate to those sources is small,Boron Proxies,41012.33,1,1,1169.12,241.99,193.42,"Anagnostou, E., John, E.H., Babila, T.L. et al. Proxy evidence for state-dependence of climate sensitivity in the Eocene greenhouse. Nat Commun 11, 4436 (2020). ",10.1038/s41467-020-17887-x,true,1,all known sources of error have been quantified and/or sensitivity of the CO2 estimate to those sources is small,,,,true,false,False,false,,9.26567,-54.54403
boron_isotopes_anagnostou_2020_p1.0.xlsx,all known sources of error have been quantified and/or sensitivity of the CO2 estimate to those sources is small,Boron Proxies,39123.61,10.28,10.28,786.69,150.35,124.68,"Anagnostou, E., John, E.H., Babila, T.L. et al. Proxy evidence for state-dependence of climate sensitivity in the Eocene greenhouse. Nat Commun 11, 4436 (2020). ",10.1038/s41467-020-17887-x,true,1,all known sources of error have been quantified and/or sensitivity of the CO2 estimate to those sources is small,,,,true,false,False,false,,18.4404,-179.555
boron_isotopes_anagnostou_2020_p1.0.xlsx,all known sources of error have been quantified and/or sensitivity of the CO2 estimate to those sources is small,Boron Proxies,39327.36,1.13,1.13,895.56,179.54,149.33,"Anagnostou, E., John, E.H., Babila, T.L. et al. Proxy evidence for state-dependence of climate sensitivity in the Eocene greenhouse. Nat Commun 11, 4436 (2020). ",10.1038/s41467-020-17887-x,true,1,all known sources of error have been quantified and/or sensitivity of the CO2 estimate to those sources is small,,,,true,false,False,false,,18.4404,-179.555
boron_isotopes_anagnostou_2020_p1.0.xlsx,all known sources of error have been quantified and/or sensitivity of the CO2 estimate to those sources is small,Boron Proxies,39958.09,2.25,2.25,925.51,175.61,150.22,"Anagnostou, E., John, E.H., Babila, T.L. et al. Proxy evidence for state-dependence of climate sensitivity in the Eocene greenhouse. Nat Commun 11, 4436 (2020). ",10.1038/s41467-020-17887-x,true,1,all known sources of error have been quantified and/or sensitivity of the CO2 estimate to those sources is small,,,,true,false,False,false,,18.4404,-179.555
boron_isotopes_anagnostou_2020_p1.0.xlsx,all known sources of error have been quantified and/or sensitivity of the CO2 estimate to those sources is small,Boron Proxies,40000.18,0.76,0.76,898.81,172.24,157.59,"Anagnostou, E., John, E.H., Babila, T.L. et al. Proxy evidence for state-dependence of climate sensitivity in the Eocene greenhouse. Nat Commun 11, 4436 (2020). ",10.1038/s41467-020-17887-x,true,1,all known sources of error have been quantified and/or sensitivity of the CO2 estimate to those sources is small,,,,true,false,False,false,,18.4404,-179.555
boron_isotopes_anagnostou_2020_p1.0.xlsx,all known sources of error have been quantified and/or sensitivity of the CO2 estimate to those sources is small,Boron Proxies,40031.2,2.1,2.1,1059.41,211.1,182.94,"Anagnostou, E., John, E.H., Babila, T.L. et al. Proxy evidence for state-dependence of climate sensitivity in the Eocene greenhouse. Nat Commun 11, 4436 (2020). ",10.1038/s41467-020-17887-x,true,1,all known sources of error have been quantified and/or sensitivity of the CO2 estimate to those sources is small,,,,true,false,False,false,,18.4404,-179.555
boron_isotopes_anagnostou_2020_p1.0.xlsx,all known sources of error have been quantified and/or sensitivity of the CO2 estimate to those sources is small,Boron Proxies,40092.17,2.1,2.1,1358.88,310.29,250.32,"Anagnostou, E., John, E.H., Babila, T.L. et al. Proxy evidence for state-dependence of climate sensitivity in the Eocene greenhouse. Nat Commun 11, 4436 (2020). ",10.1038/s41467-020-17887-x,true,1,all known sources of error have been quantified and/or sensitivity of the CO2 estimate to those sources is small,,,,true,false,False,false,,18.4404,-179.555
boron_isotopes_anagnostou_2020_p1.0.xlsx,all known sources of error have been quantified and/or sensitivity of the CO2 estimate to those sources is small,Boron Proxies,40139.68,2.82,2.82,1399.88,290.34,264.29,"Anagnostou, E., John, E.H., Babila, T.L. et al. Proxy evidence for state-dependence of climate sensitivity in the Eocene greenhouse. Nat Commun 11, 4436 (2020). ",10.1038/s41467-020-17887-x,true,1,all known sources of error have been quantified and/or sensitivity of the CO2 estimate to those sources is small,,,,true,false,False,false,,18.4404,-179.555
boron_isotopes_anagnostou_2020_p1.0.xlsx,all known sources of error have been quantified and/or sensitivity of the CO2 estimate to those sources is small,Boron Proxies,40139.68,2.82,2.82,1344.13,297.62,258.51,"Anagnostou, E., John, E.H., Babila, T.L. et al. Proxy evidence for state-dependence of climate sensitivity in the Eocene greenhouse. Nat Commun 11, 4436 (2020). ",10.1038/s41467-020-17887-x,true,1,all known sources of error have been quantified and/or sensitivity of the CO2 estimate to those sources is small,,,,true,false,False,false,,18.4404,-179.555
boron_isotopes_anagnostou_2020_p1.0.xlsx,all known sources of error have been quantified and/or sensitivity of the CO2 estimate to those sources is small,Boron Proxies,40168.72,2.82,2.82,1839.2,498.81,366.02,"Anagnostou, E., John, E.H., Babila, T.L. et al. Proxy evidence for state-dependence of climate sensitivity in the Eocene greenhouse. Nat Commun 11, 4436 (2020). ",10.1038/s41467-020-17887-x,true,1,all known sources of error have been quantified and/or sensitivity of the CO2 estimate to those sources is small,,,,true,false,False,false,,18.4404,-179.555
boron_isotopes_anagnostou_2020_p1.0.xlsx,all known sources of error have been quantified and/or sensitivity of the CO2 estimate to those sources is small,Boron Proxies,40244.4,16.91,16.91,937.03,185.16,162.01,"Anagnostou, E., John, E.H., Babila, T.L. et al. Proxy evidence for state-dependence of climate sensitivity in the Eocene greenhouse. Nat Commun 11, 4436 (2020). ",10.1038/s41467-020-17887-x,true,1,all known sources of error have been quantified and/or sensitivity of the CO2 estimate to those sources is small,,,,true,false,False,false,,18.4404,-179.555
boron_isotopes_anagnostou_2020_p1.0.xlsx,all known sources of error have been quantified and/or sensitivity of the CO2 estimate to those sources is small,Boron Proxies,40309.35,16.95,16.95,961.74,168.18,167.92,"Anagnostou, E., John, E.H., Babila, T.L. et al. Proxy evidence for state-dependence of climate sensitivity in the Eocene greenhouse. Nat Commun 11, 4436 (2020). ",10.1038/s41467-020-17887-x,true,1,all known sources of error have been quantified and/or sensitivity of the CO2 estimate to those sources is small,,,,true,false,False,false,,18.4404,-179.555
boron_isotopes_anagnostou_2020_p1.0.xlsx,all known sources of error have been quantified and/or sensitivity of the CO2 estimate to those sources is small,Boron Proxies,40377.66,2.86,2.86,907.54,181.11,159.51,"Anagnostou, E., John, E.H., Babila, T.L. et al. Proxy evidence for state-dependence of climate sensitivity in the Eocene greenhouse. Nat Commun 11, 4436 (2020). ",10.1038/s41467-020-17887-x,true,1,all known sources of error have been quantified and/or sensitivity of the CO2 estimate to those sources is small,,,,true,false,False,false,,18.4404,-179.555
boron_isotopes_anagnostou_2020_p1.0.xlsx,all known sources of error have been quantified and/or sensitivity of the CO2 estimate to those sources is small,Boron Proxies,40516.8,2.86,2.86,1008.14,221.69,183.4,"Anagnostou, E., John, E.H., Babila, T.L. et al. Proxy evidence for state-dependence of climate sensitivity in the Eocene greenhouse. Nat Commun 11, 4436 (2020). ",10.1038/s41467-020-17887-x,true,1,all known sources of error have been quantified and/or sensitivity of the CO2 estimate to those sources is small,,,,true,false,False,false,,18.4404,-179.555
boron_isotopes_anagnostou_2020_p1.0.xlsx,all known sources of error have been quantified and/or sensitivity of the CO2 estimate to those sources is small,Boron Proxies,40629.24,2.55,2.55,1130.03,228.87,188.87,"Anagnostou, E., John, E.H., Babila, T.L. et al. Proxy evidence for state-dependence of climate sensitivity in the Eocene greenhouse. Nat Commun 11, 4436 (2020). ",10.1038/s41467-020-17887-x,true,1,all known sources of error have been quantified and/or sensitivity of the CO2 estimate to those sources is small,,,,true,false,False,false,,18.4404,-179.555
boron_isotopes_anagnostou_2020_p1.0.xlsx,all known sources of error have been quantified and/or sensitivity of the CO2 estimate to those sources is small,Boron Proxies,40810.32,1.35,1.35,1090.99,235.52,196.3,"Anagnostou, E., John, E.H., Babila, T.L. et al. Proxy evidence for state-dependence of climate sensitivity in the Eocene greenhouse. Nat Commun 11, 4436 (2020). ",10.1038/s41467-020-17887-x,true,1,all known sources of error have been quantified and/or sensitivity of the CO2 estimate to those sources is small,,,,true,false,False,false,,18.4404,-179.555
boron_isotopes_anagnostou_2020_p1.0.xlsx,all known sources of error have been quantified and/or sensitivity of the CO2 estimate to those sources is small,Boron Proxies,40920.52,1.35,1.35,944.47,182.72,166.4,"Anagnostou, E., John, E.H., Babila, T.L. et al. Proxy evidence for state-dependence of climate sensitivity in the Eocene greenhouse. Nat Commun 11, 4436 (2020). ",10.1038/s41467-020-17887-x,true,1,all known sources of error have been quantified and/or sensitivity of the CO2 estimate to those sources is small,,,,true,false,False,false,,18.4404,-179.555
boron_isotopes_anagnostou_2020_p1.0.xlsx,all known sources of error have been quantified and/or sensitivity of the CO2 estimate to those sources is small,Boron Proxies,41129.55,1.74,1.74,863.22,163.48,151.04,"Anagnostou, E., John, E.H., Babila, T.L. et al. Proxy evidence for state-dependence of climate sensitivity in the Eocene greenhouse. Nat Commun 11, 4436 (2020). ",10.1038/s41467-020-17887-x,true,1,all known sources of error have been quantified and/or sensitivity of the CO2 estimate to those sources is small,,,,true,false,False,false,,18.4404,-179.555
boron_isotopes_anagnostou_2020_p1.0.xlsx,all known sources of error have been quantified and/or sensitivity of the CO2 estimate to those sources is small,Boron Proxies,41529.5,5.71,5.71,830.59,169.68,143.35,"Anagnostou, E., John, E.H., Babila, T.L. et al. Proxy evidence for state-dependence of climate sensitivity in the Eocene greenhouse. Nat Commun 11, 4436 (2020). ",10.1038/s41467-020-17887-x,true,1,all known sources of error have been quantified and/or sensitivity of the CO2 estimate to those sources is small,,,,true,false,False,false,,18.4404,-179.555
boron_isotopes_martinez-boti_2015_p1.0.xlsx,all known sources of error have been quantified and/or sensitivity of the CO2 estimate to those sources is small,Boron Proxies,2347.23,6,6,369.1,85.2,73.04,"Martínez-Botí, M. A., G. L. Foster, T. B. Chalk, E. J. Rohling, P. F. Sexton, D. J. Lunt, R. D. Pancost, M. P. S. Badger and D. N. Schmidt (2015). ""Plio-Pleistocene climate sensitivity evaluated using high-resolution CO2 records."" Nature 518(7537): 49-54.",10.1038/nature14145,true,1,all known sources of error have been quantified and/or sensitivity of the CO2 estimate to those sources is small,,false,,false,false,,false,added age uncertainty based on LR04,-1.39472,-11.74306
boron_isotopes_martinez-boti_2015_p1.0.xlsx,all known sources of error have been quantified and/or sensitivity of the CO2 estimate to those sources is small,Boron Proxies,2417.17,6,6,441.68,115.13,94.29,"Martínez-Botí, M. A., G. L. Foster, T. B. Chalk, E. J. Rohling, P. F. Sexton, D. J. Lunt, R. D. Pancost, M. P. S. Badger and D. N. Schmidt (2015). ""Plio-Pleistocene climate sensitivity evaluated using high-resolution CO2 records."" Nature 518(7537): 49-54.",10.1038/nature14145,true,1,all known sources of error have been quantified and/or sensitivity of the CO2 estimate to those sources is small,,false,,false,false,,false,added age uncertainty based on LR04,-1.39472,-11.74306
boron_isotopes_martinez-boti_2015_p1.0.xlsx,all known sources of error have been quantified and/or sensitivity of the CO2 estimate to those sources is small,Boron Proxies,2498.36,6,6,422.79,97.96,84.97,"Martínez-Botí, M. A., G. L. Foster, T. B. Chalk, E. J. Rohling, P. F. Sexton, D. J. Lunt, R. D. Pancost, M. P. S. Badger and D. N. Schmidt (2015). ""Plio-Pleistocene climate sensitivity evaluated using high-resolution CO2 records."" Nature 518(7537): 49-54.",10.1038/nature14145,true,1,all known sources of error have been quantified and/or sensitivity of the CO2 estimate to those sources is small,,false,,false,false,,false,added age uncertainty based on LR04,-1.39472,-11.74306
boron_isotopes_martinez-boti_2015_p1.0.xlsx,all known sources of error have been quantified and/or sensitivity of the CO2 estimate to those sources is small,Boron Proxies,2626.14,6,6,401.93,96.27,79.14,"Martínez-Botí, M. A., G. L. Foster, T. B. Chalk, E. J. Rohling, P. F. Sexton, D. J. Lunt, R. D. Pancost, M. P. S. Badger and D. N. Schmidt (2015). ""Plio-Pleistocene climate sensitivity evaluated using high-resolution CO2 records."" Nature 518(7537): 49-54.",10.1038/nature14145,true,1,all known sources of error have been quantified and/or sensitivity of the CO2 estimate to those sources is small,,false,,false,false,,false,added age uncertainty based on LR04,-1.39472,-11.74306
boron_isotopes_martinez-boti_2015_p1.0.xlsx,all known sources of error have been quantified and/or sensitivity of the CO2 estimate to those sources is small,Boron Proxies,2750.57,6,6,376.3,92.12,77.94,"Martínez-Botí, M. A., G. L. Foster, T. B. Chalk, E. J. Rohling, P. F. Sexton, D. J. Lunt, R. D. Pancost, M. P. S. Badger and D. N. Schmidt (2015). ""Plio-Pleistocene climate sensitivity evaluated using high-resolution CO2 records."" Nature 518(7537): 49-54.",10.1038/nature14145,true,1,all known sources of error have been quantified and/or sensitivity of the CO2 estimate to those sources is small,,false,,false,false,,false,added age uncertainty based on LR04,-1.39472,-11.74306
boron_isotopes_martinez-boti_2015_p1.0.xlsx,all known sources of error have been quantified and/or sensitivity of the CO2 estimate to those sources is small,Boron Proxies,2828.28,6,6,352.05,82.53,69.92,"Martínez-Botí, M. A., G. L. Foster, T. B. Chalk, E. J. Rohling, P. F. Sexton, D. J. Lunt, R. D. Pancost, M. P. S. Badger and D. N. Schmidt (2015). ""Plio-Pleistocene climate sensitivity evaluated using high-resolution CO2 records."" Nature 518(7537): 49-54.",10.1038/nature14145,true,1,all known sources of error have been quantified and/or sensitivity of the CO2 estimate to those sources is small,,false,,false,false,,false,added age uncertainty based on LR04,-1.39472,-11.74306
boron_isotopes_martinez-boti_2015_p1.0.xlsx,all known sources of error have been quantified and/or sensitivity of the CO2 estimate to those sources is small,Boron Proxies,3160.11,15,15,525.26,126.97,106.61,"Martínez-Botí, M. A., G. L. Foster, T. B. Chalk, E. J. Rohling, P. F. Sexton, D. J. Lunt, R. D. Pancost, M. P. S. Badger and D. N. Schmidt (2015). ""Plio-Pleistocene climate sensitivity evaluated using high-resolution CO2 records."" Nature 518(7537): 49-54.",10.1038/nature14145,true,1,all known sources of error have been quantified and/or sensitivity of the CO2 estimate to those sources is small,,false,,false,false,,false,added age uncertainty based on LR04,-1.39472,-11.74306
boron_isotopes_martinez-boti_2015_p1.0.xlsx,all known sources of error have been quantified and/or sensitivity of the CO2 estimate to those sources is small,Boron Proxies,3244.9,15,15,441.18,112.41,94.11,"Martínez-Botí, M. A., G. L. Foster, T. B. Chalk, E. J. Rohling, P. F. Sexton, D. J. Lunt, R. D. Pancost, M. P. S. Badger and D. N. Schmidt (2015). ""Plio-Pleistocene climate sensitivity evaluated using high-resolution CO2 records."" Nature 518(7537): 49-54.",10.1038/nature14145,true,1,all known sources of error have been quantified and/or sensitivity of the CO2 estimate to those sources is small,,false,,false,false,,false,added age uncertainty based on LR04,-1.39472,-11.74306
boron_isotopes_sosdian_2018_p1.0.xlsx,all known sources of error have been quantified and/or sensitivity of the CO2 estimate to those sources is small,Boron Proxies,16720,83.86,83.86,570.14,230.67,177.81,"Sosdian, S.M., Greenop, R., Hain, M.P., Foster, G.L., Pearson, P.N. and Lear, C.H. (2018) Constraining the evolution of Neogene ocean carbonate chemistry using the boron isotope pH proxy. Earth and Planetary Science Letters 498, 362-376.",10.1016/j.epsl.2018.06.017,true,1,all known sources of error have been quantified and/or sensitivity of the CO2 estimate to those sources is small,,false,,false,false,,false,added age uncertainties based on power fit on LR04 uncertainties,10.0975,162.866
boron_isotopes_sosdian_2018_p1.0.xlsx,all known sources of error have been quantified and/or sensitivity of the CO2 estimate to those sources is small,Boron Proxies,17720,88.61,88.61,490.26,193.84,156.46,"Sosdian, S.M., Greenop, R., Hain, M.P., Foster, G.L., Pearson, P.N. and Lear, C.H. (2018) Constraining the evolution of Neogene ocean carbonate chemistry using the boron isotope pH proxy. Earth and Planetary Science Letters 498, 362-376.",10.1016/j.epsl.2018.06.017,true,1,all known sources of error have been quantified and/or sensitivity of the CO2 estimate to those sources is small,,false,,false,false,,false,added age uncertainties based on power fit on LR04 uncertainties,10.0975,162.866
boron_isotopes_sosdian_2018_p1.0.xlsx,all known sources of error have been quantified and/or sensitivity of the CO2 estimate to those sources is small,Boron Proxies,18510,92.35,92.35,351.52,132.21,108.81,"Sosdian, S.M., Greenop, R., Hain, M.P., Foster, G.L., Pearson, P.N. and Lear, C.H. (2018) Constraining the evolution of Neogene ocean carbonate chemistry using the boron isotope pH proxy. Earth and Planetary Science Letters 498, 362-376.",10.1016/j.epsl.2018.06.017,true,1,all known sources of error have been quantified and/or sensitivity of the CO2 estimate to those sources is small,,false,,false,false,,false,added age uncertainties based on power fit on LR04 uncertainties,10.0975,162.866
boron_isotopes_sosdian_2018_p1.0.xlsx,all known sources of error have been quantified and/or sensitivity of the CO2 estimate to those sources is small,Boron Proxies,19430,96.7,96.7,285.57,115.35,91.99,"Sosdian, S.M., Greenop, R., Hain, M.P., Foster, G.L., Pearson, P.N. and Lear, C.H. (2018) Constraining the evolution of Neogene ocean carbonate chemistry using the boron isotope pH proxy. Earth and Planetary Science Letters 498, 362-376.",10.1016/j.epsl.2018.06.017,true,1,all known sources of error have been quantified and/or sensitivity of the CO2 estimate to those sources is small,,false,,false,false,,false,added age uncertainties based on power fit on LR04 uncertainties,10.0975,162.866
boron_isotopes_sosdian_2018_p1.0.xlsx,all known sources of error have been quantified and/or sensitivity of the CO2 estimate to those sources is small,Boron Proxies,20020,1000,1000,356.5,144.19,116.46,"Sosdian, S.M., Greenop, R., Hain, M.P., Foster, G.L., Pearson, P.N. and Lear, C.H. (2018) Constraining the evolution of Neogene ocean carbonate chemistry using the boron isotope pH proxy. Earth and Planetary Science Letters 498, 362-376.",10.1016/j.epsl.2018.06.017,true,1,all known sources of error have been quantified and/or sensitivity of the CO2 estimate to those sources is small,,false,,true,false,,false,,10.0975,162.866
boron_isotopes_sosdian_2018_p1.0.xlsx,all known sources of error have been quantified and/or sensitivity of the CO2 estimate to those sources is small,Boron Proxies,20560,1000,1000,394.84,164.87,130.88,"Sosdian, S.M., Greenop, R., Hain, M.P., Foster, G.L., Pearson, P.N. and Lear, C.H. (2018) Constraining the evolution of Neogene ocean carbonate chemistry using the boron isotope pH proxy. Earth and Planetary Science Letters 498, 362-376.",10.1016/j.epsl.2018.06.017,true,1,all known sources of error have been quantified and/or sensitivity of the CO2 estimate to those sources is small,,false,,true,false,,false,,10.0975,162.866
boron_isotopes_sosdian_2018_p1.0.xlsx,all known sources of error have been quantified and/or sensitivity of the CO2 estimate to those sources is small,Boron Proxies,21780,107.75,107.75,302.26,133.16,101.43,"Sosdian, S.M., Greenop, R., Hain, M.P., Foster, G.L., Pearson, P.N. and Lear, C.H. (2018) Constraining the evolution of Neogene ocean carbonate chemistry using the boron isotope pH proxy. Earth and Planetary Science Letters 498, 362-376.",10.1016/j.epsl.2018.06.017,true,1,all known sources of error have been quantified and/or sensitivity of the CO2 estimate to those sources is small,,false,,false,false,,false,added age uncertainties based on power fit on LR04 uncertainties,10.0975,162.866
boron_isotopes_sosdian_2018_p1.0.xlsx,all known sources of error have been quantified and/or sensitivity of the CO2 estimate to those sources is small,Boron Proxies,11540,59,59,353.79,132.17,107.21,"Sosdian, S.M., Greenop, R., Hain, M.P., Foster, G.L., Pearson, P.N. and Lear, C.H. (2018) Constraining the evolution of Neogene ocean carbonate chemistry using the boron isotope pH proxy. Earth and Planetary Science Letters 498, 362-376.",10.1016/j.epsl.2018.06.017,true,1,all known sources of error have been quantified and/or sensitivity of the CO2 estimate to those sources is small,,false,,false,false,,false,added age uncertainties based on power fit on LR04 uncertainties,-16.737,115.535
boron_isotopes_sosdian_2018_p1.0.xlsx,all known sources of error have been quantified and/or sensitivity of the CO2 estimate to those sources is small,Boron Proxies,12100,61.71,61.71,348.01,125.72,102.85,"Sosdian, S.M., Greenop, R., Hain, M.P., Foster, G.L., Pearson, P.N. and Lear, C.H. (2018) Constraining the evolution of Neogene ocean carbonate chemistry using the boron isotope pH proxy. Earth and Planetary Science Letters 498, 362-376.",10.1016/j.epsl.2018.06.017,true,1,all known sources of error have been quantified and/or sensitivity of the CO2 estimate to those sources is small,,false,,false,false,,false,added age uncertainties based on power fit on LR04 uncertainties,-16.737,115.535
boron_isotopes_sosdian_2018_p1.0.xlsx,all known sources of error have been quantified and/or sensitivity of the CO2 estimate to those sources is small,Boron Proxies,12520,63.74,63.74,298.99,132.18,98.52,"Sosdian, S.M., Greenop, R., Hain, M.P., Foster, G.L., Pearson, P.N. and Lear, C.H. (2018) Constraining the evolution of Neogene ocean carbonate chemistry using the boron isotope pH proxy. Earth and Planetary Science Letters 498, 362-376.",10.1016/j.epsl.2018.06.017,true,1,all known sources of error have been quantified and/or sensitivity of the CO2 estimate to those sources is small,,false,,false,false,,false,added age uncertainties based on power fit on LR04 uncertainties,-16.737,115.535
boron_isotopes_sosdian_2018_p1.0.xlsx,all known sources of error have been quantified and/or sensitivity of the CO2 estimate to those sources is small,Boron Proxies,17,4,4,185.27,19.8,18.92,"Sosdian, S.M., Greenop, R., Hain, M.P., Foster, G.L., Pearson, P.N. and Lear, C.H. (2018) Constraining the evolution of Neogene ocean carbonate chemistry using the boron isotope pH proxy. Earth and Planetary Science Letters 498, 362-376.",10.1016/j.epsl.2018.06.017,true,1,all known sources of error have been quantified and/or sensitivity of the CO2 estimate to those sources is small,,false,,false,false,,false,added age uncertainty based on LR04,3.7191,-42.9084
boron_isotopes_sosdian_2018_p1.0.xlsx,all known sources of error have been quantified and/or sensitivity of the CO2 estimate to those sources is small,Boron Proxies,560,4,4,199.53,37.48,31.6,"Sosdian, S.M., Greenop, R., Hain, M.P., Foster, G.L., Pearson, P.N. and Lear, C.H. (2018) Constraining the evolution of Neogene ocean carbonate chemistry using the boron isotope pH proxy. Earth and Planetary Science Letters 498, 362-376.",10.1016/j.epsl.2018.06.017,true,1,all known sources of error have been quantified and/or sensitivity of the CO2 estimate to those sources is small,,false,,false,false,,false,added age uncertainty based on LR04,3.7191,-42.9084
boron_isotopes_sosdian_2018_p1.0.xlsx,all known sources of error have been quantified and/or sensitivity of the CO2 estimate to those sources is small,Boron Proxies,1530,6,6,189.11,30.57,25.78,"Sosdian, S.M., Greenop, R., Hain, M.P., Foster, G.L., Pearson, P.N. and Lear, C.H. (2018) Constraining the evolution of Neogene ocean carbonate chemistry using the boron isotope pH proxy. Earth and Planetary Science Letters 498, 362-376.",10.1016/j.epsl.2018.06.017,true,1,all known sources of error have been quantified and/or sensitivity of the CO2 estimate to those sources is small,,false,,false,false,,false,added age uncertainty based on LR04,3.7191,-42.9084
boron_isotopes_sosdian_2018_p1.0.xlsx,all known sources of error have been quantified and/or sensitivity of the CO2 estimate to those sources is small,Boron Proxies,1880,6,6,177.29,27.48,23.97,"Sosdian, S.M., Greenop, R., Hain, M.P., Foster, G.L., Pearson, P.N. and Lear, C.H. (2018) Constraining the evolution of Neogene ocean carbonate chemistry using the boron isotope pH proxy. Earth and Planetary Science Letters 498, 362-376.",10.1016/j.epsl.2018.06.017,true,1,all known sources of error have been quantified and/or sensitivity of the CO2 estimate to those sources is small,,false,,false,false,,false,added age uncertainty based on LR04,3.7191,-42.9084
boron_isotopes_sosdian_2018_p1.0.xlsx,all known sources of error have been quantified and/or sensitivity of the CO2 estimate to those sources is small,Boron Proxies,2210,6,6,243.86,38.49,32.23,"Sosdian, S.M., Greenop, R., Hain, M.P., Foster, G.L., Pearson, P.N. and Lear, C.H. (2018) Constraining the evolution of Neogene ocean carbonate chemistry using the boron isotope pH proxy. Earth and Planetary Science Letters 498, 362-376.",10.1016/j.epsl.2018.06.017,true,1,all known sources of error have been quantified and/or sensitivity of the CO2 estimate to those sources is small,,false,,false,false,,false,added age uncertainty based on LR04,3.7191,-42.9084
boron_isotopes_sosdian_2018_p1.0.xlsx,all known sources of error have been quantified and/or sensitivity of the CO2 estimate to those sources is small,Boron Proxies,2550,6,6,230.77,30.81,28.79,"Sosdian, S.M., Greenop, R., Hain, M.P., Foster, G.L., Pearson, P.N. and Lear, C.H. (2018) Constraining the evolution of Neogene ocean carbonate chemistry using the boron isotope pH proxy. Earth and Planetary Science Letters 498, 362-376.",10.1016/j.epsl.2018.06.017,true,1,all known sources of error have been quantified and/or sensitivity of the CO2 estimate to those sources is small,,false,,false,false,,false,added age uncertainty based on LR04,3.7191,-42.9084
boron_isotopes_sosdian_2018_p1.0.xlsx,all known sources of error have been quantified and/or sensitivity of the CO2 estimate to those sources is small,Boron Proxies,2880,6,6,190.18,26.43,23.09,"Sosdian, S.M., Greenop, R., Hain, M.P., Foster, G.L., Pearson, P.N. and Lear, C.H. (2018) Constraining the evolution of Neogene ocean carbonate chemistry using the boron isotope pH proxy. Earth and Planetary Science Letters 498, 362-376.",10.1016/j.epsl.2018.06.017,true,1,all known sources of error have been quantified and/or sensitivity of the CO2 estimate to those sources is small,,false,,false,false,,false,added age uncertainty based on LR04,3.7191,-42.9084
boron_isotopes_sosdian_2018_p1.0.xlsx,all known sources of error have been quantified and/or sensitivity of the CO2 estimate to those sources is small,Boron Proxies,3250,15,15,301.63,45.15,39.93,"Sosdian, S.M., Greenop, R., Hain, M.P., Foster, G.L., Pearson, P.N. and Lear, C.H. (2018) Constraining the evolution of Neogene ocean carbonate chemistry using the boron isotope pH proxy. Earth and Planetary Science Letters 498, 362-376.",10.1016/j.epsl.2018.06.017,true,1,all known sources of error have been quantified and/or sensitivity of the CO2 estimate to those sources is small,,false,,false,false,,false,added age uncertainty based on LR04,3.7191,-42.9084
boron_isotopes_sosdian_2018_p1.0.xlsx,all known sources of error have been quantified and/or sensitivity of the CO2 estimate to those sources is small,Boron Proxies,4420,15,15,300.02,90.38,79.24,"Sosdian, S.M., Greenop, R., Hain, M.P., Foster, G.L., Pearson, P.N. and Lear, C.H. (2018) Constraining the evolution of Neogene ocean carbonate chemistry using the boron isotope pH proxy. Earth and Planetary Science Letters 498, 362-376.",10.1016/j.epsl.2018.06.017,true,1,all known sources of error have been quantified and/or sensitivity of the CO2 estimate to those sources is small,,false,,false,false,,false,added age uncertainty based on LR04,3.7191,-42.9084
boron_isotopes_sosdian_2018_p1.0.xlsx,all known sources of error have been quantified and/or sensitivity of the CO2 estimate to those sources is small,Boron Proxies,4860,15,15,429.87,187.27,136.2,"Sosdian, S.M., Greenop, R., Hain, M.P., Foster, G.L., Pearson, P.N. and Lear, C.H. (2018) Constraining the evolution of Neogene ocean carbonate chemistry using the boron isotope pH proxy. Earth and Planetary Science Letters 498, 362-376.",10.1016/j.epsl.2018.06.017,true,1,all known sources of error have been quantified and/or sensitivity of the CO2 estimate to those sources is small,,false,,false,false,,false,added age uncertainty based on LR04,3.7191,-42.9084
boron_isotopes_sosdian_2018_p1.0.xlsx,all known sources of error have been quantified and/or sensitivity of the CO2 estimate to those sources is small,Boron Proxies,5330,40,40,449.16,150.5,128.02,"Sosdian, S.M., Greenop, R., Hain, M.P., Foster, G.L., Pearson, P.N. and Lear, C.H. (2018) Constraining the evolution of Neogene ocean carbonate chemistry using the boron isotope pH proxy. Earth and Planetary Science Letters 498, 362-376.",10.1016/j.epsl.2018.06.017,true,1,all known sources of error have been quantified and/or sensitivity of the CO2 estimate to those sources is small,,false,,false,false,,false,added age uncertainty based on LR04,3.7191,-42.9084
boron_isotopes_sosdian_2018_p1.0.xlsx,all known sources of error have been quantified and/or sensitivity of the CO2 estimate to those sources is small,Boron Proxies,5800,30.73,30.73,430.18,161.54,125.3,"Sosdian, S.M., Greenop, R., Hain, M.P., Foster, G.L., Pearson, P.N. and Lear, C.H. (2018) Constraining the evolution of Neogene ocean carbonate chemistry using the boron isotope pH proxy. Earth and Planetary Science Letters 498, 362-376.",10.1016/j.epsl.2018.06.017,true,1,all known sources of error have been quantified and/or sensitivity of the CO2 estimate to those sources is small,,false,,false,false,,false,added age uncertainties based on power fit on LR04 uncertainties,3.7191,-42.9084
boron_isotopes_sosdian_2018_p1.0.xlsx,all known sources of error have been quantified and/or sensitivity of the CO2 estimate to those sources is small,Boron Proxies,8560,44.45,44.45,489.26,177.7,145,"Sosdian, S.M., Greenop, R., Hain, M.P., Foster, G.L., Pearson, P.N. and Lear, C.H. (2018) Constraining the evolution of Neogene ocean carbonate chemistry using the boron isotope pH proxy. Earth and Planetary Science Letters 498, 362-376.",10.1016/j.epsl.2018.06.017,true,1,all known sources of error have been quantified and/or sensitivity of the CO2 estimate to those sources is small,,false,,false,false,,false,added age uncertainties based on power fit on LR04 uncertainties,3.7191,-42.9084
boron_isotopes_sosdian_2018_p1.0.xlsx,all known sources of error have been quantified and/or sensitivity of the CO2 estimate to those sources is small,Boron Proxies,9240,47.79,47.79,441.19,158.28,131.21,"Sosdian, S.M., Greenop, R., Hain, M.P., Foster, G.L., Pearson, P.N. and Lear, C.H. (2018) Constraining the evolution of Neogene ocean carbonate chemistry using the boron isotope pH proxy. Earth and Planetary Science Letters 498, 362-376.",10.1016/j.epsl.2018.06.017,true,1,all known sources of error have been quantified and/or sensitivity of the CO2 estimate to those sources is small,,false,,false,false,,false,added age uncertainties based on power fit on LR04 uncertainties,3.7191,-42.9084
boron_isotopes_sosdian_2018_p1.0.xlsx,all known sources of error have been quantified and/or sensitivity of the CO2 estimate to those sources is small,Boron Proxies,9870,50.87,50.87,313.36,105.29,91.19,"Sosdian, S.M., Greenop, R., Hain, M.P., Foster, G.L., Pearson, P.N. and Lear, C.H. (2018) Constraining the evolution of Neogene ocean carbonate chemistry using the boron isotope pH proxy. Earth and Planetary Science Letters 498, 362-376.",10.1016/j.epsl.2018.06.017,true,1,all known sources of error have been quantified and/or sensitivity of the CO2 estimate to those sources is small,,false,,false,false,,false,added age uncertainties based on power fit on LR04 uncertainties,3.7191,-42.9084
boron_isotopes_sosdian_2018_p1.0.xlsx,all known sources of error have been quantified and/or sensitivity of the CO2 estimate to those sources is small,Boron Proxies,10600,54.43,54.43,359.52,152.94,114.68,"Sosdian, S.M., Greenop, R., Hain, M.P., Foster, G.L., Pearson, P.N. and Lear, C.H. (2018) Constraining the evolution of Neogene ocean carbonate chemistry using the boron isotope pH proxy. Earth and Planetary Science Letters 498, 362-376.",10.1016/j.epsl.2018.06.017,true,1,all known sources of error have been quantified and/or sensitivity of the CO2 estimate to those sources is small,,false,,false,false,,false,added age uncertainties based on power fit on LR04 uncertainties,3.7191,-42.9084
boron_isotopes_sosdian_2018_p1.0.xlsx,all known sources of error have been quantified and/or sensitivity of the CO2 estimate to those sources is small,Boron Proxies,16380,82.24,82.24,344.72,120.01,103.71,"Sosdian, S.M., Greenop, R., Hain, M.P., Foster, G.L., Pearson, P.N. and Lear, C.H. (2018) Constraining the evolution of Neogene ocean carbonate chemistry using the boron isotope pH proxy. Earth and Planetary Science Letters 498, 362-376.",10.1016/j.epsl.2018.06.017,true,1,all known sources of error have been quantified and/or sensitivity of the CO2 estimate to those sources is small,,false,,false,false,,false,added age uncertainties based on power fit on LR04 uncertainties,3.7191,-42.9084
boron_isotopes_sosdian_2018_p1.0.xlsx,all known sources of error have been quantified and/or sensitivity of the CO2 estimate to those sources is small,Boron Proxies,16010,80.48,80.48,519.01,198.42,163.22,"Sosdian, S.M., Greenop, R., Hain, M.P., Foster, G.L., Pearson, P.N. and Lear, C.H. (2018) Constraining the evolution of Neogene ocean carbonate chemistry using the boron isotope pH proxy. Earth and Planetary Science Letters 498, 362-376.",10.1016/j.epsl.2018.06.017,true,1,all known sources of error have been quantified and/or sensitivity of the CO2 estimate to those sources is small,,false,,false,false,,false,added age uncertainties based on power fit on LR04 uncertainties,3.7191,-42.9084
boron_isotopes_sosdian_2018_p1.0.xlsx,all known sources of error have been quantified and/or sensitivity of the CO2 estimate to those sources is small,Boron Proxies,16020,80.53,80.53,379.51,136.06,116.17,"Sosdian, S.M., Greenop, R., Hain, M.P., Foster, G.L., Pearson, P.N. and Lear, C.H. (2018) Constraining the evolution of Neogene ocean carbonate chemistry using the boron isotope pH proxy. Earth and Planetary Science Letters 498, 362-376.",10.1016/j.epsl.2018.06.017,true,1,all known sources of error have been quantified and/or sensitivity of the CO2 estimate to those sources is small,,false,,false,false,,false,added age uncertainties based on power fit on LR04 uncertainties,3.7191,-42.9084
boron_isotopes_sosdian_2018_p1.0.xlsx,all known sources of error have been quantified and/or sensitivity of the CO2 estimate to those sources is small,Boron Proxies,16070,80.76,80.76,424.17,157.82,130.7,"Sosdian, S.M., Greenop, R., Hain, M.P., Foster, G.L., Pearson, P.N. and Lear, C.H. (2018) Constraining the evolution of Neogene ocean carbonate chemistry using the boron isotope pH proxy. Earth and Planetary Science Letters 498, 362-376.",10.1016/j.epsl.2018.06.017,true,1,all known sources of error have been quantified and/or sensitivity of the CO2 estimate to those sources is small,,false,,false,false,,false,added age uncertainties based on power fit on LR04 uncertainties,3.7191,-42.9084
boron_isotopes_sosdian_2018_p1.0.xlsx,all known sources of error have been quantified and/or sensitivity of the CO2 estimate to those sources is small,Boron Proxies,16860,84.52,84.52,371.07,138.22,116.21,"Sosdian, S.M., Greenop, R., Hain, M.P., Foster, G.L., Pearson, P.N. and Lear, C.H. (2018) Constraining the evolution of Neogene ocean carbonate chemistry using the boron isotope pH proxy. Earth and Planetary Science Letters 498, 362-376.",10.1016/j.epsl.2018.06.017,true,1,all known sources of error have been quantified and/or sensitivity of the CO2 estimate to those sources is small,,false,,false,false,,false,added age uncertainties based on power fit on LR04 uncertainties,3.7191,-42.9084
boron_isotopes_sosdian_2018_p1.0.xlsx,all known sources of error have been quantified and/or sensitivity of the CO2 estimate to those sources is small,Boron Proxies,16900,84.71,84.71,389.43,147.59,124.03,"Sosdian, S.M., Greenop, R., Hain, M.P., Foster, G.L., Pearson, P.N. and Lear, C.H. (2018) Constraining the evolution of Neogene ocean carbonate chemistry using the boron isotope pH proxy. Earth and Planetary Science Letters 498, 362-376.",10.1016/j.epsl.2018.06.017,true,1,all known sources of error have been quantified and/or sensitivity of the CO2 estimate to those sources is small,,false,,false,false,,false,added age uncertainties based on power fit on LR04 uncertainties,3.7191,-42.9084
boron_isotopes_sosdian_2018_p1.0.xlsx,all known sources of error have been quantified and/or sensitivity of the CO2 estimate to those sources is small,Boron Proxies,17080,85.57,85.57,342.4,128.57,105.89,"Sosdian, S.M., Greenop, R., Hain, M.P., Foster, G.L., Pearson, P.N. and Lear, C.H. (2018) Constraining the evolution of Neogene ocean carbonate chemistry using the boron isotope pH proxy. Earth and Planetary Science Letters 498, 362-376.",10.1016/j.epsl.2018.06.017,true,1,all known sources of error have been quantified and/or sensitivity of the CO2 estimate to those sources is small,,false,,false,false,,false,added age uncertainties based on power fit on LR04 uncertainties,3.7191,-42.9084
boron_isotopes_sosdian_2018_p1.0.xlsx,all known sources of error have been quantified and/or sensitivity of the CO2 estimate to those sources is small,Boron Proxies,18250,91.12,91.12,311.53,115.72,96.07,"Sosdian, S.M., Greenop, R., Hain, M.P., Foster, G.L., Pearson, P.N. and Lear, C.H. (2018) Constraining the evolution of Neogene ocean carbonate chemistry using the boron isotope pH proxy. Earth and Planetary Science Letters 498, 362-376.",10.1016/j.epsl.2018.06.017,true,1,all known sources of error have been quantified and/or sensitivity of the CO2 estimate to those sources is small,,false,,false,false,,false,added age uncertainties based on power fit on LR04 uncertainties,3.7191,-42.9084
boron_isotopes_sosdian_2018_p1.0.xlsx,all known sources of error have been quantified and/or sensitivity of the CO2 estimate to those sources is small,Boron Proxies,19140,95.33,95.33,385.41,153.94,121.49,"Sosdian, S.M., Greenop, R., Hain, M.P., Foster, G.L., Pearson, P.N. and Lear, C.H. (2018) Constraining the evolution of Neogene ocean carbonate chemistry using the boron isotope pH proxy. Earth and Planetary Science Letters 498, 362-376.",10.1016/j.epsl.2018.06.017,true,1,all known sources of error have been quantified and/or sensitivity of the CO2 estimate to those sources is small,,false,,false,false,,false,added age uncertainties based on power fit on LR04 uncertainties,3.7191,-42.9084
boron_isotopes_sosdian_2018_p1.0.xlsx,all known sources of error have been quantified and/or sensitivity of the CO2 estimate to those sources is small,Boron Proxies,20090,99.81,99.81,255.52,98.58,80.99,"Sosdian, S.M., Greenop, R., Hain, M.P., Foster, G.L., Pearson, P.N. and Lear, C.H. (2018) Constraining the evolution of Neogene ocean carbonate chemistry using the boron isotope pH proxy. Earth and Planetary Science Letters 498, 362-376.",10.1016/j.epsl.2018.06.017,true,1,all known sources of error have been quantified and/or sensitivity of the CO2 estimate to those sources is small,,false,,false,false,,false,added age uncertainties based on power fit on LR04 uncertainties,3.7191,-42.9084
boron_isotopes_sosdian_2018_p1.0.xlsx,all known sources of error have been quantified and/or sensitivity of the CO2 estimate to those sources is small,Boron Proxies,5810,30.78,30.78,312.26,99.25,85.89,"Sosdian, S.M., Greenop, R., Hain, M.P., Foster, G.L., Pearson, P.N. and Lear, C.H. (2018) Constraining the evolution of Neogene ocean carbonate chemistry using the boron isotope pH proxy. Earth and Planetary Science Letters 498, 362-376.",10.1016/j.epsl.2018.06.017,true,1,all known sources of error have been quantified and/or sensitivity of the CO2 estimate to those sources is small,,false,,false,false,,false,added age uncertainties based on power fit on LR04 uncertainties,16.553,-79.867
boron_isotopes_sosdian_2018_p1.0.xlsx,all known sources of error have been quantified and/or sensitivity of the CO2 estimate to those sources is small,Boron Proxies,6540,34.44,34.44,382.21,122.52,108.33,"Sosdian, S.M., Greenop, R., Hain, M.P., Foster, G.L., Pearson, P.N. and Lear, C.H. (2018) Constraining the evolution of Neogene ocean carbonate chemistry using the boron isotope pH proxy. Earth and Planetary Science Letters 498, 362-376.",10.1016/j.epsl.2018.06.017,true,1,all known sources of error have been quantified and/or sensitivity of the CO2 estimate to those sources is small,,false,,false,false,,false,added age uncertainties based on power fit on LR04 uncertainties,16.553,-79.867
boron_isotopes_sosdian_2018_p1.0.xlsx,all known sources of error have been quantified and/or sensitivity of the CO2 estimate to those sources is small,Boron Proxies,7000,36.73,36.73,420.68,136.13,115.34,"Sosdian, S.M., Greenop, R., Hain, M.P., Foster, G.L., Pearson, P.N. and Lear, C.H. (2018) Constraining the evolution of Neogene ocean carbonate chemistry using the boron isotope pH proxy. Earth and Planetary Science Letters 498, 362-376.",10.1016/j.epsl.2018.06.017,true,1,all known sources of error have been quantified and/or sensitivity of the CO2 estimate to those sources is small,,false,,false,false,,false,added age uncertainties based on power fit on LR04 uncertainties,16.553,-79.867
boron_isotopes_sosdian_2018_p1.0.xlsx,all known sources of error have been quantified and/or sensitivity of the CO2 estimate to those sources is small,Boron Proxies,8450,43.91,43.91,402.55,140.89,116.79,"Sosdian, S.M., Greenop, R., Hain, M.P., Foster, G.L., Pearson, P.N. and Lear, C.H. (2018) Constraining the evolution of Neogene ocean carbonate chemistry using the boron isotope pH proxy. Earth and Planetary Science Letters 498, 362-376.",10.1016/j.epsl.2018.06.017,true,1,all known sources of error have been quantified and/or sensitivity of the CO2 estimate to those sources is small,,false,,false,false,,false,added age uncertainties based on power fit on LR04 uncertainties,16.553,-79.867
boron_isotopes_sosdian_2018_p1.0.xlsx,all known sources of error have been quantified and/or sensitivity of the CO2 estimate to those sources is small,Boron Proxies,13950,70.63,70.63,572.51,246.1,173.4,"Sosdian, S.M., Greenop, R., Hain, M.P., Foster, G.L., Pearson, P.N. and Lear, C.H. (2018) Constraining the evolution of Neogene ocean carbonate chemistry using the boron isotope pH proxy. Earth and Planetary Science Letters 498, 362-376.",10.1016/j.epsl.2018.06.017,true,1,all known sources of error have been quantified and/or sensitivity of the CO2 estimate to those sources is small,,false,,false,false,,false,added age uncertainties based on power fit on LR04 uncertainties,35.926,4.335
boron_isotopes_sosdian_2018_p1.0.xlsx,all known sources of error have been quantified and/or sensitivity of the CO2 estimate to those sources is small,Boron Proxies,13901.77,70.39,70.39,518.7,220.88,155.52,"Sosdian, S.M., Greenop, R., Hain, M.P., Foster, G.L., Pearson, P.N. and Lear, C.H. (2018) Constraining the evolution of Neogene ocean carbonate chemistry using the boron isotope pH proxy. Earth and Planetary Science Letters 498, 362-376.",10.1016/j.epsl.2018.06.017,true,1,all known sources of error have been quantified and/or sensitivity of the CO2 estimate to those sources is small,,false,,false,false,,false,added age uncertainties based on power fit on LR04 uncertainties,35.926,4.335
boron_isotopes_sosdian_2018_p1.0.xlsx,all known sources of error have been quantified and/or sensitivity of the CO2 estimate to those sources is small,Boron Proxies,13829.42,70.05,70.05,549.34,241.84,165.67,"Sosdian, S.M., Greenop, R., Hain, M.P., Foster, G.L., Pearson, P.N. and Lear, C.H. (2018) Constraining the evolution of Neogene ocean carbonate chemistry using the boron isotope pH proxy. Earth and Planetary Science Letters 498, 362-376.",10.1016/j.epsl.2018.06.017,true,1,all known sources of error have been quantified and/or sensitivity of the CO2 estimate to those sources is small,,false,,false,false,,false,added age uncertainties based on power fit on LR04 uncertainties,35.926,4.335
boron_isotopes_sosdian_2018_p1.0.xlsx,all known sources of error have been quantified and/or sensitivity of the CO2 estimate to those sources is small,Boron Proxies,13732.97,69.58,69.58,425.06,167.64,125.34,"Sosdian, S.M., Greenop, R., Hain, M.P., Foster, G.L., Pearson, P.N. and Lear, C.H. (2018) Constraining the evolution of Neogene ocean carbonate chemistry using the boron isotope pH proxy. Earth and Planetary Science Letters 498, 362-376.",10.1016/j.epsl.2018.06.017,true,1,all known sources of error have been quantified and/or sensitivity of the CO2 estimate to those sources is small,,false,,false,false,,false,added age uncertainties based on power fit on LR04 uncertainties,35.926,4.335
boron_isotopes_sosdian_2018_p1.0.xlsx,all known sources of error have been quantified and/or sensitivity of the CO2 estimate to those sources is small,Boron Proxies,13708.85,69.47,69.47,468.46,195.33,141.48,"Sosdian, S.M., Greenop, R., Hain, M.P., Foster, G.L., Pearson, P.N. and Lear, C.H. (2018) Constraining the evolution of Neogene ocean carbonate chemistry using the boron isotope pH proxy. Earth and Planetary Science Letters 498, 362-376.",10.1016/j.epsl.2018.06.017,true,1,all known sources of error have been quantified and/or sensitivity of the CO2 estimate to those sources is small,,false,,false,false,,false,added age uncertainties based on power fit on LR04 uncertainties,35.926,4.335
boron_isotopes_sosdian_2018_p1.0.xlsx,all known sources of error have been quantified and/or sensitivity of the CO2 estimate to those sources is small,Boron Proxies,13646.8,69.17,69.17,463.98,184.15,136.54,"Sosdian, S.M., Greenop, R., Hain, M.P., Foster, G.L., Pearson, P.N. and Lear, C.H. (2018) Constraining the evolution of Neogene ocean carbonate chemistry using the boron isotope pH proxy. Earth and Planetary Science Letters 498, 362-376.",10.1016/j.epsl.2018.06.017,true,1,all known sources of error have been quantified and/or sensitivity of the CO2 estimate to those sources is small,,false,,false,false,,false,added age uncertainties based on power fit on LR04 uncertainties,35.926,4.335
boron_isotopes_sosdian_2018_p1.0.xlsx,all known sources of error have been quantified and/or sensitivity of the CO2 estimate to those sources is small,Boron Proxies,1.66,4,4,261.26,19.99,18.54,"Sosdian, S.M., Greenop, R., Hain, M.P., Foster, G.L., Pearson, P.N. and Lear, C.H. (2018) Constraining the evolution of Neogene ocean carbonate chemistry using the boron isotope pH proxy. Earth and Planetary Science Letters 498, 362-376.",10.1016/j.epsl.2018.06.017,true,1,all known sources of error have been quantified and/or sensitivity of the CO2 estimate to those sources is small,,false,,false,false,,false,added age uncertainty based on LR04,12.744,-78.7393
boron_isotopes_sosdian_2018_p1.0.xlsx,all known sources of error have been quantified and/or sensitivity of the CO2 estimate to those sources is small,Boron Proxies,930.47,4,4,246.73,24.66,22.63,"Sosdian, S.M., Greenop, R., Hain, M.P., Foster, G.L., Pearson, P.N. and Lear, C.H. (2018) Constraining the evolution of Neogene ocean carbonate chemistry using the boron isotope pH proxy. Earth and Planetary Science Letters 498, 362-376.",10.1016/j.epsl.2018.06.017,true,1,all known sources of error have been quantified and/or sensitivity of the CO2 estimate to those sources is small,,false,,false,false,,false,added age uncertainty based on LR04,12.744,-78.7393
boron_isotopes_sosdian_2018_p1.0.xlsx,all known sources of error have been quantified and/or sensitivity of the CO2 estimate to those sources is small,Boron Proxies,1426.26,6,6,215.01,25.54,22.22,"Sosdian, S.M., Greenop, R., Hain, M.P., Foster, G.L., Pearson, P.N. and Lear, C.H. (2018) Constraining the evolution of Neogene ocean carbonate chemistry using the boron isotope pH proxy. Earth and Planetary Science Letters 498, 362-376.",10.1016/j.epsl.2018.06.017,true,1,all known sources of error have been quantified and/or sensitivity of the CO2 estimate to those sources is small,,false,,false,false,,false,added age uncertainty based on LR04,12.744,-78.7393
boron_isotopes_sosdian_2018_p1.0.xlsx,all known sources of error have been quantified and/or sensitivity of the CO2 estimate to those sources is small,Boron Proxies,2019.29,6,6,364.61,50.12,44.01,"Sosdian, S.M., Greenop, R., Hain, M.P., Foster, G.L., Pearson, P.N. and Lear, C.H. (2018) Constraining the evolution of Neogene ocean carbonate chemistry using the boron isotope pH proxy. Earth and Planetary Science Letters 498, 362-376.",10.1016/j.epsl.2018.06.017,true,1,all known sources of error have been quantified and/or sensitivity of the CO2 estimate to those sources is small,,false,,false,false,,false,added age uncertainty based on LR04,12.744,-78.7393
boron_isotopes_sosdian_2018_p1.0.xlsx,all known sources of error have been quantified and/or sensitivity of the CO2 estimate to those sources is small,Boron Proxies,2941.22,6,6,349.12,44.37,39.1,"Sosdian, S.M., Greenop, R., Hain, M.P., Foster, G.L., Pearson, P.N. and Lear, C.H. (2018) Constraining the evolution of Neogene ocean carbonate chemistry using the boron isotope pH proxy. Earth and Planetary Science Letters 498, 362-376.",10.1016/j.epsl.2018.06.017,true,1,all known sources of error have been quantified and/or sensitivity of the CO2 estimate to those sources is small,,false,,false,false,,false,added age uncertainty based on LR04,12.744,-78.7393
boron_isotopes_sosdian_2018_p1.0.xlsx,all known sources of error have been quantified and/or sensitivity of the CO2 estimate to those sources is small,Boron Proxies,3204.4,15,15,360.95,46.66,40.42,"Sosdian, S.M., Greenop, R., Hain, M.P., Foster, G.L., Pearson, P.N. and Lear, C.H. (2018) Constraining the evolution of Neogene ocean carbonate chemistry using the boron isotope pH proxy. Earth and Planetary Science Letters 498, 362-376.",10.1016/j.epsl.2018.06.017,true,1,all known sources of error have been quantified and/or sensitivity of the CO2 estimate to those sources is small,,false,,false,false,,false,added age uncertainty based on LR04,12.744,-78.7393
boron_isotopes_sosdian_2018_p1.0.xlsx,all known sources of error have been quantified and/or sensitivity of the CO2 estimate to those sources is small,Boron Proxies,4003.18,30,30,415.83,144.58,111.38,"Sosdian, S.M., Greenop, R., Hain, M.P., Foster, G.L., Pearson, P.N. and Lear, C.H. (2018) Constraining the evolution of Neogene ocean carbonate chemistry using the boron isotope pH proxy. Earth and Planetary Science Letters 498, 362-376.",10.1016/j.epsl.2018.06.017,true,1,all known sources of error have been quantified and/or sensitivity of the CO2 estimate to those sources is small,,false,,false,false,,false,added age uncertainty based on LR04,12.744,-78.7393
boron_isotopes_sosdian_2018_p1.0.xlsx,all known sources of error have been quantified and/or sensitivity of the CO2 estimate to those sources is small,Boron Proxies,4225.71,30,30,397.22,135.77,105.61,"Sosdian, S.M., Greenop, R., Hain, M.P., Foster, G.L., Pearson, P.N. and Lear, C.H. (2018) Constraining the evolution of Neogene ocean carbonate chemistry using the boron isotope pH proxy. Earth and Planetary Science Letters 498, 362-376.",10.1016/j.epsl.2018.06.017,true,1,all known sources of error have been quantified and/or sensitivity of the CO2 estimate to those sources is small,,false,,false,false,,false,added age uncertainty based on LR04,12.744,-78.7393
boron_isotopes_sosdian_2018_p1.0.xlsx,all known sources of error have been quantified and/or sensitivity of the CO2 estimate to those sources is small,Boron Proxies,15653.58,78.78,78.78,475.42,210.57,146.45,"Sosdian, S.M., Greenop, R., Hain, M.P., Foster, G.L., Pearson, P.N. and Lear, C.H. (2018) Constraining the evolution of Neogene ocean carbonate chemistry using the boron isotope pH proxy. Earth and Planetary Science Letters 498, 362-376.",10.1016/j.epsl.2018.06.017,true,1,all known sources of error have been quantified and/or sensitivity of the CO2 estimate to those sources is small,,false,,false,false,,false,added age uncertainties based on power fit on LR04 uncertainties,-16.73972,115.53611
boron_isotopes_sosdian_2018_p1.0.xlsx,all known sources of error have been quantified and/or sensitivity of the CO2 estimate to those sources is small,Boron Proxies,15715.46,79.07,79.07,674.39,369.23,226.08,"Sosdian, S.M., Greenop, R., Hain, M.P., Foster, G.L., Pearson, P.N. and Lear, C.H. (2018) Constraining the evolution of Neogene ocean carbonate chemistry using the boron isotope pH proxy. Earth and Planetary Science Letters 498, 362-376.",10.1016/j.epsl.2018.06.017,true,1,all known sources of error have been quantified and/or sensitivity of the CO2 estimate to those sources is small,,false,,false,false,,false,added age uncertainties based on power fit on LR04 uncertainties,-16.73972,115.53611
boron_isotopes_sosdian_2018_p1.0.xlsx,all known sources of error have been quantified and/or sensitivity of the CO2 estimate to those sources is small,Boron Proxies,15729.53,79.14,79.14,717.54,400.83,239.6,"Sosdian, S.M., Greenop, R., Hain, M.P., Foster, G.L., Pearson, P.N. and Lear, C.H. (2018) Constraining the evolution of Neogene ocean carbonate chemistry using the boron isotope pH proxy. Earth and Planetary Science Letters 498, 362-376.",10.1016/j.epsl.2018.06.017,true,1,all known sources of error have been quantified and/or sensitivity of the CO2 estimate to those sources is small,,false,,false,false,,false,added age uncertainties based on power fit on LR04 uncertainties,-16.73972,115.53611
boron_isotopes_sosdian_2018_p1.0.xlsx,all known sources of error have been quantified and/or sensitivity of the CO2 estimate to those sources is small,Boron Proxies,15743.59,79.21,79.21,518.41,231.94,162.2,"Sosdian, S.M., Greenop, R., Hain, M.P., Foster, G.L., Pearson, P.N. and Lear, C.H. (2018) Constraining the evolution of Neogene ocean carbonate chemistry using the boron isotope pH proxy. Earth and Planetary Science Letters 498, 362-376.",10.1016/j.epsl.2018.06.017,true,1,all known sources of error have been quantified and/or sensitivity of the CO2 estimate to those sources is small,,false,,false,false,,false,added age uncertainties based on power fit on LR04 uncertainties,-16.73972,115.53611
boron_isotopes_sosdian_2018_p1.0.xlsx,all known sources of error have been quantified and/or sensitivity of the CO2 estimate to those sources is small,Boron Proxies,15771.72,79.34,79.34,462.23,205.02,142.58,"Sosdian, S.M., Greenop, R., Hain, M.P., Foster, G.L., Pearson, P.N. and Lear, C.H. (2018) Constraining the evolution of Neogene ocean carbonate chemistry using the boron isotope pH proxy. Earth and Planetary Science Letters 498, 362-376.",10.1016/j.epsl.2018.06.017,true,1,all known sources of error have been quantified and/or sensitivity of the CO2 estimate to those sources is small,,false,,false,false,,false,added age uncertainties based on power fit on LR04 uncertainties,-16.73972,115.53611
boron_isotopes_sosdian_2018_p1.0.xlsx,all known sources of error have been quantified and/or sensitivity of the CO2 estimate to those sources is small,Boron Proxies,15813.92,79.54,79.54,452.32,216.98,148.11,"Sosdian, S.M., Greenop, R., Hain, M.P., Foster, G.L., Pearson, P.N. and Lear, C.H. (2018) Constraining the evolution of Neogene ocean carbonate chemistry using the boron isotope pH proxy. Earth and Planetary Science Letters 498, 362-376.",10.1016/j.epsl.2018.06.017,true,1,all known sources of error have been quantified and/or sensitivity of the CO2 estimate to those sources is small,,false,,false,false,,false,added age uncertainties based on power fit on LR04 uncertainties,-16.73972,115.53611
boron_isotopes_sosdian_2018_p1.0.xlsx,all known sources of error have been quantified and/or sensitivity of the CO2 estimate to those sources is small,Boron Proxies,15842.05,79.68,79.68,751.43,644.03,283.79,"Sosdian, S.M., Greenop, R., Hain, M.P., Foster, G.L., Pearson, P.N. and Lear, C.H. (2018) Constraining the evolution of Neogene ocean carbonate chemistry using the boron isotope pH proxy. Earth and Planetary Science Letters 498, 362-376.",10.1016/j.epsl.2018.06.017,true,1,all known sources of error have been quantified and/or sensitivity of the CO2 estimate to those sources is small,,false,,false,false,,false,added age uncertainties based on power fit on LR04 uncertainties,-16.73972,115.53611
boron_isotopes_sosdian_2018_p1.0.xlsx,all known sources of error have been quantified and/or sensitivity of the CO2 estimate to those sources is small,Boron Proxies,15884.24,79.88,79.88,455.88,217.05,147.56,"Sosdian, S.M., Greenop, R., Hain, M.P., Foster, G.L., Pearson, P.N. and Lear, C.H. (2018) Constraining the evolution of Neogene ocean carbonate chemistry using the boron isotope pH proxy. Earth and Planetary Science Letters 498, 362-376.",10.1016/j.epsl.2018.06.017,true,1,all known sources of error have been quantified and/or sensitivity of the CO2 estimate to those sources is small,,false,,false,false,,false,added age uncertainties based on power fit on LR04 uncertainties,-16.73972,115.53611
boron_isotopes_sosdian_2018_p1.0.xlsx,all known sources of error have been quantified and/or sensitivity of the CO2 estimate to those sources is small,Boron Proxies,15898.31,79.95,79.95,483.59,240.49,157.33,"Sosdian, S.M., Greenop, R., Hain, M.P., Foster, G.L., Pearson, P.N. and Lear, C.H. (2018) Constraining the evolution of Neogene ocean carbonate chemistry using the boron isotope pH proxy. Earth and Planetary Science Letters 498, 362-376.",10.1016/j.epsl.2018.06.017,true,1,all known sources of error have been quantified and/or sensitivity of the CO2 estimate to those sources is small,,false,,false,false,,false,added age uncertainties based on power fit on LR04 uncertainties,-16.73972,115.53611
boron_isotopes_sosdian_2018_p1.0.xlsx,all known sources of error have been quantified and/or sensitivity of the CO2 estimate to those sources is small,Boron Proxies,15934.88,80.12,80.12,787.41,507.97,275.95,"Sosdian, S.M., Greenop, R., Hain, M.P., Foster, G.L., Pearson, P.N. and Lear, C.H. (2018) Constraining the evolution of Neogene ocean carbonate chemistry using the boron isotope pH proxy. Earth and Planetary Science Letters 498, 362-376.",10.1016/j.epsl.2018.06.017,true,1,all known sources of error have been quantified and/or sensitivity of the CO2 estimate to those sources is small,,false,,false,false,,false,added age uncertainties based on power fit on LR04 uncertainties,-16.73972,115.53611
boron_isotopes_sosdian_2018_p1.0.xlsx,all known sources of error have been quantified and/or sensitivity of the CO2 estimate to those sources is small,Boron Proxies,15968.63,80.28,80.28,665,355.81,226.13,"Sosdian, S.M., Greenop, R., Hain, M.P., Foster, G.L., Pearson, P.N. and Lear, C.H. (2018) Constraining the evolution of Neogene ocean carbonate chemistry using the boron isotope pH proxy. Earth and Planetary Science Letters 498, 362-376.",10.1016/j.epsl.2018.06.017,true,1,all known sources of error have been quantified and/or sensitivity of the CO2 estimate to those sources is small,,false,,false,false,,false,added age uncertainties based on power fit on LR04 uncertainties,-16.73972,115.53611
boron_isotopes_sosdian_2018_p1.0.xlsx,all known sources of error have been quantified and/or sensitivity of the CO2 estimate to those sources is small,Boron Proxies,16011.51,80.49,80.49,442.59,180.71,136.37,"Sosdian, S.M., Greenop, R., Hain, M.P., Foster, G.L., Pearson, P.N. and Lear, C.H. (2018) Constraining the evolution of Neogene ocean carbonate chemistry using the boron isotope pH proxy. Earth and Planetary Science Letters 498, 362-376.",10.1016/j.epsl.2018.06.017,true,1,all known sources of error have been quantified and/or sensitivity of the CO2 estimate to those sources is small,,false,,false,false,,false,added age uncertainties based on power fit on LR04 uncertainties,-16.73972,115.53611
boron_isotopes_sosdian_2018_p1.0.xlsx,all known sources of error have been quantified and/or sensitivity of the CO2 estimate to those sources is small,Boron Proxies,16039.08,80.62,80.62,449.13,244.49,151.68,"Sosdian, S.M., Greenop, R., Hain, M.P., Foster, G.L., Pearson, P.N. and Lear, C.H. (2018) Constraining the evolution of Neogene ocean carbonate chemistry using the boron isotope pH proxy. Earth and Planetary Science Letters 498, 362-376.",10.1016/j.epsl.2018.06.017,true,1,all known sources of error have been quantified and/or sensitivity of the CO2 estimate to those sources is small,,false,,false,false,,false,added age uncertainties based on power fit on LR04 uncertainties,-16.73972,115.53611
boron_isotopes_sosdian_2018_p1.0.xlsx,all known sources of error have been quantified and/or sensitivity of the CO2 estimate to those sources is small,Boron Proxies,16042.84,80.64,80.64,492.34,229.33,156.03,"Sosdian, S.M., Greenop, R., Hain, M.P., Foster, G.L., Pearson, P.N. and Lear, C.H. (2018) Constraining the evolution of Neogene ocean carbonate chemistry using the boron isotope pH proxy. Earth and Planetary Science Letters 498, 362-376.",10.1016/j.epsl.2018.06.017,true,1,all known sources of error have been quantified and/or sensitivity of the CO2 estimate to those sources is small,,false,,false,false,,false,added age uncertainties based on power fit on LR04 uncertainties,-16.73972,115.53611
boron_isotopes_sosdian_2018_p1.0.xlsx,all known sources of error have been quantified and/or sensitivity of the CO2 estimate to those sources is small,Boron Proxies,16049.1,80.67,80.67,910.53,617.51,325.13,"Sosdian, S.M., Greenop, R., Hain, M.P., Foster, G.L., Pearson, P.N. and Lear, C.H. (2018) Constraining the evolution of Neogene ocean carbonate chemistry using the boron isotope pH proxy. Earth and Planetary Science Letters 498, 362-376.",10.1016/j.epsl.2018.06.017,true,1,all known sources of error have been quantified and/or sensitivity of the CO2 estimate to those sources is small,,false,,false,false,,false,added age uncertainties based on power fit on LR04 uncertainties,-16.73972,115.53611
boron_isotopes_sosdian_2018_p1.0.xlsx,all known sources of error have been quantified and/or sensitivity of the CO2 estimate to those sources is small,Boron Proxies,16055.37,80.7,80.7,501.15,225.86,155.82,"Sosdian, S.M., Greenop, R., Hain, M.P., Foster, G.L., Pearson, P.N. and Lear, C.H. (2018) Constraining the evolution of Neogene ocean carbonate chemistry using the boron isotope pH proxy. Earth and Planetary Science Letters 498, 362-376.",10.1016/j.epsl.2018.06.017,true,1,all known sources of error have been quantified and/or sensitivity of the CO2 estimate to those sources is small,,false,,false,false,,false,added age uncertainties based on power fit on LR04 uncertainties,-16.73972,115.53611
boron_isotopes_sosdian_2018_p1.0.xlsx,all known sources of error have been quantified and/or sensitivity of the CO2 estimate to those sources is small,Boron Proxies,16086.69,80.84,80.84,454.35,195.41,140.74,"Sosdian, S.M., Greenop, R., Hain, M.P., Foster, G.L., Pearson, P.N. and Lear, C.H. (2018) Constraining the evolution of Neogene ocean carbonate chemistry using the boron isotope pH proxy. Earth and Planetary Science Letters 498, 362-376.",10.1016/j.epsl.2018.06.017,true,1,all known sources of error have been quantified and/or sensitivity of the CO2 estimate to those sources is small,,false,,false,false,,false,added age uncertainties based on power fit on LR04 uncertainties,-16.73972,115.53611
boron_isotopes_sosdian_2018_p1.0.xlsx,all known sources of error have been quantified and/or sensitivity of the CO2 estimate to those sources is small,Boron Proxies,16111.75,80.96,80.96,612.2,350.93,209.16,"Sosdian, S.M., Greenop, R., Hain, M.P., Foster, G.L., Pearson, P.N. and Lear, C.H. (2018) Constraining the evolution of Neogene ocean carbonate chemistry using the boron isotope pH proxy. Earth and Planetary Science Letters 498, 362-376.",10.1016/j.epsl.2018.06.017,true,1,all known sources of error have been quantified and/or sensitivity of the CO2 estimate to those sources is small,,false,,false,false,,false,added age uncertainties based on power fit on LR04 uncertainties,-16.73972,115.53611
boron_isotopes_sosdian_2018_p1.0.xlsx,all known sources of error have been quantified and/or sensitivity of the CO2 estimate to those sources is small,Boron Proxies,16124.28,81.02,81.02,481.45,209.26,149.8,"Sosdian, S.M., Greenop, R., Hain, M.P., Foster, G.L., Pearson, P.N. and Lear, C.H. (2018) Constraining the evolution of Neogene ocean carbonate chemistry using the boron isotope pH proxy. Earth and Planetary Science Letters 498, 362-376.",10.1016/j.epsl.2018.06.017,true,1,all known sources of error have been quantified and/or sensitivity of the CO2 estimate to those sources is small,,false,,false,false,,false,added age uncertainties based on power fit on LR04 uncertainties,-16.73972,115.53611
boron_isotopes_sosdian_2018_p1.0.xlsx,all known sources of error have been quantified and/or sensitivity of the CO2 estimate to those sources is small,Boron Proxies,16136.81,81.08,81.08,423.62,188.34,130.71,"Sosdian, S.M., Greenop, R., Hain, M.P., Foster, G.L., Pearson, P.N. and Lear, C.H. (2018) Constraining the evolution of Neogene ocean carbonate chemistry using the boron isotope pH proxy. Earth and Planetary Science Letters 498, 362-376.",10.1016/j.epsl.2018.06.017,true,1,all known sources of error have been quantified and/or sensitivity of the CO2 estimate to those sources is small,,false,,false,false,,false,added age uncertainties based on power fit on LR04 uncertainties,-16.73972,115.53611
boron_isotopes_sosdian_2018_p1.0.xlsx,all known sources of error have been quantified and/or sensitivity of the CO2 estimate to those sources is small,Boron Proxies,16149.34,81.14,81.14,370.75,166.73,116.84,"Sosdian, S.M., Greenop, R., Hain, M.P., Foster, G.L., Pearson, P.N. and Lear, C.H. (2018) Constraining the evolution of Neogene ocean carbonate chemistry using the boron isotope pH proxy. Earth and Planetary Science Letters 498, 362-376.",10.1016/j.epsl.2018.06.017,true,1,all known sources of error have been quantified and/or sensitivity of the CO2 estimate to those sources is small,,false,,false,false,,false,added age uncertainties based on power fit on LR04 uncertainties,-16.73972,115.53611
boron_isotopes_sosdian_2018_p1.0.xlsx,all known sources of error have been quantified and/or sensitivity of the CO2 estimate to those sources is small,Boron Proxies,16161.87,81.2,81.2,713.32,493,261.45,"Sosdian, S.M., Greenop, R., Hain, M.P., Foster, G.L., Pearson, P.N. and Lear, C.H. (2018) Constraining the evolution of Neogene ocean carbonate chemistry using the boron isotope pH proxy. Earth and Planetary Science Letters 498, 362-376.",10.1016/j.epsl.2018.06.017,true,1,all known sources of error have been quantified and/or sensitivity of the CO2 estimate to those sources is small,,false,,false,false,,false,added age uncertainties based on power fit on LR04 uncertainties,-16.73972,115.53611
boron_isotopes_sosdian_2018_p1.0.xlsx,all known sources of error have been quantified and/or sensitivity of the CO2 estimate to those sources is small,Boron Proxies,16174.4,81.26,81.26,430.86,183.93,132.23,"Sosdian, S.M., Greenop, R., Hain, M.P., Foster, G.L., Pearson, P.N. and Lear, C.H. (2018) Constraining the evolution of Neogene ocean carbonate chemistry using the boron isotope pH proxy. Earth and Planetary Science Letters 498, 362-376.",10.1016/j.epsl.2018.06.017,true,1,all known sources of error have been quantified and/or sensitivity of the CO2 estimate to those sources is small,,false,,false,false,,false,added age uncertainties based on power fit on LR04 uncertainties,-16.73972,115.53611
boron_isotopes_sosdian_2018_p1.0.xlsx,all known sources of error have been quantified and/or sensitivity of the CO2 estimate to those sources is small,Boron Proxies,16186.93,81.32,81.32,707.82,402.08,239.87,"Sosdian, S.M., Greenop, R., Hain, M.P., Foster, G.L., Pearson, P.N. and Lear, C.H. (2018) Constraining the evolution of Neogene ocean carbonate chemistry using the boron isotope pH proxy. Earth and Planetary Science Letters 498, 362-376.",10.1016/j.epsl.2018.06.017,true,1,all known sources of error have been quantified and/or sensitivity of the CO2 estimate to those sources is small,,false,,false,false,,false,added age uncertainties based on power fit on LR04 uncertainties,-16.73972,115.53611
boron_isotopes_sosdian_2018_p1.0.xlsx,all known sources of error have been quantified and/or sensitivity of the CO2 estimate to those sources is small,Boron Proxies,16199.46,81.38,81.38,409.46,167.86,123.33,"Sosdian, S.M., Greenop, R., Hain, M.P., Foster, G.L., Pearson, P.N. and Lear, C.H. (2018) Constraining the evolution of Neogene ocean carbonate chemistry using the boron isotope pH proxy. Earth and Planetary Science Letters 498, 362-376.",10.1016/j.epsl.2018.06.017,true,1,all known sources of error have been quantified and/or sensitivity of the CO2 estimate to those sources is small,,false,,false,false,,false,added age uncertainties based on power fit on LR04 uncertainties,-16.73972,115.53611
boron_isotopes_sosdian_2018_p1.0.xlsx,all known sources of error have been quantified and/or sensitivity of the CO2 estimate to those sources is small,Boron Proxies,16211.99,81.44,81.44,756.86,456.3,260.07,"Sosdian, S.M., Greenop, R., Hain, M.P., Foster, G.L., Pearson, P.N. and Lear, C.H. (2018) Constraining the evolution of Neogene ocean carbonate chemistry using the boron isotope pH proxy. Earth and Planetary Science Letters 498, 362-376.",10.1016/j.epsl.2018.06.017,true,1,all known sources of error have been quantified and/or sensitivity of the CO2 estimate to those sources is small,,false,,false,false,,false,added age uncertainties based on power fit on LR04 uncertainties,-16.73972,115.53611
boron_isotopes_sosdian_2018_p1.0.xlsx,all known sources of error have been quantified and/or sensitivity of the CO2 estimate to those sources is small,Boron Proxies,16224.52,81.5,81.5,654.01,338.88,217.57,"Sosdian, S.M., Greenop, R., Hain, M.P., Foster, G.L., Pearson, P.N. and Lear, C.H. (2018) Constraining the evolution of Neogene ocean carbonate chemistry using the boron isotope pH proxy. Earth and Planetary Science Letters 498, 362-376.",10.1016/j.epsl.2018.06.017,true,1,all known sources of error have been quantified and/or sensitivity of the CO2 estimate to those sources is small,,false,,false,false,,false,added age uncertainties based on power fit on LR04 uncertainties,-16.73972,115.53611
boron_isotopes_sosdian_2018_p1.0.xlsx,all known sources of error have been quantified and/or sensitivity of the CO2 estimate to those sources is small,Boron Proxies,16230.79,81.53,81.53,355.84,139.77,106.7,"Sosdian, S.M., Greenop, R., Hain, M.P., Foster, G.L., Pearson, P.N. and Lear, C.H. (2018) Constraining the evolution of Neogene ocean carbonate chemistry using the boron isotope pH proxy. Earth and Planetary Science Letters 498, 362-376.",10.1016/j.epsl.2018.06.017,true,1,all known sources of error have been quantified and/or sensitivity of the CO2 estimate to those sources is small,,false,,false,false,,false,added age uncertainties based on power fit on LR04 uncertainties,-16.73972,115.53611
boron_isotopes_sosdian_2018_p1.0.xlsx,all known sources of error have been quantified and/or sensitivity of the CO2 estimate to those sources is small,Boron Proxies,16249.58,81.62,81.62,782.04,657.05,300.32,"Sosdian, S.M., Greenop, R., Hain, M.P., Foster, G.L., Pearson, P.N. and Lear, C.H. (2018) Constraining the evolution of Neogene ocean carbonate chemistry using the boron isotope pH proxy. Earth and Planetary Science Letters 498, 362-376.",10.1016/j.epsl.2018.06.017,true,1,all known sources of error have been quantified and/or sensitivity of the CO2 estimate to those sources is small,,false,,false,false,,false,added age uncertainties based on power fit on LR04 uncertainties,-16.73972,115.53611
boron_isotopes_sosdian_2018_p1.0.xlsx,all known sources of error have been quantified and/or sensitivity of the CO2 estimate to those sources is small,Boron Proxies,16292.61,81.83,81.83,419.79,175.81,127.17,"Sosdian, S.M., Greenop, R., Hain, M.P., Foster, G.L., Pearson, P.N. and Lear, C.H. (2018) Constraining the evolution of Neogene ocean carbonate chemistry using the boron isotope pH proxy. Earth and Planetary Science Letters 498, 362-376.",10.1016/j.epsl.2018.06.017,true,1,all known sources of error have been quantified and/or sensitivity of the CO2 estimate to those sources is small,,false,,false,false,,false,added age uncertainties based on power fit on LR04 uncertainties,-16.73972,115.53611
boron_isotopes_sosdian_2018_p1.0.xlsx,all known sources of error have been quantified and/or sensitivity of the CO2 estimate to those sources is small,Boron Proxies,16307.28,81.9,81.9,384.24,149.36,113.6,"Sosdian, S.M., Greenop, R., Hain, M.P., Foster, G.L., Pearson, P.N. and Lear, C.H. (2018) Constraining the evolution of Neogene ocean carbonate chemistry using the boron isotope pH proxy. Earth and Planetary Science Letters 498, 362-376.",10.1016/j.epsl.2018.06.017,true,1,all known sources of error have been quantified and/or sensitivity of the CO2 estimate to those sources is small,,false,,false,false,,false,added age uncertainties based on power fit on LR04 uncertainties,-16.73972,115.53611
boron_isotopes_sosdian_2018_p1.0.xlsx,all known sources of error have been quantified and/or sensitivity of the CO2 estimate to those sources is small,Boron Proxies,16317.06,81.94,81.94,370.12,157.84,112.71,"Sosdian, S.M., Greenop, R., Hain, M.P., Foster, G.L., Pearson, P.N. and Lear, C.H. (2018) Constraining the evolution of Neogene ocean carbonate chemistry using the boron isotope pH proxy. Earth and Planetary Science Letters 498, 362-376.",10.1016/j.epsl.2018.06.017,true,1,all known sources of error have been quantified and/or sensitivity of the CO2 estimate to those sources is small,,false,,false,false,,false,added age uncertainties based on power fit on LR04 uncertainties,-16.73972,115.53611
boron_isotopes_sosdian_2018_p1.0.xlsx,all known sources of error have been quantified and/or sensitivity of the CO2 estimate to those sources is small,Boron Proxies,16336.62,82.03,82.03,515.84,244.92,162.52,"Sosdian, S.M., Greenop, R., Hain, M.P., Foster, G.L., Pearson, P.N. and Lear, C.H. (2018) Constraining the evolution of Neogene ocean carbonate chemistry using the boron isotope pH proxy. Earth and Planetary Science Letters 498, 362-376.",10.1016/j.epsl.2018.06.017,true,1,all known sources of error have been quantified and/or sensitivity of the CO2 estimate to those sources is small,,false,,false,false,,false,added age uncertainties based on power fit on LR04 uncertainties,-16.73972,115.53611
boron_isotopes_sosdian_2018_p1.0.xlsx,all known sources of error have been quantified and/or sensitivity of the CO2 estimate to those sources is small,Boron Proxies,16385.52,82.27,82.27,328.3,137.69,102.98,"Sosdian, S.M., Greenop, R., Hain, M.P., Foster, G.L., Pearson, P.N. and Lear, C.H. (2018) Constraining the evolution of Neogene ocean carbonate chemistry using the boron isotope pH proxy. Earth and Planetary Science Letters 498, 362-376.",10.1016/j.epsl.2018.06.017,true,1,all known sources of error have been quantified and/or sensitivity of the CO2 estimate to those sources is small,,false,,false,false,,false,added age uncertainties based on power fit on LR04 uncertainties,-16.73972,115.53611
boron_isotopes_sosdian_2018_p1.0.xlsx,all known sources of error have been quantified and/or sensitivity of the CO2 estimate to those sources is small,Boron Proxies,16484,82.74,82.74,392.69,165.03,119.94,"Sosdian, S.M., Greenop, R., Hain, M.P., Foster, G.L., Pearson, P.N. and Lear, C.H. (2018) Constraining the evolution of Neogene ocean carbonate chemistry using the boron isotope pH proxy. Earth and Planetary Science Letters 498, 362-376.",10.1016/j.epsl.2018.06.017,true,1,all known sources of error have been quantified and/or sensitivity of the CO2 estimate to those sources is small,,false,,false,false,,false,added age uncertainties based on power fit on LR04 uncertainties,-16.73972,115.53611
boron_isotopes_sosdian_2018_p1.0.xlsx,all known sources of error have been quantified and/or sensitivity of the CO2 estimate to those sources is small,Boron Proxies,12374.58,63.04,63.04,338.74,125.18,94.8,"Sosdian, S.M., Greenop, R., Hain, M.P., Foster, G.L., Pearson, P.N. and Lear, C.H. (2018) Constraining the evolution of Neogene ocean carbonate chemistry using the boron isotope pH proxy. Earth and Planetary Science Letters 498, 362-376.",10.1016/j.epsl.2018.06.017,true,1,all known sources of error have been quantified and/or sensitivity of the CO2 estimate to those sources is small,,false,,false,false,,false,added age uncertainties based on power fit on LR04 uncertainties,-16.74,115.536
boron_isotopes_sosdian_2018_p1.0.xlsx,all known sources of error have been quantified and/or sensitivity of the CO2 estimate to those sources is small,Boron Proxies,12774.05,64.97,64.97,388.96,149.47,113.58,"Sosdian, S.M., Greenop, R., Hain, M.P., Foster, G.L., Pearson, P.N. and Lear, C.H. (2018) Constraining the evolution of Neogene ocean carbonate chemistry using the boron isotope pH proxy. Earth and Planetary Science Letters 498, 362-376.",10.1016/j.epsl.2018.06.017,true,1,all known sources of error have been quantified and/or sensitivity of the CO2 estimate to those sources is small,,false,,false,false,,false,added age uncertainties based on power fit on LR04 uncertainties,-16.74,115.536
boron_isotopes_sosdian_2018_p1.0.xlsx,all known sources of error have been quantified and/or sensitivity of the CO2 estimate to those sources is small,Boron Proxies,13224.38,67.14,67.14,421.89,171.47,123.05,"Sosdian, S.M., Greenop, R., Hain, M.P., Foster, G.L., Pearson, P.N. and Lear, C.H. (2018) Constraining the evolution of Neogene ocean carbonate chemistry using the boron isotope pH proxy. Earth and Planetary Science Letters 498, 362-376.",10.1016/j.epsl.2018.06.017,true,1,all known sources of error have been quantified and/or sensitivity of the CO2 estimate to those sources is small,,false,,false,false,,false,added age uncertainties based on power fit on LR04 uncertainties,-16.74,115.536
boron_isotopes_sosdian_2018_p1.0.xlsx,all known sources of error have been quantified and/or sensitivity of the CO2 estimate to those sources is small,Boron Proxies,13385,67.91,67.91,418.49,169.21,122.57,"Sosdian, S.M., Greenop, R., Hain, M.P., Foster, G.L., Pearson, P.N. and Lear, C.H. (2018) Constraining the evolution of Neogene ocean carbonate chemistry using the boron isotope pH proxy. Earth and Planetary Science Letters 498, 362-376.",10.1016/j.epsl.2018.06.017,true,1,all known sources of error have been quantified and/or sensitivity of the CO2 estimate to those sources is small,,false,,false,false,,false,added age uncertainties based on power fit on LR04 uncertainties,-16.74,115.536
boron_isotopes_sosdian_2018_p1.0.xlsx,all known sources of error have been quantified and/or sensitivity of the CO2 estimate to those sources is small,Boron Proxies,13535,68.63,68.63,412.3,166.06,122.34,"Sosdian, S.M., Greenop, R., Hain, M.P., Foster, G.L., Pearson, P.N. and Lear, C.H. (2018) Constraining the evolution of Neogene ocean carbonate chemistry using the boron isotope pH proxy. Earth and Planetary Science Letters 498, 362-376.",10.1016/j.epsl.2018.06.017,true,1,all known sources of error have been quantified and/or sensitivity of the CO2 estimate to those sources is small,,false,,false,false,,false,added age uncertainties based on power fit on LR04 uncertainties,-16.74,115.536
boron_isotopes_sosdian_2018_p1.0.xlsx,all known sources of error have been quantified and/or sensitivity of the CO2 estimate to those sources is small,Boron Proxies,13610,68.99,68.99,439.68,184.8,129.02,"Sosdian, S.M., Greenop, R., Hain, M.P., Foster, G.L., Pearson, P.N. and Lear, C.H. (2018) Constraining the evolution of Neogene ocean carbonate chemistry using the boron isotope pH proxy. Earth and Planetary Science Letters 498, 362-376.",10.1016/j.epsl.2018.06.017,true,1,all known sources of error have been quantified and/or sensitivity of the CO2 estimate to those sources is small,,false,,false,false,,false,added age uncertainties based on power fit on LR04 uncertainties,-16.74,115.536
boron_isotopes_sosdian_2018_p1.0.xlsx,all known sources of error have been quantified and/or sensitivity of the CO2 estimate to those sources is small,Boron Proxies,13870.52,70.24,70.24,456.39,193.93,138.14,"Sosdian, S.M., Greenop, R., Hain, M.P., Foster, G.L., Pearson, P.N. and Lear, C.H. (2018) Constraining the evolution of Neogene ocean carbonate chemistry using the boron isotope pH proxy. Earth and Planetary Science Letters 498, 362-376.",10.1016/j.epsl.2018.06.017,true,1,all known sources of error have been quantified and/or sensitivity of the CO2 estimate to those sources is small,,false,,false,false,,false,added age uncertainties based on power fit on LR04 uncertainties,-16.74,115.536
boron_isotopes_sosdian_2018_p1.0.xlsx,all known sources of error have been quantified and/or sensitivity of the CO2 estimate to those sources is small,Boron Proxies,13936.65,70.56,70.56,462.73,194,140.1,"Sosdian, S.M., Greenop, R., Hain, M.P., Foster, G.L., Pearson, P.N. and Lear, C.H. (2018) Constraining the evolution of Neogene ocean carbonate chemistry using the boron isotope pH proxy. Earth and Planetary Science Letters 498, 362-376.",10.1016/j.epsl.2018.06.017,true,1,all known sources of error have been quantified and/or sensitivity of the CO2 estimate to those sources is small,,false,,false,false,,false,added age uncertainties based on power fit on LR04 uncertainties,-16.74,115.536
boron_isotopes_sosdian_2018_p1.0.xlsx,all known sources of error have been quantified and/or sensitivity of the CO2 estimate to those sources is small,Boron Proxies,14184.22,71.75,71.75,632.88,331.54,206.45,"Sosdian, S.M., Greenop, R., Hain, M.P., Foster, G.L., Pearson, P.N. and Lear, C.H. (2018) Constraining the evolution of Neogene ocean carbonate chemistry using the boron isotope pH proxy. Earth and Planetary Science Letters 498, 362-376.",10.1016/j.epsl.2018.06.017,true,1,all known sources of error have been quantified and/or sensitivity of the CO2 estimate to those sources is small,,false,,false,false,,false,added age uncertainties based on power fit on LR04 uncertainties,-16.74,115.536
boron_isotopes_sosdian_2018_p1.0.xlsx,all known sources of error have been quantified and/or sensitivity of the CO2 estimate to those sources is small,Boron Proxies,15136.56,76.31,76.31,547.35,272.76,174.61,"Sosdian, S.M., Greenop, R., Hain, M.P., Foster, G.L., Pearson, P.N. and Lear, C.H. (2018) Constraining the evolution of Neogene ocean carbonate chemistry using the boron isotope pH proxy. Earth and Planetary Science Letters 498, 362-376.",10.1016/j.epsl.2018.06.017,true,1,all known sources of error have been quantified and/or sensitivity of the CO2 estimate to those sources is small,,false,,false,false,,false,added age uncertainties based on power fit on LR04 uncertainties,-16.74,115.536
boron_isotopes_sosdian_2018_p1.0.xlsx,all known sources of error have been quantified and/or sensitivity of the CO2 estimate to those sources is small,Boron Proxies,15670.94,78.86,78.86,490.48,222.05,149.84,"Sosdian, S.M., Greenop, R., Hain, M.P., Foster, G.L., Pearson, P.N. and Lear, C.H. (2018) Constraining the evolution of Neogene ocean carbonate chemistry using the boron isotope pH proxy. Earth and Planetary Science Letters 498, 362-376.",10.1016/j.epsl.2018.06.017,true,1,all known sources of error have been quantified and/or sensitivity of the CO2 estimate to those sources is small,,false,,false,false,,false,added age uncertainties based on power fit on LR04 uncertainties,-16.74,115.536
boron_isotopes_sosdian_2018_p1.0.xlsx,all known sources of error have been quantified and/or sensitivity of the CO2 estimate to those sources is small,Boron Proxies,15994.38,80.4,80.4,642.63,353.8,214.22,"Sosdian, S.M., Greenop, R., Hain, M.P., Foster, G.L., Pearson, P.N. and Lear, C.H. (2018) Constraining the evolution of Neogene ocean carbonate chemistry using the boron isotope pH proxy. Earth and Planetary Science Letters 498, 362-376.",10.1016/j.epsl.2018.06.017,true,1,all known sources of error have been quantified and/or sensitivity of the CO2 estimate to those sources is small,,false,,false,false,,false,added age uncertainties based on power fit on LR04 uncertainties,-16.74,115.536
boron_isotopes_sosdian_2018_p1.0.xlsx,all known sources of error have been quantified and/or sensitivity of the CO2 estimate to those sources is small,Boron Proxies,16220,81.48,81.48,369.71,145.98,111.66,"Sosdian, S.M., Greenop, R., Hain, M.P., Foster, G.L., Pearson, P.N. and Lear, C.H. (2018) Constraining the evolution of Neogene ocean carbonate chemistry using the boron isotope pH proxy. Earth and Planetary Science Letters 498, 362-376.",10.1016/j.epsl.2018.06.017,true,1,all known sources of error have been quantified and/or sensitivity of the CO2 estimate to those sources is small,,false,,false,false,,false,added age uncertainties based on power fit on LR04 uncertainties,-16.74,115.536
boron_isotopes_sosdian_2018_p1.0.xlsx,all known sources of error have been quantified and/or sensitivity of the CO2 estimate to those sources is small,Boron Proxies,11697.87,59.77,59.77,445.73,189.17,131.96,"Sosdian, S.M., Greenop, R., Hain, M.P., Foster, G.L., Pearson, P.N. and Lear, C.H. (2018) Constraining the evolution of Neogene ocean carbonate chemistry using the boron isotope pH proxy. Earth and Planetary Science Letters 498, 362-376.",10.1016/j.epsl.2018.06.017,true,1,all known sources of error have been quantified and/or sensitivity of the CO2 estimate to those sources is small,,false,,false,false,,false,added age uncertainties based on power fit on LR04 uncertainties,-16.74,115.536
boron_isotopes_sosdian_2018_p1.0.xlsx,all known sources of error have been quantified and/or sensitivity of the CO2 estimate to those sources is small,Boron Proxies,13763.13,69.73,69.73,402.12,156.1,119.49,"Sosdian, S.M., Greenop, R., Hain, M.P., Foster, G.L., Pearson, P.N. and Lear, C.H. (2018) Constraining the evolution of Neogene ocean carbonate chemistry using the boron isotope pH proxy. Earth and Planetary Science Letters 498, 362-376.",10.1016/j.epsl.2018.06.017,true,1,all known sources of error have been quantified and/or sensitivity of the CO2 estimate to those sources is small,,false,,false,false,,false,added age uncertainties based on power fit on LR04 uncertainties,-16.74,115.536
boron_isotopes_sosdian_2018_p1.0.xlsx,all known sources of error have been quantified and/or sensitivity of the CO2 estimate to those sources is small,Boron Proxies,15838.07,79.66,79.66,575.31,281.01,182.97,"Sosdian, S.M., Greenop, R., Hain, M.P., Foster, G.L., Pearson, P.N. and Lear, C.H. (2018) Constraining the evolution of Neogene ocean carbonate chemistry using the boron isotope pH proxy. Earth and Planetary Science Letters 498, 362-376.",10.1016/j.epsl.2018.06.017,true,1,all known sources of error have been quantified and/or sensitivity of the CO2 estimate to those sources is small,,false,,false,false,,false,added age uncertainties based on power fit on LR04 uncertainties,-16.74,115.536
boron_isotopes_sosdian_2018_p1.0.xlsx,all known sources of error have been quantified and/or sensitivity of the CO2 estimate to those sources is small,Boron Proxies,3.91,4,4,273.9,23.53,22.36,"Sosdian, S.M., Greenop, R., Hain, M.P., Foster, G.L., Pearson, P.N. and Lear, C.H. (2018) Constraining the evolution of Neogene ocean carbonate chemistry using the boron isotope pH proxy. Earth and Planetary Science Letters 498, 362-376.",10.1016/j.epsl.2018.06.017,true,1,all known sources of error have been quantified and/or sensitivity of the CO2 estimate to those sources is small,,false,,false,false,,false,added age uncertainties based on LR04,12.74,-78.74
boron_isotopes_sosdian_2018_p1.0.xlsx,all known sources of error have been quantified and/or sensitivity of the CO2 estimate to those sources is small,Boron Proxies,4.63,4,4,263.06,21.03,19.25,"Sosdian, S.M., Greenop, R., Hain, M.P., Foster, G.L., Pearson, P.N. and Lear, C.H. (2018) Constraining the evolution of Neogene ocean carbonate chemistry using the boron isotope pH proxy. Earth and Planetary Science Letters 498, 362-376.",10.1016/j.epsl.2018.06.017,true,1,all known sources of error have been quantified and/or sensitivity of the CO2 estimate to those sources is small,,false,,false,false,,false,added age uncertainties based on LR04,12.74,-78.74
boron_isotopes_sosdian_2018_p1.0.xlsx,all known sources of error have been quantified and/or sensitivity of the CO2 estimate to those sources is small,Boron Proxies,5.02,4,4,281.14,23.64,22.57,"Sosdian, S.M., Greenop, R., Hain, M.P., Foster, G.L., Pearson, P.N. and Lear, C.H. (2018) Constraining the evolution of Neogene ocean carbonate chemistry using the boron isotope pH proxy. Earth and Planetary Science Letters 498, 362-376.",10.1016/j.epsl.2018.06.017,true,1,all known sources of error have been quantified and/or sensitivity of the CO2 estimate to those sources is small,,false,,false,false,,false,added age uncertainties based on LR04,12.74,-78.74
boron_isotopes_sosdian_2018_p1.0.xlsx,all known sources of error have been quantified and/or sensitivity of the CO2 estimate to those sources is small,Boron Proxies,7.82,4,4,258.56,22.67,21.23,"Sosdian, S.M., Greenop, R., Hain, M.P., Foster, G.L., Pearson, P.N. and Lear, C.H. (2018) Constraining the evolution of Neogene ocean carbonate chemistry using the boron isotope pH proxy. Earth and Planetary Science Letters 498, 362-376.",10.1016/j.epsl.2018.06.017,true,1,all known sources of error have been quantified and/or sensitivity of the CO2 estimate to those sources is small,,false,,false,false,,false,added age uncertainties based on LR04,12.74,-78.74
boron_isotopes_sosdian_2018_p1.0.xlsx,all known sources of error have been quantified and/or sensitivity of the CO2 estimate to those sources is small,Boron Proxies,7.82,4,4,268.58,24.88,22.23,"Sosdian, S.M., Greenop, R., Hain, M.P., Foster, G.L., Pearson, P.N. and Lear, C.H. (2018) Constraining the evolution of Neogene ocean carbonate chemistry using the boron isotope pH proxy. Earth and Planetary Science Letters 498, 362-376.",10.1016/j.epsl.2018.06.017,true,1,all known sources of error have been quantified and/or sensitivity of the CO2 estimate to those sources is small,,false,,false,false,,false,added age uncertainties based on LR04,12.74,-78.74
boron_isotopes_sosdian_2018_p1.0.xlsx,all known sources of error have been quantified and/or sensitivity of the CO2 estimate to those sources is small,Boron Proxies,9.49,4,4,266.08,23.1,21.82,"Sosdian, S.M., Greenop, R., Hain, M.P., Foster, G.L., Pearson, P.N. and Lear, C.H. (2018) Constraining the evolution of Neogene ocean carbonate chemistry using the boron isotope pH proxy. Earth and Planetary Science Letters 498, 362-376.",10.1016/j.epsl.2018.06.017,true,1,all known sources of error have been quantified and/or sensitivity of the CO2 estimate to those sources is small,,false,,false,false,,false,added age uncertainties based on LR04,12.74,-78.74
boron_isotopes_sosdian_2018_p1.0.xlsx,all known sources of error have been quantified and/or sensitivity of the CO2 estimate to those sources is small,Boron Proxies,10.32,4,4,240.79,22.81,21.49,"Sosdian, S.M., Greenop, R., Hain, M.P., Foster, G.L., Pearson, P.N. and Lear, C.H. (2018) Constraining the evolution of Neogene ocean carbonate chemistry using the boron isotope pH proxy. Earth and Planetary Science Letters 498, 362-376.",10.1016/j.epsl.2018.06.017,true,1,all known sources of error have been quantified and/or sensitivity of the CO2 estimate to those sources is small,,false,,false,false,,false,added age uncertainties based on LR04,12.74,-78.74
boron_isotopes_sosdian_2018_p1.0.xlsx,all known sources of error have been quantified and/or sensitivity of the CO2 estimate to those sources is small,Boron Proxies,11.65,4,4,256.26,22.78,21.64,"Sosdian, S.M., Greenop, R., Hain, M.P., Foster, G.L., Pearson, P.N. and Lear, C.H. (2018) Constraining the evolution of Neogene ocean carbonate chemistry using the boron isotope pH proxy. Earth and Planetary Science Letters 498, 362-376.",10.1016/j.epsl.2018.06.017,true,1,all known sources of error have been quantified and/or sensitivity of the CO2 estimate to those sources is small,,false,,false,false,,false,added age uncertainties based on LR04,12.74,-78.74
boron_isotopes_sosdian_2018_p1.0.xlsx,all known sources of error have been quantified and/or sensitivity of the CO2 estimate to those sources is small,Boron Proxies,14.01,4,4,234.32,20.44,18.77,"Sosdian, S.M., Greenop, R., Hain, M.P., Foster, G.L., Pearson, P.N. and Lear, C.H. (2018) Constraining the evolution of Neogene ocean carbonate chemistry using the boron isotope pH proxy. Earth and Planetary Science Letters 498, 362-376.",10.1016/j.epsl.2018.06.017,true,1,all known sources of error have been quantified and/or sensitivity of the CO2 estimate to those sources is small,,false,,false,false,,false,added age uncertainties based on LR04,12.74,-78.74
boron_isotopes_sosdian_2018_p1.0.xlsx,all known sources of error have been quantified and/or sensitivity of the CO2 estimate to those sources is small,Boron Proxies,15.07,4,4,231.41,20.27,18.71,"Sosdian, S.M., Greenop, R., Hain, M.P., Foster, G.L., Pearson, P.N. and Lear, C.H. (2018) Constraining the evolution of Neogene ocean carbonate chemistry using the boron isotope pH proxy. Earth and Planetary Science Letters 498, 362-376.",10.1016/j.epsl.2018.06.017,true,1,all known sources of error have been quantified and/or sensitivity of the CO2 estimate to those sources is small,,false,,false,false,,false,added age uncertainties based on LR04,12.74,-78.74
boron_isotopes_sosdian_2018_p1.0.xlsx,all known sources of error have been quantified and/or sensitivity of the CO2 estimate to those sources is small,Boron Proxies,15.07,4,4,220.22,19.35,18.31,"Sosdian, S.M., Greenop, R., Hain, M.P., Foster, G.L., Pearson, P.N. and Lear, C.H. (2018) Constraining the evolution of Neogene ocean carbonate chemistry using the boron isotope pH proxy. Earth and Planetary Science Letters 498, 362-376.",10.1016/j.epsl.2018.06.017,true,1,all known sources of error have been quantified and/or sensitivity of the CO2 estimate to those sources is small,,false,,false,false,,false,added age uncertainties based on LR04,12.74,-78.74
boron_isotopes_sosdian_2018_p1.0.xlsx,all known sources of error have been quantified and/or sensitivity of the CO2 estimate to those sources is small,Boron Proxies,17.26,4,4,223.23,19.11,17.48,"Sosdian, S.M., Greenop, R., Hain, M.P., Foster, G.L., Pearson, P.N. and Lear, C.H. (2018) Constraining the evolution of Neogene ocean carbonate chemistry using the boron isotope pH proxy. Earth and Planetary Science Letters 498, 362-376.",10.1016/j.epsl.2018.06.017,true,1,all known sources of error have been quantified and/or sensitivity of the CO2 estimate to those sources is small,,false,,false,false,,false,added age uncertainties based on LR04,12.74,-78.74
boron_isotopes_sosdian_2018_p1.0.xlsx,all known sources of error have been quantified and/or sensitivity of the CO2 estimate to those sources is small,Boron Proxies,19.19,4,4,166.36,15.32,14.08,"Sosdian, S.M., Greenop, R., Hain, M.P., Foster, G.L., Pearson, P.N. and Lear, C.H. (2018) Constraining the evolution of Neogene ocean carbonate chemistry using the boron isotope pH proxy. Earth and Planetary Science Letters 498, 362-376.",10.1016/j.epsl.2018.06.017,true,1,all known sources of error have been quantified and/or sensitivity of the CO2 estimate to those sources is small,,false,,false,false,,false,added age uncertainties based on LR04,12.74,-78.74
boron_isotopes_sosdian_2018_p1.0.xlsx,all known sources of error have been quantified and/or sensitivity of the CO2 estimate to those sources is small,Boron Proxies,21.12,4,4,201.25,16.66,15.53,"Sosdian, S.M., Greenop, R., Hain, M.P., Foster, G.L., Pearson, P.N. and Lear, C.H. (2018) Constraining the evolution of Neogene ocean carbonate chemistry using the boron isotope pH proxy. Earth and Planetary Science Letters 498, 362-376.",10.1016/j.epsl.2018.06.017,true,1,all known sources of error have been quantified and/or sensitivity of the CO2 estimate to those sources is small,,false,,false,false,,false,added age uncertainties based on LR04,12.74,-78.74
boron_isotopes_sosdian_2018_p1.0.xlsx,all known sources of error have been quantified and/or sensitivity of the CO2 estimate to those sources is small,Boron Proxies,22.61,4,4,203.9,17.34,16.33,"Sosdian, S.M., Greenop, R., Hain, M.P., Foster, G.L., Pearson, P.N. and Lear, C.H. (2018) Constraining the evolution of Neogene ocean carbonate chemistry using the boron isotope pH proxy. Earth and Planetary Science Letters 498, 362-376.",10.1016/j.epsl.2018.06.017,true,1,all known sources of error have been quantified and/or sensitivity of the CO2 estimate to those sources is small,,false,,false,false,,false,added age uncertainties based on LR04,12.74,-78.74
boron_isotopes_sosdian_2018_p1.0.xlsx,all known sources of error have been quantified and/or sensitivity of the CO2 estimate to those sources is small,Boron Proxies,24.38,4,4,183.92,15.42,14.47,"Sosdian, S.M., Greenop, R., Hain, M.P., Foster, G.L., Pearson, P.N. and Lear, C.H. (2018) Constraining the evolution of Neogene ocean carbonate chemistry using the boron isotope pH proxy. Earth and Planetary Science Letters 498, 362-376.",10.1016/j.epsl.2018.06.017,true,1,all known sources of error have been quantified and/or sensitivity of the CO2 estimate to those sources is small,,false,,false,false,,false,added age uncertainties based on LR04,12.74,-78.74
boron_isotopes_sosdian_2018_p1.0.xlsx,all known sources of error have been quantified and/or sensitivity of the CO2 estimate to those sources is small,Boron Proxies,25.51,4,4,175.55,16.82,15.92,"Sosdian, S.M., Greenop, R., Hain, M.P., Foster, G.L., Pearson, P.N. and Lear, C.H. (2018) Constraining the evolution of Neogene ocean carbonate chemistry using the boron isotope pH proxy. Earth and Planetary Science Letters 498, 362-376.",10.1016/j.epsl.2018.06.017,true,1,all known sources of error have been quantified and/or sensitivity of the CO2 estimate to those sources is small,,false,,false,false,,false,added age uncertainties based on LR04,12.74,-78.74
boron_isotopes_sosdian_2018_p1.0.xlsx,all known sources of error have been quantified and/or sensitivity of the CO2 estimate to those sources is small,Boron Proxies,25.51,4,4,170.91,14.94,13.68,"Sosdian, S.M., Greenop, R., Hain, M.P., Foster, G.L., Pearson, P.N. and Lear, C.H. (2018) Constraining the evolution of Neogene ocean carbonate chemistry using the boron isotope pH proxy. Earth and Planetary Science Letters 498, 362-376.",10.1016/j.epsl.2018.06.017,true,1,all known sources of error have been quantified and/or sensitivity of the CO2 estimate to those sources is small,,false,,false,false,,false,added age uncertainties based on LR04,12.74,-78.74
boron_isotopes_sosdian_2018_p1.0.xlsx,all known sources of error have been quantified and/or sensitivity of the CO2 estimate to those sources is small,Boron Proxies,35.82,4,4,214.42,18.77,17.43,"Sosdian, S.M., Greenop, R., Hain, M.P., Foster, G.L., Pearson, P.N. and Lear, C.H. (2018) Constraining the evolution of Neogene ocean carbonate chemistry using the boron isotope pH proxy. Earth and Planetary Science Letters 498, 362-376.",10.1016/j.epsl.2018.06.017,true,1,all known sources of error have been quantified and/or sensitivity of the CO2 estimate to those sources is small,,false,,false,false,,false,added age uncertainties based on LR04,12.74,-78.74
boron_isotopes_sosdian_2018_p1.0.xlsx,all known sources of error have been quantified and/or sensitivity of the CO2 estimate to those sources is small,Boron Proxies,46.61,4,4,210.31,17.71,16.86,"Sosdian, S.M., Greenop, R., Hain, M.P., Foster, G.L., Pearson, P.N. and Lear, C.H. (2018) Constraining the evolution of Neogene ocean carbonate chemistry using the boron isotope pH proxy. Earth and Planetary Science Letters 498, 362-376.",10.1016/j.epsl.2018.06.017,true,1,all known sources of error have been quantified and/or sensitivity of the CO2 estimate to those sources is small,,false,,false,false,,false,added age uncertainties based on LR04,12.74,-78.74
boron_isotopes_sosdian_2018_p1.0.xlsx,all known sources of error have been quantified and/or sensitivity of the CO2 estimate to those sources is small,Boron Proxies,52.14,4,4,200.68,18.37,16.96,"Sosdian, S.M., Greenop, R., Hain, M.P., Foster, G.L., Pearson, P.N. and Lear, C.H. (2018) Constraining the evolution of Neogene ocean carbonate chemistry using the boron isotope pH proxy. Earth and Planetary Science Letters 498, 362-376.",10.1016/j.epsl.2018.06.017,true,1,all known sources of error have been quantified and/or sensitivity of the CO2 estimate to those sources is small,,false,,false,false,,false,added age uncertainties based on LR04,12.74,-78.74
boron_isotopes_sosdian_2018_p1.0.xlsx,all known sources of error have been quantified and/or sensitivity of the CO2 estimate to those sources is small,Boron Proxies,61.28,4,4,201.4,21.11,18.8,"Sosdian, S.M., Greenop, R., Hain, M.P., Foster, G.L., Pearson, P.N. and Lear, C.H. (2018) Constraining the evolution of Neogene ocean carbonate chemistry using the boron isotope pH proxy. Earth and Planetary Science Letters 498, 362-376.",10.1016/j.epsl.2018.06.017,true,1,all known sources of error have been quantified and/or sensitivity of the CO2 estimate to those sources is small,,false,,false,false,,false,added age uncertainties based on LR04,12.74,-78.74
boron_isotopes_sosdian_2018_p1.0.xlsx,all known sources of error have been quantified and/or sensitivity of the CO2 estimate to those sources is small,Boron Proxies,77.3,4,4,236.93,21.44,19.73,"Sosdian, S.M., Greenop, R., Hain, M.P., Foster, G.L., Pearson, P.N. and Lear, C.H. (2018) Constraining the evolution of Neogene ocean carbonate chemistry using the boron isotope pH proxy. Earth and Planetary Science Letters 498, 362-376.",10.1016/j.epsl.2018.06.017,true,1,all known sources of error have been quantified and/or sensitivity of the CO2 estimate to those sources is small,,false,,false,false,,false,added age uncertainties based on LR04,12.74,-78.74
boron_isotopes_sosdian_2018_p1.0.xlsx,all known sources of error have been quantified and/or sensitivity of the CO2 estimate to those sources is small,Boron Proxies,84.33,4,4,238.18,23.09,21.54,"Sosdian, S.M., Greenop, R., Hain, M.P., Foster, G.L., Pearson, P.N. and Lear, C.H. (2018) Constraining the evolution of Neogene ocean carbonate chemistry using the boron isotope pH proxy. Earth and Planetary Science Letters 498, 362-376.",10.1016/j.epsl.2018.06.017,true,1,all known sources of error have been quantified and/or sensitivity of the CO2 estimate to those sources is small,,false,,false,false,,false,added age uncertainties based on LR04,12.74,-78.74
boron_isotopes_sosdian_2018_p1.0.xlsx,all known sources of error have been quantified and/or sensitivity of the CO2 estimate to those sources is small,Boron Proxies,89.11,4,4,263.21,23.69,21.81,"Sosdian, S.M., Greenop, R., Hain, M.P., Foster, G.L., Pearson, P.N. and Lear, C.H. (2018) Constraining the evolution of Neogene ocean carbonate chemistry using the boron isotope pH proxy. Earth and Planetary Science Letters 498, 362-376.",10.1016/j.epsl.2018.06.017,true,1,all known sources of error have been quantified and/or sensitivity of the CO2 estimate to those sources is small,,false,,false,false,,false,added age uncertainties based on LR04,12.74,-78.74
boron_isotopes_sosdian_2018_p1.0.xlsx,all known sources of error have been quantified and/or sensitivity of the CO2 estimate to those sources is small,Boron Proxies,100.36,4,4,272.11,26.49,24.54,"Sosdian, S.M., Greenop, R., Hain, M.P., Foster, G.L., Pearson, P.N. and Lear, C.H. (2018) Constraining the evolution of Neogene ocean carbonate chemistry using the boron isotope pH proxy. Earth and Planetary Science Letters 498, 362-376.",10.1016/j.epsl.2018.06.017,true,1,all known sources of error have been quantified and/or sensitivity of the CO2 estimate to those sources is small,,false,,false,false,,false,added age uncertainties based on LR04,12.74,-78.74
boron_isotopes_sosdian_2018_p1.0.xlsx,all known sources of error have been quantified and/or sensitivity of the CO2 estimate to those sources is small,Boron Proxies,106.12,4,4,250.38,23.26,22.14,"Sosdian, S.M., Greenop, R., Hain, M.P., Foster, G.L., Pearson, P.N. and Lear, C.H. (2018) Constraining the evolution of Neogene ocean carbonate chemistry using the boron isotope pH proxy. Earth and Planetary Science Letters 498, 362-376.",10.1016/j.epsl.2018.06.017,true,1,all known sources of error have been quantified and/or sensitivity of the CO2 estimate to those sources is small,,false,,false,false,,false,added age uncertainties based on LR04,12.74,-78.74
boron_isotopes_sosdian_2018_p1.0.xlsx,all known sources of error have been quantified and/or sensitivity of the CO2 estimate to those sources is small,Boron Proxies,111.32,4,4,276.43,26.06,24.78,"Sosdian, S.M., Greenop, R., Hain, M.P., Foster, G.L., Pearson, P.N. and Lear, C.H. (2018) Constraining the evolution of Neogene ocean carbonate chemistry using the boron isotope pH proxy. Earth and Planetary Science Letters 498, 362-376.",10.1016/j.epsl.2018.06.017,true,1,all known sources of error have been quantified and/or sensitivity of the CO2 estimate to those sources is small,,false,,false,false,,false,added age uncertainties based on LR04,12.74,-78.74
boron_isotopes_sosdian_2018_p1.0.xlsx,all known sources of error have been quantified and/or sensitivity of the CO2 estimate to those sources is small,Boron Proxies,116.82,4,4,305.46,33.86,31.22,"Sosdian, S.M., Greenop, R., Hain, M.P., Foster, G.L., Pearson, P.N. and Lear, C.H. (2018) Constraining the evolution of Neogene ocean carbonate chemistry using the boron isotope pH proxy. Earth and Planetary Science Letters 498, 362-376.",10.1016/j.epsl.2018.06.017,true,1,all known sources of error have been quantified and/or sensitivity of the CO2 estimate to those sources is small,,false,,false,false,,false,added age uncertainties based on LR04,12.74,-78.74
boron_isotopes_sosdian_2018_p1.0.xlsx,all known sources of error have been quantified and/or sensitivity of the CO2 estimate to those sources is small,Boron Proxies,118.81,4,4,320.92,36.9,32.22,"Sosdian, S.M., Greenop, R., Hain, M.P., Foster, G.L., Pearson, P.N. and Lear, C.H. (2018) Constraining the evolution of Neogene ocean carbonate chemistry using the boron isotope pH proxy. Earth and Planetary Science Letters 498, 362-376.",10.1016/j.epsl.2018.06.017,true,1,all known sources of error have been quantified and/or sensitivity of the CO2 estimate to those sources is small,,false,,false,false,,false,added age uncertainties based on LR04,12.74,-78.74
boron_isotopes_sosdian_2018_p1.0.xlsx,all known sources of error have been quantified and/or sensitivity of the CO2 estimate to those sources is small,Boron Proxies,119.06,4,4,297.43,31.52,28.12,"Sosdian, S.M., Greenop, R., Hain, M.P., Foster, G.L., Pearson, P.N. and Lear, C.H. (2018) Constraining the evolution of Neogene ocean carbonate chemistry using the boron isotope pH proxy. Earth and Planetary Science Letters 498, 362-376.",10.1016/j.epsl.2018.06.017,true,1,all known sources of error have been quantified and/or sensitivity of the CO2 estimate to those sources is small,,false,,false,false,,false,added age uncertainties based on LR04,12.74,-78.74
boron_isotopes_sosdian_2018_p1.0.xlsx,all known sources of error have been quantified and/or sensitivity of the CO2 estimate to those sources is small,Boron Proxies,121.79,4,4,331.35,30.16,28.43,"Sosdian, S.M., Greenop, R., Hain, M.P., Foster, G.L., Pearson, P.N. and Lear, C.H. (2018) Constraining the evolution of Neogene ocean carbonate chemistry using the boron isotope pH proxy. Earth and Planetary Science Letters 498, 362-376.",10.1016/j.epsl.2018.06.017,true,1,all known sources of error have been quantified and/or sensitivity of the CO2 estimate to those sources is small,,false,,false,false,,false,added age uncertainties based on LR04,12.74,-78.74
boron_isotopes_sosdian_2018_p1.0.xlsx,all known sources of error have been quantified and/or sensitivity of the CO2 estimate to those sources is small,Boron Proxies,123.77,4,4,267.19,23.67,21.98,"Sosdian, S.M., Greenop, R., Hain, M.P., Foster, G.L., Pearson, P.N. and Lear, C.H. (2018) Constraining the evolution of Neogene ocean carbonate chemistry using the boron isotope pH proxy. Earth and Planetary Science Letters 498, 362-376.",10.1016/j.epsl.2018.06.017,true,1,all known sources of error have been quantified and/or sensitivity of the CO2 estimate to those sources is small,,false,,false,false,,false,added age uncertainties based on LR04,12.74,-78.74
boron_isotopes_sosdian_2018_p1.0.xlsx,all known sources of error have been quantified and/or sensitivity of the CO2 estimate to those sources is small,Boron Proxies,124.37,4,4,281.18,24.67,23.06,"Sosdian, S.M., Greenop, R., Hain, M.P., Foster, G.L., Pearson, P.N. and Lear, C.H. (2018) Constraining the evolution of Neogene ocean carbonate chemistry using the boron isotope pH proxy. Earth and Planetary Science Letters 498, 362-376.",10.1016/j.epsl.2018.06.017,true,1,all known sources of error have been quantified and/or sensitivity of the CO2 estimate to those sources is small,,false,,false,false,,false,added age uncertainties based on LR04,12.74,-78.74
boron_isotopes_sosdian_2018_p1.0.xlsx,all known sources of error have been quantified and/or sensitivity of the CO2 estimate to those sources is small,Boron Proxies,127.48,4,4,271.51,26.21,23.28,"Sosdian, S.M., Greenop, R., Hain, M.P., Foster, G.L., Pearson, P.N. and Lear, C.H. (2018) Constraining the evolution of Neogene ocean carbonate chemistry using the boron isotope pH proxy. Earth and Planetary Science Letters 498, 362-376.",10.1016/j.epsl.2018.06.017,true,1,all known sources of error have been quantified and/or sensitivity of the CO2 estimate to those sources is small,,false,,false,false,,false,added age uncertainties based on LR04,12.74,-78.74
boron_isotopes_sosdian_2018_p1.0.xlsx,all known sources of error have been quantified and/or sensitivity of the CO2 estimate to those sources is small,Boron Proxies,130.86,4,4,281.5,30.64,28.56,"Sosdian, S.M., Greenop, R., Hain, M.P., Foster, G.L., Pearson, P.N. and Lear, C.H. (2018) Constraining the evolution of Neogene ocean carbonate chemistry using the boron isotope pH proxy. Earth and Planetary Science Letters 498, 362-376.",10.1016/j.epsl.2018.06.017,true,1,all known sources of error have been quantified and/or sensitivity of the CO2 estimate to those sources is small,,false,,false,false,,false,added age uncertainties based on LR04,12.74,-78.74
boron_isotopes_sosdian_2018_p1.0.xlsx,all known sources of error have been quantified and/or sensitivity of the CO2 estimate to those sources is small,Boron Proxies,131.91,4,4,248.66,22.79,21.57,"Sosdian, S.M., Greenop, R., Hain, M.P., Foster, G.L., Pearson, P.N. and Lear, C.H. (2018) Constraining the evolution of Neogene ocean carbonate chemistry using the boron isotope pH proxy. Earth and Planetary Science Letters 498, 362-376.",10.1016/j.epsl.2018.06.017,true,1,all known sources of error have been quantified and/or sensitivity of the CO2 estimate to those sources is small,,false,,false,false,,false,added age uncertainties based on LR04,12.74,-78.74
boron_isotopes_sosdian_2018_p1.0.xlsx,all known sources of error have been quantified and/or sensitivity of the CO2 estimate to those sources is small,Boron Proxies,133.22,4,4,236.46,22.09,20.24,"Sosdian, S.M., Greenop, R., Hain, M.P., Foster, G.L., Pearson, P.N. and Lear, C.H. (2018) Constraining the evolution of Neogene ocean carbonate chemistry using the boron isotope pH proxy. Earth and Planetary Science Letters 498, 362-376.",10.1016/j.epsl.2018.06.017,true,1,all known sources of error have been quantified and/or sensitivity of the CO2 estimate to those sources is small,,false,,false,false,,false,added age uncertainties based on LR04,12.74,-78.74
boron_isotopes_sosdian_2018_p1.0.xlsx,all known sources of error have been quantified and/or sensitivity of the CO2 estimate to those sources is small,Boron Proxies,134,4,4,210.93,20.37,19.11,"Sosdian, S.M., Greenop, R., Hain, M.P., Foster, G.L., Pearson, P.N. and Lear, C.H. (2018) Constraining the evolution of Neogene ocean carbonate chemistry using the boron isotope pH proxy. Earth and Planetary Science Letters 498, 362-376.",10.1016/j.epsl.2018.06.017,true,1,all known sources of error have been quantified and/or sensitivity of the CO2 estimate to those sources is small,,false,,false,false,,false,added age uncertainties based on LR04,12.74,-78.74
boron_isotopes_sosdian_2018_p1.0.xlsx,all known sources of error have been quantified and/or sensitivity of the CO2 estimate to those sources is small,Boron Proxies,135.57,4,4,208.72,20.2,18.6,"Sosdian, S.M., Greenop, R., Hain, M.P., Foster, G.L., Pearson, P.N. and Lear, C.H. (2018) Constraining the evolution of Neogene ocean carbonate chemistry using the boron isotope pH proxy. Earth and Planetary Science Letters 498, 362-376.",10.1016/j.epsl.2018.06.017,true,1,all known sources of error have been quantified and/or sensitivity of the CO2 estimate to those sources is small,,false,,false,false,,false,added age uncertainties based on LR04,12.74,-78.74
boron_isotopes_sosdian_2018_p1.0.xlsx,all known sources of error have been quantified and/or sensitivity of the CO2 estimate to those sources is small,Boron Proxies,138.97,4,4,208.61,19.28,18.26,"Sosdian, S.M., Greenop, R., Hain, M.P., Foster, G.L., Pearson, P.N. and Lear, C.H. (2018) Constraining the evolution of Neogene ocean carbonate chemistry using the boron isotope pH proxy. Earth and Planetary Science Letters 498, 362-376.",10.1016/j.epsl.2018.06.017,true,1,all known sources of error have been quantified and/or sensitivity of the CO2 estimate to those sources is small,,false,,false,false,,false,added age uncertainties based on LR04,12.74,-78.74
boron_isotopes_sosdian_2018_p1.0.xlsx,all known sources of error have been quantified and/or sensitivity of the CO2 estimate to those sources is small,Boron Proxies,146.69,4,4,216.63,20.43,19.24,"Sosdian, S.M., Greenop, R., Hain, M.P., Foster, G.L., Pearson, P.N. and Lear, C.H. (2018) Constraining the evolution of Neogene ocean carbonate chemistry using the boron isotope pH proxy. Earth and Planetary Science Letters 498, 362-376.",10.1016/j.epsl.2018.06.017,true,1,all known sources of error have been quantified and/or sensitivity of the CO2 estimate to those sources is small,,false,,false,false,,false,added age uncertainties based on LR04,12.74,-78.74
boron_isotopes_sosdian_2018_p1.0.xlsx,all known sources of error have been quantified and/or sensitivity of the CO2 estimate to those sources is small,Boron Proxies,150.04,4,4,209.79,19.96,18.36,"Sosdian, S.M., Greenop, R., Hain, M.P., Foster, G.L., Pearson, P.N. and Lear, C.H. (2018) Constraining the evolution of Neogene ocean carbonate chemistry using the boron isotope pH proxy. Earth and Planetary Science Letters 498, 362-376.",10.1016/j.epsl.2018.06.017,true,1,all known sources of error have been quantified and/or sensitivity of the CO2 estimate to those sources is small,,false,,false,false,,false,added age uncertainties based on LR04,12.74,-78.74
boron_isotopes_sosdian_2018_p1.0.xlsx,all known sources of error have been quantified and/or sensitivity of the CO2 estimate to those sources is small,Boron Proxies,169.76,4,4,209.58,19.41,18.18,"Sosdian, S.M., Greenop, R., Hain, M.P., Foster, G.L., Pearson, P.N. and Lear, C.H. (2018) Constraining the evolution of Neogene ocean carbonate chemistry using the boron isotope pH proxy. Earth and Planetary Science Letters 498, 362-376.",10.1016/j.epsl.2018.06.017,true,1,all known sources of error have been quantified and/or sensitivity of the CO2 estimate to those sources is small,,false,,false,false,,false,added age uncertainties based on LR04,12.74,-78.74
boron_isotopes_sosdian_2018_p1.0.xlsx,all known sources of error have been quantified and/or sensitivity of the CO2 estimate to those sources is small,Boron Proxies,179.94,4,4,206.54,19.66,17.69,"Sosdian, S.M., Greenop, R., Hain, M.P., Foster, G.L., Pearson, P.N. and Lear, C.H. (2018) Constraining the evolution of Neogene ocean carbonate chemistry using the boron isotope pH proxy. Earth and Planetary Science Letters 498, 362-376.",10.1016/j.epsl.2018.06.017,true,1,all known sources of error have been quantified and/or sensitivity of the CO2 estimate to those sources is small,,false,,false,false,,false,added age uncertainties based on LR04,12.74,-78.74
boron_isotopes_sosdian_2018_p1.0.xlsx,all known sources of error have been quantified and/or sensitivity of the CO2 estimate to those sources is small,Boron Proxies,184.37,4,4,214.37,20.9,19.2,"Sosdian, S.M., Greenop, R., Hain, M.P., Foster, G.L., Pearson, P.N. and Lear, C.H. (2018) Constraining the evolution of Neogene ocean carbonate chemistry using the boron isotope pH proxy. Earth and Planetary Science Letters 498, 362-376.",10.1016/j.epsl.2018.06.017,true,1,all known sources of error have been quantified and/or sensitivity of the CO2 estimate to those sources is small,,false,,false,false,,false,added age uncertainties based on LR04,12.74,-78.74
boron_isotopes_sosdian_2018_p1.0.xlsx,all known sources of error have been quantified and/or sensitivity of the CO2 estimate to those sources is small,Boron Proxies,190.01,4,4,223.75,21.38,19.21,"Sosdian, S.M., Greenop, R., Hain, M.P., Foster, G.L., Pearson, P.N. and Lear, C.H. (2018) Constraining the evolution of Neogene ocean carbonate chemistry using the boron isotope pH proxy. Earth and Planetary Science Letters 498, 362-376.",10.1016/j.epsl.2018.06.017,true,1,all known sources of error have been quantified and/or sensitivity of the CO2 estimate to those sources is small,,false,,false,false,,false,added age uncertainties based on LR04,12.74,-78.74
boron_isotopes_sosdian_2018_p1.0.xlsx,all known sources of error have been quantified and/or sensitivity of the CO2 estimate to those sources is small,Boron Proxies,191.68,4,4,223.81,20.95,19.83,"Sosdian, S.M., Greenop, R., Hain, M.P., Foster, G.L., Pearson, P.N. and Lear, C.H. (2018) Constraining the evolution of Neogene ocean carbonate chemistry using the boron isotope pH proxy. Earth and Planetary Science Letters 498, 362-376.",10.1016/j.epsl.2018.06.017,true,1,all known sources of error have been quantified and/or sensitivity of the CO2 estimate to those sources is small,,false,,false,false,,false,added age uncertainties based on LR04,12.74,-78.74
boron_isotopes_sosdian_2018_p1.0.xlsx,all known sources of error have been quantified and/or sensitivity of the CO2 estimate to those sources is small,Boron Proxies,198.07,4,4,246.23,22.47,21.83,"Sosdian, S.M., Greenop, R., Hain, M.P., Foster, G.L., Pearson, P.N. and Lear, C.H. (2018) Constraining the evolution of Neogene ocean carbonate chemistry using the boron isotope pH proxy. Earth and Planetary Science Letters 498, 362-376.",10.1016/j.epsl.2018.06.017,true,1,all known sources of error have been quantified and/or sensitivity of the CO2 estimate to those sources is small,,false,,false,false,,false,added age uncertainties based on LR04,12.74,-78.74
boron_isotopes_sosdian_2018_p1.0.xlsx,all known sources of error have been quantified and/or sensitivity of the CO2 estimate to those sources is small,Boron Proxies,211.57,4,4,274.42,27.41,24.92,"Sosdian, S.M., Greenop, R., Hain, M.P., Foster, G.L., Pearson, P.N. and Lear, C.H. (2018) Constraining the evolution of Neogene ocean carbonate chemistry using the boron isotope pH proxy. Earth and Planetary Science Letters 498, 362-376.",10.1016/j.epsl.2018.06.017,true,1,all known sources of error have been quantified and/or sensitivity of the CO2 estimate to those sources is small,,false,,false,false,,false,added age uncertainties based on LR04,12.74,-78.74
boron_isotopes_sosdian_2018_p1.0.xlsx,all known sources of error have been quantified and/or sensitivity of the CO2 estimate to those sources is small,Boron Proxies,220.44,4,4,261.03,24.35,22.29,"Sosdian, S.M., Greenop, R., Hain, M.P., Foster, G.L., Pearson, P.N. and Lear, C.H. (2018) Constraining the evolution of Neogene ocean carbonate chemistry using the boron isotope pH proxy. Earth and Planetary Science Letters 498, 362-376.",10.1016/j.epsl.2018.06.017,true,1,all known sources of error have been quantified and/or sensitivity of the CO2 estimate to those sources is small,,false,,false,false,,false,added age uncertainties based on LR04,12.74,-78.74
boron_isotopes_sosdian_2018_p1.0.xlsx,all known sources of error have been quantified and/or sensitivity of the CO2 estimate to those sources is small,Boron Proxies,223.66,4,4,259.32,27.23,24.37,"Sosdian, S.M., Greenop, R., Hain, M.P., Foster, G.L., Pearson, P.N. and Lear, C.H. (2018) Constraining the evolution of Neogene ocean carbonate chemistry using the boron isotope pH proxy. Earth and Planetary Science Letters 498, 362-376.",10.1016/j.epsl.2018.06.017,true,1,all known sources of error have been quantified and/or sensitivity of the CO2 estimate to those sources is small,,false,,false,false,,false,added age uncertainties based on LR04,12.74,-78.74
boron_isotopes_sosdian_2018_p1.0.xlsx,all known sources of error have been quantified and/or sensitivity of the CO2 estimate to those sources is small,Boron Proxies,227.1,4,4,232.53,22.18,21.19,"Sosdian, S.M., Greenop, R., Hain, M.P., Foster, G.L., Pearson, P.N. and Lear, C.H. (2018) Constraining the evolution of Neogene ocean carbonate chemistry using the boron isotope pH proxy. Earth and Planetary Science Letters 498, 362-376.",10.1016/j.epsl.2018.06.017,true,1,all known sources of error have been quantified and/or sensitivity of the CO2 estimate to those sources is small,,false,,false,false,,false,added age uncertainties based on LR04,12.74,-78.74
boron_isotopes_sosdian_2018_p1.0.xlsx,all known sources of error have been quantified and/or sensitivity of the CO2 estimate to those sources is small,Boron Proxies,235.76,4,4,259.56,26.1,23.77,"Sosdian, S.M., Greenop, R., Hain, M.P., Foster, G.L., Pearson, P.N. and Lear, C.H. (2018) Constraining the evolution of Neogene ocean carbonate chemistry using the boron isotope pH proxy. Earth and Planetary Science Letters 498, 362-376.",10.1016/j.epsl.2018.06.017,true,1,all known sources of error have been quantified and/or sensitivity of the CO2 estimate to those sources is small,,false,,false,false,,false,added age uncertainties based on LR04,12.74,-78.74
boron_isotopes_sosdian_2018_p1.0.xlsx,all known sources of error have been quantified and/or sensitivity of the CO2 estimate to those sources is small,Boron Proxies,239.48,4,4,242.21,23.06,21.25,"Sosdian, S.M., Greenop, R., Hain, M.P., Foster, G.L., Pearson, P.N. and Lear, C.H. (2018) Constraining the evolution of Neogene ocean carbonate chemistry using the boron isotope pH proxy. Earth and Planetary Science Letters 498, 362-376.",10.1016/j.epsl.2018.06.017,true,1,all known sources of error have been quantified and/or sensitivity of the CO2 estimate to those sources is small,,false,,false,false,,false,added age uncertainties based on LR04,12.74,-78.74
boron_isotopes_sosdian_2018_p1.0.xlsx,all known sources of error have been quantified and/or sensitivity of the CO2 estimate to those sources is small,Boron Proxies,242.9,4,4,274.68,27.82,25.8,"Sosdian, S.M., Greenop, R., Hain, M.P., Foster, G.L., Pearson, P.N. and Lear, C.H. (2018) Constraining the evolution of Neogene ocean carbonate chemistry using the boron isotope pH proxy. Earth and Planetary Science Letters 498, 362-376.",10.1016/j.epsl.2018.06.017,true,1,all known sources of error have been quantified and/or sensitivity of the CO2 estimate to those sources is small,,false,,false,false,,false,added age uncertainties based on LR04,12.74,-78.74
boron_isotopes_sosdian_2018_p1.0.xlsx,all known sources of error have been quantified and/or sensitivity of the CO2 estimate to those sources is small,Boron Proxies,247.18,4,4,259.76,24.62,22.66,"Sosdian, S.M., Greenop, R., Hain, M.P., Foster, G.L., Pearson, P.N. and Lear, C.H. (2018) Constraining the evolution of Neogene ocean carbonate chemistry using the boron isotope pH proxy. Earth and Planetary Science Letters 498, 362-376.",10.1016/j.epsl.2018.06.017,true,1,all known sources of error have been quantified and/or sensitivity of the CO2 estimate to those sources is small,,false,,false,false,,false,added age uncertainties based on LR04,12.74,-78.74
boron_isotopes_sosdian_2018_p1.0.xlsx,all known sources of error have been quantified and/or sensitivity of the CO2 estimate to those sources is small,Boron Proxies,250.07,4,4,224.97,21.63,19.77,"Sosdian, S.M., Greenop, R., Hain, M.P., Foster, G.L., Pearson, P.N. and Lear, C.H. (2018) Constraining the evolution of Neogene ocean carbonate chemistry using the boron isotope pH proxy. Earth and Planetary Science Letters 498, 362-376.",10.1016/j.epsl.2018.06.017,true,1,all known sources of error have been quantified and/or sensitivity of the CO2 estimate to those sources is small,,false,,false,false,,false,added age uncertainties based on LR04,12.74,-78.74
boron_isotopes_sosdian_2018_p1.0.xlsx,all known sources of error have been quantified and/or sensitivity of the CO2 estimate to those sources is small,Boron Proxies,257.84,4,4,233.39,21.61,20,"Sosdian, S.M., Greenop, R., Hain, M.P., Foster, G.L., Pearson, P.N. and Lear, C.H. (2018) Constraining the evolution of Neogene ocean carbonate chemistry using the boron isotope pH proxy. Earth and Planetary Science Letters 498, 362-376.",10.1016/j.epsl.2018.06.017,true,1,all known sources of error have been quantified and/or sensitivity of the CO2 estimate to those sources is small,,false,,false,false,,false,added age uncertainties based on LR04,12.74,-78.74
boron_isotopes_sosdian_2018_p1.0.xlsx,all known sources of error have been quantified and/or sensitivity of the CO2 estimate to those sources is small,Boron Proxies,1087.26,4,4,232.86,27.37,24.96,"Sosdian, S.M., Greenop, R., Hain, M.P., Foster, G.L., Pearson, P.N. and Lear, C.H. (2018) Constraining the evolution of Neogene ocean carbonate chemistry using the boron isotope pH proxy. Earth and Planetary Science Letters 498, 362-376.",10.1016/j.epsl.2018.06.017,true,1,all known sources of error have been quantified and/or sensitivity of the CO2 estimate to those sources is small,,false,,false,false,,false,added age uncertainties based on LR04,12.74,-78.74
boron_isotopes_sosdian_2018_p1.0.xlsx,all known sources of error have been quantified and/or sensitivity of the CO2 estimate to those sources is small,Boron Proxies,1088.69,4,4,257.79,31.05,27.12,"Sosdian, S.M., Greenop, R., Hain, M.P., Foster, G.L., Pearson, P.N. and Lear, C.H. (2018) Constraining the evolution of Neogene ocean carbonate chemistry using the boron isotope pH proxy. Earth and Planetary Science Letters 498, 362-376.",10.1016/j.epsl.2018.06.017,true,1,all known sources of error have been quantified and/or sensitivity of the CO2 estimate to those sources is small,,false,,false,false,,false,added age uncertainties based on LR04,12.74,-78.74
boron_isotopes_sosdian_2018_p1.0.xlsx,all known sources of error have been quantified and/or sensitivity of the CO2 estimate to those sources is small,Boron Proxies,1090.03,4,4,223.46,24.86,22.67,"Sosdian, S.M., Greenop, R., Hain, M.P., Foster, G.L., Pearson, P.N. and Lear, C.H. (2018) Constraining the evolution of Neogene ocean carbonate chemistry using the boron isotope pH proxy. Earth and Planetary Science Letters 498, 362-376.",10.1016/j.epsl.2018.06.017,true,1,all known sources of error have been quantified and/or sensitivity of the CO2 estimate to those sources is small,,false,,false,false,,false,added age uncertainties based on LR04,12.74,-78.74
boron_isotopes_sosdian_2018_p1.0.xlsx,all known sources of error have been quantified and/or sensitivity of the CO2 estimate to those sources is small,Boron Proxies,1092.67,4,4,242.14,28.26,25.54,"Sosdian, S.M., Greenop, R., Hain, M.P., Foster, G.L., Pearson, P.N. and Lear, C.H. (2018) Constraining the evolution of Neogene ocean carbonate chemistry using the boron isotope pH proxy. Earth and Planetary Science Letters 498, 362-376.",10.1016/j.epsl.2018.06.017,true,1,all known sources of error have been quantified and/or sensitivity of the CO2 estimate to those sources is small,,false,,false,false,,false,added age uncertainties based on LR04,12.74,-78.74
boron_isotopes_sosdian_2018_p1.0.xlsx,all known sources of error have been quantified and/or sensitivity of the CO2 estimate to those sources is small,Boron Proxies,1094.71,4,4,251.16,30.96,26.88,"Sosdian, S.M., Greenop, R., Hain, M.P., Foster, G.L., Pearson, P.N. and Lear, C.H. (2018) Constraining the evolution of Neogene ocean carbonate chemistry using the boron isotope pH proxy. Earth and Planetary Science Letters 498, 362-376.",10.1016/j.epsl.2018.06.017,true,1,all known sources of error have been quantified and/or sensitivity of the CO2 estimate to those sources is small,,false,,false,false,,false,added age uncertainties based on LR04,12.74,-78.74
boron_isotopes_sosdian_2018_p1.0.xlsx,all known sources of error have been quantified and/or sensitivity of the CO2 estimate to those sources is small,Boron Proxies,1099.46,4,4,320.95,39.69,33.75,"Sosdian, S.M., Greenop, R., Hain, M.P., Foster, G.L., Pearson, P.N. and Lear, C.H. (2018) Constraining the evolution of Neogene ocean carbonate chemistry using the boron isotope pH proxy. Earth and Planetary Science Letters 498, 362-376.",10.1016/j.epsl.2018.06.017,true,1,all known sources of error have been quantified and/or sensitivity of the CO2 estimate to those sources is small,,false,,false,false,,false,added age uncertainties based on LR04,12.74,-78.74
boron_isotopes_sosdian_2018_p1.0.xlsx,all known sources of error have been quantified and/or sensitivity of the CO2 estimate to those sources is small,Boron Proxies,1102.42,4,4,301.81,36.05,32.6,"Sosdian, S.M., Greenop, R., Hain, M.P., Foster, G.L., Pearson, P.N. and Lear, C.H. (2018) Constraining the evolution of Neogene ocean carbonate chemistry using the boron isotope pH proxy. Earth and Planetary Science Letters 498, 362-376.",10.1016/j.epsl.2018.06.017,true,1,all known sources of error have been quantified and/or sensitivity of the CO2 estimate to those sources is small,,false,,false,false,,false,added age uncertainties based on LR04,12.74,-78.74
boron_isotopes_sosdian_2018_p1.0.xlsx,all known sources of error have been quantified and/or sensitivity of the CO2 estimate to those sources is small,Boron Proxies,1103.16,4,4,286.05,38.76,33.81,"Sosdian, S.M., Greenop, R., Hain, M.P., Foster, G.L., Pearson, P.N. and Lear, C.H. (2018) Constraining the evolution of Neogene ocean carbonate chemistry using the boron isotope pH proxy. Earth and Planetary Science Letters 498, 362-376.",10.1016/j.epsl.2018.06.017,true,1,all known sources of error have been quantified and/or sensitivity of the CO2 estimate to those sources is small,,false,,false,false,,false,added age uncertainties based on LR04,12.74,-78.74
boron_isotopes_sosdian_2018_p1.0.xlsx,all known sources of error have been quantified and/or sensitivity of the CO2 estimate to those sources is small,Boron Proxies,1106.2,4,4,246.55,27.48,24.84,"Sosdian, S.M., Greenop, R., Hain, M.P., Foster, G.L., Pearson, P.N. and Lear, C.H. (2018) Constraining the evolution of Neogene ocean carbonate chemistry using the boron isotope pH proxy. Earth and Planetary Science Letters 498, 362-376.",10.1016/j.epsl.2018.06.017,true,1,all known sources of error have been quantified and/or sensitivity of the CO2 estimate to those sources is small,,false,,false,false,,false,added age uncertainties based on LR04,12.74,-78.74
boron_isotopes_sosdian_2018_p1.0.xlsx,all known sources of error have been quantified and/or sensitivity of the CO2 estimate to those sources is small,Boron Proxies,1107.82,4,4,262.51,31.08,27.72,"Sosdian, S.M., Greenop, R., Hain, M.P., Foster, G.L., Pearson, P.N. and Lear, C.H. (2018) Constraining the evolution of Neogene ocean carbonate chemistry using the boron isotope pH proxy. Earth and Planetary Science Letters 498, 362-376.",10.1016/j.epsl.2018.06.017,true,1,all known sources of error have been quantified and/or sensitivity of the CO2 estimate to those sources is small,,false,,false,false,,false,added age uncertainties based on LR04,12.74,-78.74
boron_isotopes_sosdian_2018_p1.0.xlsx,all known sources of error have been quantified and/or sensitivity of the CO2 estimate to those sources is small,Boron Proxies,1110.3,4,4,284.02,33.26,30.19,"Sosdian, S.M., Greenop, R., Hain, M.P., Foster, G.L., Pearson, P.N. and Lear, C.H. (2018) Constraining the evolution of Neogene ocean carbonate chemistry using the boron isotope pH proxy. Earth and Planetary Science Letters 498, 362-376.",10.1016/j.epsl.2018.06.017,true,1,all known sources of error have been quantified and/or sensitivity of the CO2 estimate to those sources is small,,false,,false,false,,false,added age uncertainties based on LR04,12.74,-78.74
boron_isotopes_sosdian_2018_p1.0.xlsx,all known sources of error have been quantified and/or sensitivity of the CO2 estimate to those sources is small,Boron Proxies,1112.8,4,4,246.21,28.14,26.09,"Sosdian, S.M., Greenop, R., Hain, M.P., Foster, G.L., Pearson, P.N. and Lear, C.H. (2018) Constraining the evolution of Neogene ocean carbonate chemistry using the boron isotope pH proxy. Earth and Planetary Science Letters 498, 362-376.",10.1016/j.epsl.2018.06.017,true,1,all known sources of error have been quantified and/or sensitivity of the CO2 estimate to those sources is small,,false,,false,false,,false,added age uncertainties based on LR04,12.74,-78.74
boron_isotopes_sosdian_2018_p1.0.xlsx,all known sources of error have been quantified and/or sensitivity of the CO2 estimate to those sources is small,Boron Proxies,1115.26,4,4,227.64,26.65,24.04,"Sosdian, S.M., Greenop, R., Hain, M.P., Foster, G.L., Pearson, P.N. and Lear, C.H. (2018) Constraining the evolution of Neogene ocean carbonate chemistry using the boron isotope pH proxy. Earth and Planetary Science Letters 498, 362-376.",10.1016/j.epsl.2018.06.017,true,1,all known sources of error have been quantified and/or sensitivity of the CO2 estimate to those sources is small,,false,,false,false,,false,added age uncertainties based on LR04,12.74,-78.74
boron_isotopes_sosdian_2018_p1.0.xlsx,all known sources of error have been quantified and/or sensitivity of the CO2 estimate to those sources is small,Boron Proxies,1117.86,4,4,215.33,24.03,21.61,"Sosdian, S.M., Greenop, R., Hain, M.P., Foster, G.L., Pearson, P.N. and Lear, C.H. (2018) Constraining the evolution of Neogene ocean carbonate chemistry using the boron isotope pH proxy. Earth and Planetary Science Letters 498, 362-376.",10.1016/j.epsl.2018.06.017,true,1,all known sources of error have been quantified and/or sensitivity of the CO2 estimate to those sources is small,,false,,false,false,,false,added age uncertainties based on LR04,12.74,-78.74
boron_isotopes_sosdian_2018_p1.0.xlsx,all known sources of error have been quantified and/or sensitivity of the CO2 estimate to those sources is small,Boron Proxies,1120.36,4,4,248.31,27.33,24.69,"Sosdian, S.M., Greenop, R., Hain, M.P., Foster, G.L., Pearson, P.N. and Lear, C.H. (2018) Constraining the evolution of Neogene ocean carbonate chemistry using the boron isotope pH proxy. Earth and Planetary Science Letters 498, 362-376.",10.1016/j.epsl.2018.06.017,true,1,all known sources of error have been quantified and/or sensitivity of the CO2 estimate to those sources is small,,false,,false,false,,false,added age uncertainties based on LR04,12.74,-78.74
boron_isotopes_sosdian_2018_p1.0.xlsx,all known sources of error have been quantified and/or sensitivity of the CO2 estimate to those sources is small,Boron Proxies,1123.09,4,4,205.25,22.59,21.25,"Sosdian, S.M., Greenop, R., Hain, M.P., Foster, G.L., Pearson, P.N. and Lear, C.H. (2018) Constraining the evolution of Neogene ocean carbonate chemistry using the boron isotope pH proxy. Earth and Planetary Science Letters 498, 362-376.",10.1016/j.epsl.2018.06.017,true,1,all known sources of error have been quantified and/or sensitivity of the CO2 estimate to those sources is small,,false,,false,false,,false,added age uncertainties based on LR04,12.74,-78.74
boron_isotopes_sosdian_2018_p1.0.xlsx,all known sources of error have been quantified and/or sensitivity of the CO2 estimate to those sources is small,Boron Proxies,1126.06,4,4,246.43,29.02,26.76,"Sosdian, S.M., Greenop, R., Hain, M.P., Foster, G.L., Pearson, P.N. and Lear, C.H. (2018) Constraining the evolution of Neogene ocean carbonate chemistry using the boron isotope pH proxy. Earth and Planetary Science Letters 498, 362-376.",10.1016/j.epsl.2018.06.017,true,1,all known sources of error have been quantified and/or sensitivity of the CO2 estimate to those sources is small,,false,,false,false,,false,added age uncertainties based on LR04,12.74,-78.74
boron_isotopes_sosdian_2018_p1.0.xlsx,all known sources of error have been quantified and/or sensitivity of the CO2 estimate to those sources is small,Boron Proxies,1127.81,4,4,244.73,29.62,27.08,"Sosdian, S.M., Greenop, R., Hain, M.P., Foster, G.L., Pearson, P.N. and Lear, C.H. (2018) Constraining the evolution of Neogene ocean carbonate chemistry using the boron isotope pH proxy. Earth and Planetary Science Letters 498, 362-376.",10.1016/j.epsl.2018.06.017,true,1,all known sources of error have been quantified and/or sensitivity of the CO2 estimate to those sources is small,,false,,false,false,,false,added age uncertainties based on LR04,12.74,-78.74
boron_isotopes_sosdian_2018_p1.0.xlsx,all known sources of error have been quantified and/or sensitivity of the CO2 estimate to those sources is small,Boron Proxies,1130.97,4,4,249.59,28.55,25.97,"Sosdian, S.M., Greenop, R., Hain, M.P., Foster, G.L., Pearson, P.N. and Lear, C.H. (2018) Constraining the evolution of Neogene ocean carbonate chemistry using the boron isotope pH proxy. Earth and Planetary Science Letters 498, 362-376.",10.1016/j.epsl.2018.06.017,true,1,all known sources of error have been quantified and/or sensitivity of the CO2 estimate to those sources is small,,false,,false,false,,false,added age uncertainties based on LR04,12.74,-78.74
boron_isotopes_sosdian_2018_p1.0.xlsx,all known sources of error have been quantified and/or sensitivity of the CO2 estimate to those sources is small,Boron Proxies,1136.57,4,4,291.67,34.3,29.86,"Sosdian, S.M., Greenop, R., Hain, M.P., Foster, G.L., Pearson, P.N. and Lear, C.H. (2018) Constraining the evolution of Neogene ocean carbonate chemistry using the boron isotope pH proxy. Earth and Planetary Science Letters 498, 362-376.",10.1016/j.epsl.2018.06.017,true,1,all known sources of error have been quantified and/or sensitivity of the CO2 estimate to those sources is small,,false,,false,false,,false,added age uncertainties based on LR04,12.74,-78.74
boron_isotopes_sosdian_2018_p1.0.xlsx,all known sources of error have been quantified and/or sensitivity of the CO2 estimate to those sources is small,Boron Proxies,1140.03,4,4,305.43,37.85,33.23,"Sosdian, S.M., Greenop, R., Hain, M.P., Foster, G.L., Pearson, P.N. and Lear, C.H. (2018) Constraining the evolution of Neogene ocean carbonate chemistry using the boron isotope pH proxy. Earth and Planetary Science Letters 498, 362-376.",10.1016/j.epsl.2018.06.017,true,1,all known sources of error have been quantified and/or sensitivity of the CO2 estimate to those sources is small,,false,,false,false,,false,added age uncertainties based on LR04,12.74,-78.74
boron_isotopes_sosdian_2018_p1.0.xlsx,all known sources of error have been quantified and/or sensitivity of the CO2 estimate to those sources is small,Boron Proxies,1143.23,4,4,278.14,35.69,31.87,"Sosdian, S.M., Greenop, R., Hain, M.P., Foster, G.L., Pearson, P.N. and Lear, C.H. (2018) Constraining the evolution of Neogene ocean carbonate chemistry using the boron isotope pH proxy. Earth and Planetary Science Letters 498, 362-376.",10.1016/j.epsl.2018.06.017,true,1,all known sources of error have been quantified and/or sensitivity of the CO2 estimate to those sources is small,,false,,false,false,,false,added age uncertainties based on LR04,12.74,-78.74
boron_isotopes_sosdian_2018_p1.0.xlsx,all known sources of error have been quantified and/or sensitivity of the CO2 estimate to those sources is small,Boron Proxies,1145.33,4,4,295.74,38.82,33.68,"Sosdian, S.M., Greenop, R., Hain, M.P., Foster, G.L., Pearson, P.N. and Lear, C.H. (2018) Constraining the evolution of Neogene ocean carbonate chemistry using the boron isotope pH proxy. Earth and Planetary Science Letters 498, 362-376.",10.1016/j.epsl.2018.06.017,true,1,all known sources of error have been quantified and/or sensitivity of the CO2 estimate to those sources is small,,false,,false,false,,false,added age uncertainties based on LR04,12.74,-78.74
boron_isotopes_sosdian_2018_p1.0.xlsx,all known sources of error have been quantified and/or sensitivity of the CO2 estimate to those sources is small,Boron Proxies,1148.9,4,4,310.44,47.37,39.87,"Sosdian, S.M., Greenop, R., Hain, M.P., Foster, G.L., Pearson, P.N. and Lear, C.H. (2018) Constraining the evolution of Neogene ocean carbonate chemistry using the boron isotope pH proxy. Earth and Planetary Science Letters 498, 362-376.",10.1016/j.epsl.2018.06.017,true,1,all known sources of error have been quantified and/or sensitivity of the CO2 estimate to those sources is small,,false,,false,false,,false,added age uncertainties based on LR04,12.74,-78.74
boron_isotopes_sosdian_2018_p1.0.xlsx,all known sources of error have been quantified and/or sensitivity of the CO2 estimate to those sources is small,Boron Proxies,1150.94,4,4,260.5,34.06,29.86,"Sosdian, S.M., Greenop, R., Hain, M.P., Foster, G.L., Pearson, P.N. and Lear, C.H. (2018) Constraining the evolution of Neogene ocean carbonate chemistry using the boron isotope pH proxy. Earth and Planetary Science Letters 498, 362-376.",10.1016/j.epsl.2018.06.017,true,1,all known sources of error have been quantified and/or sensitivity of the CO2 estimate to those sources is small,,false,,false,false,,false,added age uncertainties based on LR04,12.74,-78.74
boron_isotopes_sosdian_2018_p1.0.xlsx,all known sources of error have been quantified and/or sensitivity of the CO2 estimate to those sources is small,Boron Proxies,1154.09,4,4,248.05,31.16,27.95,"Sosdian, S.M., Greenop, R., Hain, M.P., Foster, G.L., Pearson, P.N. and Lear, C.H. (2018) Constraining the evolution of Neogene ocean carbonate chemistry using the boron isotope pH proxy. Earth and Planetary Science Letters 498, 362-376.",10.1016/j.epsl.2018.06.017,true,1,all known sources of error have been quantified and/or sensitivity of the CO2 estimate to those sources is small,,false,,false,false,,false,added age uncertainties based on LR04,12.74,-78.74
boron_isotopes_sosdian_2018_p1.0.xlsx,all known sources of error have been quantified and/or sensitivity of the CO2 estimate to those sources is small,Boron Proxies,1157.77,4,4,299.72,38.19,34.12,"Sosdian, S.M., Greenop, R., Hain, M.P., Foster, G.L., Pearson, P.N. and Lear, C.H. (2018) Constraining the evolution of Neogene ocean carbonate chemistry using the boron isotope pH proxy. Earth and Planetary Science Letters 498, 362-376.",10.1016/j.epsl.2018.06.017,true,1,all known sources of error have been quantified and/or sensitivity of the CO2 estimate to those sources is small,,false,,false,false,,false,added age uncertainties based on LR04,12.74,-78.74
boron_isotopes_sosdian_2018_p1.0.xlsx,all known sources of error have been quantified and/or sensitivity of the CO2 estimate to those sources is small,Boron Proxies,1160.73,4,4,307.68,39.38,35.49,"Sosdian, S.M., Greenop, R., Hain, M.P., Foster, G.L., Pearson, P.N. and Lear, C.H. (2018) Constraining the evolution of Neogene ocean carbonate chemistry using the boron isotope pH proxy. Earth and Planetary Science Letters 498, 362-376.",10.1016/j.epsl.2018.06.017,true,1,all known sources of error have been quantified and/or sensitivity of the CO2 estimate to those sources is small,,false,,false,false,,false,added age uncertainties based on LR04,12.74,-78.74
boron_isotopes_sosdian_2018_p1.0.xlsx,all known sources of error have been quantified and/or sensitivity of the CO2 estimate to those sources is small,Boron Proxies,1162.85,4,4,275.14,33.12,29.23,"Sosdian, S.M., Greenop, R., Hain, M.P., Foster, G.L., Pearson, P.N. and Lear, C.H. (2018) Constraining the evolution of Neogene ocean carbonate chemistry using the boron isotope pH proxy. Earth and Planetary Science Letters 498, 362-376.",10.1016/j.epsl.2018.06.017,true,1,all known sources of error have been quantified and/or sensitivity of the CO2 estimate to those sources is small,,false,,false,false,,false,added age uncertainties based on LR04,12.74,-78.74
boron_isotopes_sosdian_2018_p1.0.xlsx,all known sources of error have been quantified and/or sensitivity of the CO2 estimate to those sources is small,Boron Proxies,1169.86,4,4,283.63,33.15,30.07,"Sosdian, S.M., Greenop, R., Hain, M.P., Foster, G.L., Pearson, P.N. and Lear, C.H. (2018) Constraining the evolution of Neogene ocean carbonate chemistry using the boron isotope pH proxy. Earth and Planetary Science Letters 498, 362-376.",10.1016/j.epsl.2018.06.017,true,1,all known sources of error have been quantified and/or sensitivity of the CO2 estimate to those sources is small,,false,,false,false,,false,added age uncertainties based on LR04,12.74,-78.74
boron_isotopes_sosdian_2018_p1.0.xlsx,all known sources of error have been quantified and/or sensitivity of the CO2 estimate to those sources is small,Boron Proxies,1177.57,4,4,273.2,33.87,30.39,"Sosdian, S.M., Greenop, R., Hain, M.P., Foster, G.L., Pearson, P.N. and Lear, C.H. (2018) Constraining the evolution of Neogene ocean carbonate chemistry using the boron isotope pH proxy. Earth and Planetary Science Letters 498, 362-376.",10.1016/j.epsl.2018.06.017,true,1,all known sources of error have been quantified and/or sensitivity of the CO2 estimate to those sources is small,,false,,false,false,,false,added age uncertainties based on LR04,12.74,-78.74
boron_isotopes_sosdian_2018_p1.0.xlsx,all known sources of error have been quantified and/or sensitivity of the CO2 estimate to those sources is small,Boron Proxies,1179.66,4,4,263.28,32.4,29.43,"Sosdian, S.M., Greenop, R., Hain, M.P., Foster, G.L., Pearson, P.N. and Lear, C.H. (2018) Constraining the evolution of Neogene ocean carbonate chemistry using the boron isotope pH proxy. Earth and Planetary Science Letters 498, 362-376.",10.1016/j.epsl.2018.06.017,true,1,all known sources of error have been quantified and/or sensitivity of the CO2 estimate to those sources is small,,false,,false,false,,false,added age uncertainties based on LR04,12.74,-78.74
boron_isotopes_sosdian_2018_p1.0.xlsx,all known sources of error have been quantified and/or sensitivity of the CO2 estimate to those sources is small,Boron Proxies,1181.75,4,4,233.36,27.09,24.5,"Sosdian, S.M., Greenop, R., Hain, M.P., Foster, G.L., Pearson, P.N. and Lear, C.H. (2018) Constraining the evolution of Neogene ocean carbonate chemistry using the boron isotope pH proxy. Earth and Planetary Science Letters 498, 362-376.",10.1016/j.epsl.2018.06.017,true,1,all known sources of error have been quantified and/or sensitivity of the CO2 estimate to those sources is small,,false,,false,false,,false,added age uncertainties based on LR04,12.74,-78.74
boron_isotopes_sosdian_2018_p1.0.xlsx,all known sources of error have been quantified and/or sensitivity of the CO2 estimate to those sources is small,Boron Proxies,1184.06,4,4,226.28,27.11,23.81,"Sosdian, S.M., Greenop, R., Hain, M.P., Foster, G.L., Pearson, P.N. and Lear, C.H. (2018) Constraining the evolution of Neogene ocean carbonate chemistry using the boron isotope pH proxy. Earth and Planetary Science Letters 498, 362-376.",10.1016/j.epsl.2018.06.017,true,1,all known sources of error have been quantified and/or sensitivity of the CO2 estimate to those sources is small,,false,,false,false,,false,added age uncertainties based on LR04,12.74,-78.74
boron_isotopes_sosdian_2018_p1.0.xlsx,all known sources of error have been quantified and/or sensitivity of the CO2 estimate to those sources is small,Boron Proxies,1185.97,4,4,257.13,30.73,28.03,"Sosdian, S.M., Greenop, R., Hain, M.P., Foster, G.L., Pearson, P.N. and Lear, C.H. (2018) Constraining the evolution of Neogene ocean carbonate chemistry using the boron isotope pH proxy. Earth and Planetary Science Letters 498, 362-376.",10.1016/j.epsl.2018.06.017,true,1,all known sources of error have been quantified and/or sensitivity of the CO2 estimate to those sources is small,,false,,false,false,,false,added age uncertainties based on LR04,12.74,-78.74
boron_isotopes_sosdian_2018_p1.0.xlsx,all known sources of error have been quantified and/or sensitivity of the CO2 estimate to those sources is small,Boron Proxies,1188.07,4,4,265.36,31.66,28.28,"Sosdian, S.M., Greenop, R., Hain, M.P., Foster, G.L., Pearson, P.N. and Lear, C.H. (2018) Constraining the evolution of Neogene ocean carbonate chemistry using the boron isotope pH proxy. Earth and Planetary Science Letters 498, 362-376.",10.1016/j.epsl.2018.06.017,true,1,all known sources of error have been quantified and/or sensitivity of the CO2 estimate to those sources is small,,false,,false,false,,false,added age uncertainties based on LR04,12.74,-78.74
boron_isotopes_sosdian_2018_p1.0.xlsx,all known sources of error have been quantified and/or sensitivity of the CO2 estimate to those sources is small,Boron Proxies,1191.31,4,4,215.8,24.29,22.66,"Sosdian, S.M., Greenop, R., Hain, M.P., Foster, G.L., Pearson, P.N. and Lear, C.H. (2018) Constraining the evolution of Neogene ocean carbonate chemistry using the boron isotope pH proxy. Earth and Planetary Science Letters 498, 362-376.",10.1016/j.epsl.2018.06.017,true,1,all known sources of error have been quantified and/or sensitivity of the CO2 estimate to those sources is small,,false,,false,false,,false,added age uncertainties based on LR04,12.74,-78.74
boron_isotopes_sosdian_2018_p1.0.xlsx,all known sources of error have been quantified and/or sensitivity of the CO2 estimate to those sources is small,Boron Proxies,1195.15,4,4,208.27,25.13,22.81,"Sosdian, S.M., Greenop, R., Hain, M.P., Foster, G.L., Pearson, P.N. and Lear, C.H. (2018) Constraining the evolution of Neogene ocean carbonate chemistry using the boron isotope pH proxy. Earth and Planetary Science Letters 498, 362-376.",10.1016/j.epsl.2018.06.017,true,1,all known sources of error have been quantified and/or sensitivity of the CO2 estimate to those sources is small,,false,,false,false,,false,added age uncertainties based on LR04,12.74,-78.74
boron_isotopes_sosdian_2018_p1.0.xlsx,all known sources of error have been quantified and/or sensitivity of the CO2 estimate to those sources is small,Boron Proxies,1203.26,4,4,195.5,22.3,20.35,"Sosdian, S.M., Greenop, R., Hain, M.P., Foster, G.L., Pearson, P.N. and Lear, C.H. (2018) Constraining the evolution of Neogene ocean carbonate chemistry using the boron isotope pH proxy. Earth and Planetary Science Letters 498, 362-376.",10.1016/j.epsl.2018.06.017,true,1,all known sources of error have been quantified and/or sensitivity of the CO2 estimate to those sources is small,,false,,false,false,,false,added age uncertainties based on LR04,12.74,-78.74
boron_isotopes_sosdian_2018_p1.0.xlsx,all known sources of error have been quantified and/or sensitivity of the CO2 estimate to those sources is small,Boron Proxies,1206.76,4,4,219.15,25.18,22.27,"Sosdian, S.M., Greenop, R., Hain, M.P., Foster, G.L., Pearson, P.N. and Lear, C.H. (2018) Constraining the evolution of Neogene ocean carbonate chemistry using the boron isotope pH proxy. Earth and Planetary Science Letters 498, 362-376.",10.1016/j.epsl.2018.06.017,true,1,all known sources of error have been quantified and/or sensitivity of the CO2 estimate to those sources is small,,false,,false,false,,false,added age uncertainties based on LR04,12.74,-78.74
boron_isotopes_sosdian_2018_p1.0.xlsx,all known sources of error have been quantified and/or sensitivity of the CO2 estimate to those sources is small,Boron Proxies,1209.99,4,4,238.88,29.19,26,"Sosdian, S.M., Greenop, R., Hain, M.P., Foster, G.L., Pearson, P.N. and Lear, C.H. (2018) Constraining the evolution of Neogene ocean carbonate chemistry using the boron isotope pH proxy. Earth and Planetary Science Letters 498, 362-376.",10.1016/j.epsl.2018.06.017,true,1,all known sources of error have been quantified and/or sensitivity of the CO2 estimate to those sources is small,,false,,false,false,,false,added age uncertainties based on LR04,12.74,-78.74
boron_isotopes_sosdian_2018_p1.0.xlsx,all known sources of error have been quantified and/or sensitivity of the CO2 estimate to those sources is small,Boron Proxies,1214.48,4,4,287.94,36.15,31.25,"Sosdian, S.M., Greenop, R., Hain, M.P., Foster, G.L., Pearson, P.N. and Lear, C.H. (2018) Constraining the evolution of Neogene ocean carbonate chemistry using the boron isotope pH proxy. Earth and Planetary Science Letters 498, 362-376.",10.1016/j.epsl.2018.06.017,true,1,all known sources of error have been quantified and/or sensitivity of the CO2 estimate to those sources is small,,false,,false,false,,false,added age uncertainties based on LR04,12.74,-78.74
boron_isotopes_sosdian_2018_p1.0.xlsx,all known sources of error have been quantified and/or sensitivity of the CO2 estimate to those sources is small,Boron Proxies,1216.42,4,4,272.15,34.24,30.64,"Sosdian, S.M., Greenop, R., Hain, M.P., Foster, G.L., Pearson, P.N. and Lear, C.H. (2018) Constraining the evolution of Neogene ocean carbonate chemistry using the boron isotope pH proxy. Earth and Planetary Science Letters 498, 362-376.",10.1016/j.epsl.2018.06.017,true,1,all known sources of error have been quantified and/or sensitivity of the CO2 estimate to those sources is small,,false,,false,false,,false,added age uncertainties based on LR04,12.74,-78.74
boron_isotopes_sosdian_2018_p1.0.xlsx,all known sources of error have been quantified and/or sensitivity of the CO2 estimate to those sources is small,Boron Proxies,1218.54,4,4,298.36,38.23,34.07,"Sosdian, S.M., Greenop, R., Hain, M.P., Foster, G.L., Pearson, P.N. and Lear, C.H. (2018) Constraining the evolution of Neogene ocean carbonate chemistry using the boron isotope pH proxy. Earth and Planetary Science Letters 498, 362-376.",10.1016/j.epsl.2018.06.017,true,1,all known sources of error have been quantified and/or sensitivity of the CO2 estimate to those sources is small,,false,,false,false,,false,added age uncertainties based on LR04,12.74,-78.74
boron_isotopes_sosdian_2018_p1.0.xlsx,all known sources of error have been quantified and/or sensitivity of the CO2 estimate to those sources is small,Boron Proxies,1224.18,4,4,255.14,33.4,29.55,"Sosdian, S.M., Greenop, R., Hain, M.P., Foster, G.L., Pearson, P.N. and Lear, C.H. (2018) Constraining the evolution of Neogene ocean carbonate chemistry using the boron isotope pH proxy. Earth and Planetary Science Letters 498, 362-376.",10.1016/j.epsl.2018.06.017,true,1,all known sources of error have been quantified and/or sensitivity of the CO2 estimate to those sources is small,,false,,false,false,,false,added age uncertainties based on LR04,12.74,-78.74
boron_isotopes_sosdian_2018_p1.0.xlsx,all known sources of error have been quantified and/or sensitivity of the CO2 estimate to those sources is small,Boron Proxies,1227.17,4,4,271.52,35.04,30.6,"Sosdian, S.M., Greenop, R., Hain, M.P., Foster, G.L., Pearson, P.N. and Lear, C.H. (2018) Constraining the evolution of Neogene ocean carbonate chemistry using the boron isotope pH proxy. Earth and Planetary Science Letters 498, 362-376.",10.1016/j.epsl.2018.06.017,true,1,all known sources of error have been quantified and/or sensitivity of the CO2 estimate to those sources is small,,false,,false,false,,false,added age uncertainties based on LR04,12.74,-78.74
boron_isotopes_sosdian_2018_p1.0.xlsx,all known sources of error have been quantified and/or sensitivity of the CO2 estimate to those sources is small,Boron Proxies,1230.72,4,4,312.45,43.09,37.1,"Sosdian, S.M., Greenop, R., Hain, M.P., Foster, G.L., Pearson, P.N. and Lear, C.H. (2018) Constraining the evolution of Neogene ocean carbonate chemistry using the boron isotope pH proxy. Earth and Planetary Science Letters 498, 362-376.",10.1016/j.epsl.2018.06.017,true,1,all known sources of error have been quantified and/or sensitivity of the CO2 estimate to those sources is small,,false,,false,false,,false,added age uncertainties based on LR04,12.74,-78.74
boron_isotopes_sosdian_2018_p1.0.xlsx,all known sources of error have been quantified and/or sensitivity of the CO2 estimate to those sources is small,Boron Proxies,1233.9,4,4,295.82,37.79,33.14,"Sosdian, S.M., Greenop, R., Hain, M.P., Foster, G.L., Pearson, P.N. and Lear, C.H. (2018) Constraining the evolution of Neogene ocean carbonate chemistry using the boron isotope pH proxy. Earth and Planetary Science Letters 498, 362-376.",10.1016/j.epsl.2018.06.017,true,1,all known sources of error have been quantified and/or sensitivity of the CO2 estimate to those sources is small,,false,,false,false,,false,added age uncertainties based on LR04,12.74,-78.74
boron_isotopes_sosdian_2018_p1.0.xlsx,all known sources of error have been quantified and/or sensitivity of the CO2 estimate to those sources is small,Boron Proxies,1236.18,4,4,262.84,31.53,27.71,"Sosdian, S.M., Greenop, R., Hain, M.P., Foster, G.L., Pearson, P.N. and Lear, C.H. (2018) Constraining the evolution of Neogene ocean carbonate chemistry using the boron isotope pH proxy. Earth and Planetary Science Letters 498, 362-376.",10.1016/j.epsl.2018.06.017,true,1,all known sources of error have been quantified and/or sensitivity of the CO2 estimate to those sources is small,,false,,false,false,,false,added age uncertainties based on LR04,12.74,-78.74
boron_isotopes_sosdian_2018_p1.0.xlsx,all known sources of error have been quantified and/or sensitivity of the CO2 estimate to those sources is small,Boron Proxies,1239.83,4,4,269.3,33.06,29.43,"Sosdian, S.M., Greenop, R., Hain, M.P., Foster, G.L., Pearson, P.N. and Lear, C.H. (2018) Constraining the evolution of Neogene ocean carbonate chemistry using the boron isotope pH proxy. Earth and Planetary Science Letters 498, 362-376.",10.1016/j.epsl.2018.06.017,true,1,all known sources of error have been quantified and/or sensitivity of the CO2 estimate to those sources is small,,false,,false,false,,false,added age uncertainties based on LR04,12.74,-78.74
boron_isotopes_sosdian_2018_p1.0.xlsx,all known sources of error have been quantified and/or sensitivity of the CO2 estimate to those sources is small,Boron Proxies,1243.25,4,4,292.57,34.63,30.69,"Sosdian, S.M., Greenop, R., Hain, M.P., Foster, G.L., Pearson, P.N. and Lear, C.H. (2018) Constraining the evolution of Neogene ocean carbonate chemistry using the boron isotope pH proxy. Earth and Planetary Science Letters 498, 362-376.",10.1016/j.epsl.2018.06.017,true,1,all known sources of error have been quantified and/or sensitivity of the CO2 estimate to those sources is small,,false,,false,false,,false,added age uncertainties based on LR04,12.74,-78.74
boron_isotopes_sosdian_2018_p1.0.xlsx,all known sources of error have been quantified and/or sensitivity of the CO2 estimate to those sources is small,Boron Proxies,2368.61,6,6,429.64,82.6,66.86,"Sosdian, S.M., Greenop, R., Hain, M.P., Foster, G.L., Pearson, P.N. and Lear, C.H. (2018) Constraining the evolution of Neogene ocean carbonate chemistry using the boron isotope pH proxy. Earth and Planetary Science Letters 498, 362-376.",10.1016/j.epsl.2018.06.017,false,1,all known sources of error have been quantified and/or sensitivity of the CO2 estimate to those sources is small,,true,recalculated to match superseding data set of de la Vega 2020; this single data point was not include in that study,false,false,,true,"added age uncertainty based on LR04, recalculated age following updated age model of de la Vega et al. 2020",12.75,-78.73
boron_isotopes_dyez_2018_p1.0.xlsx,all known sources of error have been quantified and/or sensitivity of the CO2 estimate to those sources is small,Boron Proxies,1384,6,6,213.78,20.92,20.27,"Dyez, K.A., Hönisch, B. and Schmidt, G.A. (2018) Early Pleistocene Obliquity-Scale pCO2 Variability at ~1.5 Million Years Ago. Paleoceanography and Paleoclimatology 33",10.1029/2018PA003349,false,1,all known sources of error have been quantified and/or sensitivity of the CO2 estimate to those sources is small,,true,updated error calculation using per sample uncertainties,true,false,,false,added age uncertainty based on LR04,4.7705,-20.927
boron_isotopes_dyez_2018_p1.0.xlsx,all known sources of error have been quantified and/or sensitivity of the CO2 estimate to those sources is small,Boron Proxies,1392.67,6,6,282.13,34.23,32.13,"Dyez, K.A., Hönisch, B. and Schmidt, G.A. (2018) Early Pleistocene Obliquity-Scale pCO2 Variability at ~1.5 Million Years Ago. Paleoceanography and Paleoclimatology 33",10.1029/2018PA003349,false,1,all known sources of error have been quantified and/or sensitivity of the CO2 estimate to those sources is small,,true,updated error calculation using per sample uncertainties,true,false,,false,added age uncertainty based on LR04,4.7705,-20.927
boron_isotopes_dyez_2018_p1.0.xlsx,all known sources of error have been quantified and/or sensitivity of the CO2 estimate to those sources is small,Boron Proxies,1397.33,6,6,271.13,27.41,26.21,"Dyez, K.A., Hönisch, B. and Schmidt, G.A. (2018) Early Pleistocene Obliquity-Scale pCO2 Variability at ~1.5 Million Years Ago. Paleoceanography and Paleoclimatology 33",10.1029/2018PA003349,false,1,all known sources of error have been quantified and/or sensitivity of the CO2 estimate to those sources is small,,true,updated error calculation using per sample uncertainties,true,false,,false,added age uncertainty based on LR04,4.7705,-20.927
boron_isotopes_dyez_2018_p1.0.xlsx,all known sources of error have been quantified and/or sensitivity of the CO2 estimate to those sources is small,Boron Proxies,1402,6,6,320.14,37.96,35.12,"Dyez, K.A., Hönisch, B. and Schmidt, G.A. (2018) Early Pleistocene Obliquity-Scale pCO2 Variability at ~1.5 Million Years Ago. Paleoceanography and Paleoclimatology 33",10.1029/2018PA003349,false,1,all known sources of error have been quantified and/or sensitivity of the CO2 estimate to those sources is small,,true,updated error calculation using per sample uncertainties,true,false,,false,added age uncertainty based on LR04,4.7705,-20.927
boron_isotopes_dyez_2018_p1.0.xlsx,all known sources of error have been quantified and/or sensitivity of the CO2 estimate to those sources is small,Boron Proxies,1408,6,6,326.76,57.86,50.61,"Dyez, K.A., Hönisch, B. and Schmidt, G.A. (2018) Early Pleistocene Obliquity-Scale pCO2 Variability at ~1.5 Million Years Ago. Paleoceanography and Paleoclimatology 37",10.1029/2018PA003349,false,1,all known sources of error have been quantified and/or sensitivity of the CO2 estimate to those sources is small,,true,updated error calculation using per sample uncertainties,true,false,,false,added age uncertainty based on LR04,4.7705,-20.927
boron_isotopes_dyez_2018_p1.0.xlsx,all known sources of error have been quantified and/or sensitivity of the CO2 estimate to those sources is small,Boron Proxies,1414,6,6,260.39,26.7,25.56,"Dyez, K.A., Hönisch, B. and Schmidt, G.A. (2018) Early Pleistocene Obliquity-Scale pCO2 Variability at ~1.5 Million Years Ago. Paleoceanography and Paleoclimatology 38",10.1029/2018PA003349,false,1,all known sources of error have been quantified and/or sensitivity of the CO2 estimate to those sources is small,,true,updated error calculation using per sample uncertainties,true,false,,false,added age uncertainty based on LR04,4.7705,-20.927
boron_isotopes_dyez_2018_p1.0.xlsx,all known sources of error have been quantified and/or sensitivity of the CO2 estimate to those sources is small,Boron Proxies,1420,6,6,200.67,23.4,22.34,"Dyez, K.A., Hönisch, B. and Schmidt, G.A. (2018) Early Pleistocene Obliquity-Scale pCO2 Variability at ~1.5 Million Years Ago. Paleoceanography and Paleoclimatology 39",10.1029/2018PA003349,false,1,all known sources of error have been quantified and/or sensitivity of the CO2 estimate to those sources is small,,true,updated error calculation using per sample uncertainties,true,false,,false,added age uncertainty based on LR04,4.7705,-20.927
boron_isotopes_dyez_2018_p1.0.xlsx,all known sources of error have been quantified and/or sensitivity of the CO2 estimate to those sources is small,Boron Proxies,1425.17,6,6,234.17,24.27,23.29,"Dyez, K.A., Hönisch, B. and Schmidt, G.A. (2018) Early Pleistocene Obliquity-Scale pCO2 Variability at ~1.5 Million Years Ago. Paleoceanography and Paleoclimatology 40",10.1029/2018PA003349,false,1,all known sources of error have been quantified and/or sensitivity of the CO2 estimate to those sources is small,,true,updated error calculation using per sample uncertainties,true,false,,false,added age uncertainty based on LR04,4.7705,-20.927
boron_isotopes_dyez_2018_p1.0.xlsx,all known sources of error have been quantified and/or sensitivity of the CO2 estimate to those sources is small,Boron Proxies,1430.33,6,6,225.69,26.35,24.99,"Dyez, K.A., Hönisch, B. and Schmidt, G.A. (2018) Early Pleistocene Obliquity-Scale pCO2 Variability at ~1.5 Million Years Ago. Paleoceanography and Paleoclimatology 41",10.1029/2018PA003349,false,1,all known sources of error have been quantified and/or sensitivity of the CO2 estimate to those sources is small,,true,updated error calculation using per sample uncertainties,true,false,,false,added age uncertainty based on LR04,4.7705,-20.927
boron_isotopes_dyez_2018_p1.0.xlsx,all known sources of error have been quantified and/or sensitivity of the CO2 estimate to those sources is small,Boron Proxies,1435.5,6,6,241.79,44.36,38.8,"Dyez, K.A., Hönisch, B. and Schmidt, G.A. (2018) Early Pleistocene Obliquity-Scale pCO2 Variability at ~1.5 Million Years Ago. Paleoceanography and Paleoclimatology 42",10.1029/2018PA003349,false,1,all known sources of error have been quantified and/or sensitivity of the CO2 estimate to those sources is small,,true,updated error calculation using per sample uncertainties,true,false,,false,added age uncertainty based on LR04,4.7705,-20.927
boron_isotopes_dyez_2018_p1.0.xlsx,all known sources of error have been quantified and/or sensitivity of the CO2 estimate to those sources is small,Boron Proxies,1440.67,6,6,284.8,30.63,29.1,"Dyez, K.A., Hönisch, B. and Schmidt, G.A. (2018) Early Pleistocene Obliquity-Scale pCO2 Variability at ~1.5 Million Years Ago. Paleoceanography and Paleoclimatology 43",10.1029/2018PA003349,false,1,all known sources of error have been quantified and/or sensitivity of the CO2 estimate to those sources is small,,true,updated error calculation using per sample uncertainties,true,false,,false,added age uncertainty based on LR04,4.7705,-20.927
boron_isotopes_dyez_2018_p1.0.xlsx,all known sources of error have been quantified and/or sensitivity of the CO2 estimate to those sources is small,Boron Proxies,1445.83,6,6,286.57,35.2,32.99,"Dyez, K.A., Hönisch, B. and Schmidt, G.A. (2018) Early Pleistocene Obliquity-Scale pCO2 Variability at ~1.5 Million Years Ago. Paleoceanography and Paleoclimatology 44",10.1029/2018PA003349,false,1,all known sources of error have been quantified and/or sensitivity of the CO2 estimate to those sources is small,,true,updated error calculation using per sample uncertainties,true,false,,false,added age uncertainty based on LR04,4.7705,-20.927
boron_isotopes_dyez_2018_p1.0.xlsx,all known sources of error have been quantified and/or sensitivity of the CO2 estimate to those sources is small,Boron Proxies,1451.03,6,6,256.37,44.71,39.48,"Dyez, K.A., Hönisch, B. and Schmidt, G.A. (2018) Early Pleistocene Obliquity-Scale pCO2 Variability at ~1.5 Million Years Ago. Paleoceanography and Paleoclimatology 45",10.1029/2018PA003349,false,1,all known sources of error have been quantified and/or sensitivity of the CO2 estimate to those sources is small,,true,updated error calculation using per sample uncertainties,true,false,,false,added age uncertainty based on LR04,4.7705,-20.927
boron_isotopes_dyez_2018_p1.0.xlsx,all known sources of error have been quantified and/or sensitivity of the CO2 estimate to those sources is small,Boron Proxies,1455.52,6,6,237.01,25.64,24.5,"Dyez, K.A., Hönisch, B. and Schmidt, G.A. (2018) Early Pleistocene Obliquity-Scale pCO2 Variability at ~1.5 Million Years Ago. Paleoceanography and Paleoclimatology 46",10.1029/2018PA003349,false,1,all known sources of error have been quantified and/or sensitivity of the CO2 estimate to those sources is small,,true,updated error calculation using per sample uncertainties,true,false,,false,added age uncertainty based on LR04,4.7705,-20.927
boron_isotopes_dyez_2018_p1.0.xlsx,all known sources of error have been quantified and/or sensitivity of the CO2 estimate to those sources is small,Boron Proxies,1459.38,6,6,260.6,27.42,26.21,"Dyez, K.A., Hönisch, B. and Schmidt, G.A. (2018) Early Pleistocene Obliquity-Scale pCO2 Variability at ~1.5 Million Years Ago. Paleoceanography and Paleoclimatology 47",10.1029/2018PA003349,false,1,all known sources of error have been quantified and/or sensitivity of the CO2 estimate to those sources is small,,true,updated error calculation using per sample uncertainties,true,false,,false,added age uncertainty based on LR04,4.7705,-20.927
boron_isotopes_dyez_2018_p1.0.xlsx,all known sources of error have been quantified and/or sensitivity of the CO2 estimate to those sources is small,Boron Proxies,1464.52,6,6,248.79,25.03,24.04,"Dyez, K.A., Hönisch, B. and Schmidt, G.A. (2018) Early Pleistocene Obliquity-Scale pCO2 Variability at ~1.5 Million Years Ago. Paleoceanography and Paleoclimatology 48",10.1029/2018PA003349,false,1,all known sources of error have been quantified and/or sensitivity of the CO2 estimate to those sources is small,,true,updated error calculation using per sample uncertainties,true,false,,false,added age uncertainty based on LR04,4.7705,-20.927
boron_isotopes_dyez_2018_p1.0.xlsx,all known sources of error have been quantified and/or sensitivity of the CO2 estimate to those sources is small,Boron Proxies,1473.51,6,6,278.44,28.13,26.81,"Dyez, K.A., Hönisch, B. and Schmidt, G.A. (2018) Early Pleistocene Obliquity-Scale pCO2 Variability at ~1.5 Million Years Ago. Paleoceanography and Paleoclimatology 49",10.1029/2018PA003349,false,1,all known sources of error have been quantified and/or sensitivity of the CO2 estimate to those sources is small,,true,updated error calculation using per sample uncertainties,true,false,,false,added age uncertainty based on LR04,4.7705,-20.927
boron_isotopes_dyez_2018_p1.0.xlsx,all known sources of error have been quantified and/or sensitivity of the CO2 estimate to those sources is small,Boron Proxies,1478.01,6,6,271.81,27.58,26.35,"Dyez, K.A., Hönisch, B. and Schmidt, G.A. (2018) Early Pleistocene Obliquity-Scale pCO2 Variability at ~1.5 Million Years Ago. Paleoceanography and Paleoclimatology 50",10.1029/2018PA003349,false,1,all known sources of error have been quantified and/or sensitivity of the CO2 estimate to those sources is small,,true,updated error calculation using per sample uncertainties,true,false,,false,added age uncertainty based on LR04,4.7705,-20.927
boron_isotopes_dyez_2018_p1.0.xlsx,all known sources of error have been quantified and/or sensitivity of the CO2 estimate to those sources is small,Boron Proxies,1482.5,6,6,226.46,21.92,21.12,"Dyez, K.A., Hönisch, B. and Schmidt, G.A. (2018) Early Pleistocene Obliquity-Scale pCO2 Variability at ~1.5 Million Years Ago. Paleoceanography and Paleoclimatology 51",10.1029/2018PA003349,false,1,all known sources of error have been quantified and/or sensitivity of the CO2 estimate to those sources is small,,true,updated error calculation using per sample uncertainties,true,false,,false,added age uncertainty based on LR04,4.7705,-20.927
boron_isotopes_dyez_2018_p1.0.xlsx,all known sources of error have been quantified and/or sensitivity of the CO2 estimate to those sources is small,Boron Proxies,1490,6,6,292.14,29.75,28.35,"Dyez, K.A., Hönisch, B. and Schmidt, G.A. (2018) Early Pleistocene Obliquity-Scale pCO2 Variability at ~1.5 Million Years Ago. Paleoceanography and Paleoclimatology 52",10.1029/2018PA003349,false,1,all known sources of error have been quantified and/or sensitivity of the CO2 estimate to those sources is small,,true,updated error calculation using per sample uncertainties,true,false,,false,added age uncertainty based on LR04,4.7705,-20.927
boron_isotopes_dyez_2018_p1.0.xlsx,all known sources of error have been quantified and/or sensitivity of the CO2 estimate to those sources is small,Boron Proxies,1493,6,6,214.47,20.98,20.3,"Dyez, K.A., Hönisch, B. and Schmidt, G.A. (2018) Early Pleistocene Obliquity-Scale pCO2 Variability at ~1.5 Million Years Ago. Paleoceanography and Paleoclimatology 53",10.1029/2018PA003349,false,1,all known sources of error have been quantified and/or sensitivity of the CO2 estimate to those sources is small,,true,updated error calculation using per sample uncertainties,true,false,,false,added age uncertainty based on LR04,4.7705,-20.927
boron_isotopes_dyez_2018_p1.0.xlsx,all known sources of error have been quantified and/or sensitivity of the CO2 estimate to those sources is small,Boron Proxies,1496.43,6,6,200.9,20.32,19.6,"Dyez, K.A., Hönisch, B. and Schmidt, G.A. (2018) Early Pleistocene Obliquity-Scale pCO2 Variability at ~1.5 Million Years Ago. Paleoceanography and Paleoclimatology 54",10.1029/2018PA003349,false,1,all known sources of error have been quantified and/or sensitivity of the CO2 estimate to those sources is small,,true,updated error calculation using per sample uncertainties,true,false,,false,added age uncertainty based on LR04,4.7705,-20.927
boron_isotopes_dyez_2018_p1.0.xlsx,all known sources of error have been quantified and/or sensitivity of the CO2 estimate to those sources is small,Boron Proxies,1499,6,6,223.7,20.78,20.08,"Dyez, K.A., Hönisch, B. and Schmidt, G.A. (2018) Early Pleistocene Obliquity-Scale pCO2 Variability at ~1.5 Million Years Ago. Paleoceanography and Paleoclimatology 55",10.1029/2018PA003349,false,1,all known sources of error have been quantified and/or sensitivity of the CO2 estimate to those sources is small,,true,updated error calculation using per sample uncertainties,true,false,,false,added age uncertainty based on LR04,4.7705,-20.927
boron_isotopes_dyez_2018_p1.0.xlsx,all known sources of error have been quantified and/or sensitivity of the CO2 estimate to those sources is small,Boron Proxies,1502.33,6,6,182.85,18.23,17.88,"Dyez, K.A., Hönisch, B. and Schmidt, G.A. (2018) Early Pleistocene Obliquity-Scale pCO2 Variability at ~1.5 Million Years Ago. Paleoceanography and Paleoclimatology 56",10.1029/2018PA003349,false,1,all known sources of error have been quantified and/or sensitivity of the CO2 estimate to those sources is small,,true,updated error calculation using per sample uncertainties,true,false,,false,added age uncertainty based on LR04,4.7705,-20.927
boron_isotopes_dyez_2018_p1.0.xlsx,all known sources of error have been quantified and/or sensitivity of the CO2 estimate to those sources is small,Boron Proxies,1505.67,6,6,249,23.88,22.96,"Dyez, K.A., Hönisch, B. and Schmidt, G.A. (2018) Early Pleistocene Obliquity-Scale pCO2 Variability at ~1.5 Million Years Ago. Paleoceanography and Paleoclimatology 57",10.1029/2018PA003349,false,1,all known sources of error have been quantified and/or sensitivity of the CO2 estimate to those sources is small,,true,updated error calculation using per sample uncertainties,true,false,,false,added age uncertainty based on LR04,4.7705,-20.927
boron_isotopes_dyez_2018_p1.0.xlsx,all known sources of error have been quantified and/or sensitivity of the CO2 estimate to those sources is small,Boron Proxies,1509,6,6,276.55,28.99,27.65,"Dyez, K.A., Hönisch, B. and Schmidt, G.A. (2018) Early Pleistocene Obliquity-Scale pCO2 Variability at ~1.5 Million Years Ago. Paleoceanography and Paleoclimatology 58",10.1029/2018PA003349,false,1,all known sources of error have been quantified and/or sensitivity of the CO2 estimate to those sources is small,,true,updated error calculation using per sample uncertainties,true,false,,false,added age uncertainty based on LR04,4.7705,-20.927
boron_isotopes_dyez_2018_p1.0.xlsx,all known sources of error have been quantified and/or sensitivity of the CO2 estimate to those sources is small,Boron Proxies,1512.33,6,6,223.16,22.89,22.01,"Dyez, K.A., Hönisch, B. and Schmidt, G.A. (2018) Early Pleistocene Obliquity-Scale pCO2 Variability at ~1.5 Million Years Ago. Paleoceanography and Paleoclimatology 59",10.1029/2018PA003349,false,1,all known sources of error have been quantified and/or sensitivity of the CO2 estimate to those sources is small,,true,updated error calculation using per sample uncertainties,true,false,,false,added age uncertainty based on LR04,4.7705,-20.927
boron_isotopes_dyez_2018_p1.0.xlsx,all known sources of error have been quantified and/or sensitivity of the CO2 estimate to those sources is small,Boron Proxies,1515.67,6,6,298.81,32.32,30.53,"Dyez, K.A., Hönisch, B. and Schmidt, G.A. (2018) Early Pleistocene Obliquity-Scale pCO2 Variability at ~1.5 Million Years Ago. Paleoceanography and Paleoclimatology 60",10.1029/2018PA003349,false,1,all known sources of error have been quantified and/or sensitivity of the CO2 estimate to those sources is small,,true,updated error calculation using per sample uncertainties,true,false,,false,added age uncertainty based on LR04,4.7705,-20.927
boron_isotopes_dyez_2018_p1.0.xlsx,all known sources of error have been quantified and/or sensitivity of the CO2 estimate to those sources is small,Boron Proxies,1519,6,6,277.84,29.79,28.34,"Dyez, K.A., Hönisch, B. and Schmidt, G.A. (2018) Early Pleistocene Obliquity-Scale pCO2 Variability at ~1.5 Million Years Ago. Paleoceanography and Paleoclimatology 61",10.1029/2018PA003349,false,1,all known sources of error have been quantified and/or sensitivity of the CO2 estimate to those sources is small,,true,updated error calculation using per sample uncertainties,true,false,,false,added age uncertainty based on LR04,4.7705,-20.927
boron_isotopes_dyez_2018_p1.0.xlsx,all known sources of error have been quantified and/or sensitivity of the CO2 estimate to those sources is small,Boron Proxies,1522.33,6,6,283.56,33.3,31.39,"Dyez, K.A., Hönisch, B. and Schmidt, G.A. (2018) Early Pleistocene Obliquity-Scale pCO2 Variability at ~1.5 Million Years Ago. Paleoceanography and Paleoclimatology 62",10.1029/2018PA003349,false,1,all known sources of error have been quantified and/or sensitivity of the CO2 estimate to those sources is small,,true,updated error calculation using per sample uncertainties,true,false,,false,added age uncertainty based on LR04,4.7705,-20.927
boron_isotopes_dyez_2018_p1.0.xlsx,all known sources of error have been quantified and/or sensitivity of the CO2 estimate to those sources is small,Boron Proxies,1525.67,6,6,305.85,31.34,29.69,"Dyez, K.A., Hönisch, B. and Schmidt, G.A. (2018) Early Pleistocene Obliquity-Scale pCO2 Variability at ~1.5 Million Years Ago. Paleoceanography and Paleoclimatology 63",10.1029/2018PA003349,false,1,all known sources of error have been quantified and/or sensitivity of the CO2 estimate to those sources is small,,true,updated error calculation using per sample uncertainties,true,false,,false,added age uncertainty based on LR04,4.7705,-20.927
boron_isotopes_dyez_2018_p1.0.xlsx,all known sources of error have been quantified and/or sensitivity of the CO2 estimate to those sources is small,Boron Proxies,1529,6,6,255.74,24.38,23.44,"Dyez, K.A., Hönisch, B. and Schmidt, G.A. (2018) Early Pleistocene Obliquity-Scale pCO2 Variability at ~1.5 Million Years Ago. Paleoceanography and Paleoclimatology 64",10.1029/2018PA003349,false,1,all known sources of error have been quantified and/or sensitivity of the CO2 estimate to those sources is small,,true,updated error calculation using per sample uncertainties,true,false,,false,added age uncertainty based on LR04,4.7705,-20.927
boron_isotopes_dyez_2018_p1.0.xlsx,all known sources of error have been quantified and/or sensitivity of the CO2 estimate to those sources is small,Boron Proxies,1535.67,6,6,295.46,31.54,29.82,"Dyez, K.A., Hönisch, B. and Schmidt, G.A. (2018) Early Pleistocene Obliquity-Scale pCO2 Variability at ~1.5 Million Years Ago. Paleoceanography and Paleoclimatology 65",10.1029/2018PA003349,false,1,all known sources of error have been quantified and/or sensitivity of the CO2 estimate to those sources is small,,true,updated error calculation using per sample uncertainties,true,false,,false,added age uncertainty based on LR04,4.7705,-20.927
boron_isotopes_dyez_2018_p1.0.xlsx,all known sources of error have been quantified and/or sensitivity of the CO2 estimate to those sources is small,Boron Proxies,3.6,4,4,262.97,33.26,31,"Dyez, K.A., Hönisch, B. and Schmidt, G.A. (2018) Early Pleistocene Obliquity-Scale pCO2 Variability at ~1.5 Million Years Ago. Paleoceanography and Paleoclimatology 66",10.1029/2018PA003349,false,1,all known sources of error have been quantified and/or sensitivity of the CO2 estimate to those sources is small,,true,updated error calculation using per sample uncertainties,true,false,,false,added age uncertainty based on LR04,4.77,-20.93
boron_isotopes_dyez_2018_p1.0.xlsx,all known sources of error have been quantified and/or sensitivity of the CO2 estimate to those sources is small,Boron Proxies,3.6,4,4,268.08,32.22,30.22,"Dyez, K.A., Hönisch, B. and Schmidt, G.A. (2018) Early Pleistocene Obliquity-Scale pCO2 Variability at ~1.5 Million Years Ago. Paleoceanography and Paleoclimatology 67",10.1029/2018PA003349,false,1,all known sources of error have been quantified and/or sensitivity of the CO2 estimate to those sources is small,,true,updated error calculation using per sample uncertainties,true,false,,false,added age uncertainty based on LR04,4.77,-20.93
boron_isotopes_dyez_2018_p1.0.xlsx,all known sources of error have been quantified and/or sensitivity of the CO2 estimate to those sources is small,Boron Proxies,14.6,4,4,241.15,29.52,27.69,"Dyez, K.A., Hönisch, B. and Schmidt, G.A. (2018) Early Pleistocene Obliquity-Scale pCO2 Variability at ~1.5 Million Years Ago. Paleoceanography and Paleoclimatology 68",10.1029/2018PA003349,false,1,all known sources of error have been quantified and/or sensitivity of the CO2 estimate to those sources is small,,true,updated error calculation using per sample uncertainties,true,false,,false,added age uncertainty based on LR04,4.77,-20.93
boron_isotopes_dyez_2018_p1.0.xlsx,all known sources of error have been quantified and/or sensitivity of the CO2 estimate to those sources is small,Boron Proxies,14.6,4,4,231.57,28.21,26.49,"Dyez, K.A., Hönisch, B. and Schmidt, G.A. (2018) Early Pleistocene Obliquity-Scale pCO2 Variability at ~1.5 Million Years Ago. Paleoceanography and Paleoclimatology 69",10.1029/2018PA003349,false,1,all known sources of error have been quantified and/or sensitivity of the CO2 estimate to those sources is small,,true,updated error calculation using per sample uncertainties,true,false,,false,added age uncertainty based on LR04,4.77,-20.93
boron_isotopes_dyez_2018_p1.0.xlsx,all known sources of error have been quantified and/or sensitivity of the CO2 estimate to those sources is small,Boron Proxies,20.4,4,4,178.61,21.76,20.74,"Dyez, K.A., Hönisch, B. and Schmidt, G.A. (2018) Early Pleistocene Obliquity-Scale pCO2 Variability at ~1.5 Million Years Ago. Paleoceanography and Paleoclimatology 70",10.1029/2018PA003349,false,1,all known sources of error have been quantified and/or sensitivity of the CO2 estimate to those sources is small,,true,updated error calculation using per sample uncertainties,true,false,,false,added age uncertainty based on LR04,4.77,-20.93
boron_isotopes_dyez_2018_p1.0.xlsx,all known sources of error have been quantified and/or sensitivity of the CO2 estimate to those sources is small,Boron Proxies,40.8,4,4,213.12,25.9,24.38,"Dyez, K.A., Hönisch, B. and Schmidt, G.A. (2018) Early Pleistocene Obliquity-Scale pCO2 Variability at ~1.5 Million Years Ago. Paleoceanography and Paleoclimatology 71",10.1029/2018PA003349,false,1,all known sources of error have been quantified and/or sensitivity of the CO2 estimate to those sources is small,,true,updated error calculation using per sample uncertainties,true,false,,false,added age uncertainty based on LR04,4.77,-20.93
boron_isotopes_dyez_2018_p1.0.xlsx,all known sources of error have been quantified and/or sensitivity of the CO2 estimate to those sources is small,Boron Proxies,70.6,4,4,242.31,29.99,28.1,"Dyez, K.A., Hönisch, B. and Schmidt, G.A. (2018) Early Pleistocene Obliquity-Scale pCO2 Variability at ~1.5 Million Years Ago. Paleoceanography and Paleoclimatology 72",10.1029/2018PA003349,false,1,all known sources of error have been quantified and/or sensitivity of the CO2 estimate to those sources is small,,true,updated error calculation using per sample uncertainties,true,false,,false,added age uncertainty based on LR04,4.77,-20.93
boron_isotopes_dyez_2018_p1.0.xlsx,all known sources of error have been quantified and/or sensitivity of the CO2 estimate to those sources is small,Boron Proxies,113.6,4,4,259.73,32.11,30.07,"Dyez, K.A., Hönisch, B. and Schmidt, G.A. (2018) Early Pleistocene Obliquity-Scale pCO2 Variability at ~1.5 Million Years Ago. Paleoceanography and Paleoclimatology 73",10.1029/2018PA003349,false,1,all known sources of error have been quantified and/or sensitivity of the CO2 estimate to those sources is small,,true,updated error calculation using per sample uncertainties,true,false,,false,added age uncertainty based on LR04,4.77,-20.93
boron_isotopes_dyez_2018_p1.0.xlsx,all known sources of error have been quantified and/or sensitivity of the CO2 estimate to those sources is small,Boron Proxies,123.2,4,4,302.47,35.81,33.56,"Dyez, K.A., Hönisch, B. and Schmidt, G.A. (2018) Early Pleistocene Obliquity-Scale pCO2 Variability at ~1.5 Million Years Ago. Paleoceanography and Paleoclimatology 74",10.1029/2018PA003349,false,1,all known sources of error have been quantified and/or sensitivity of the CO2 estimate to those sources is small,,true,updated error calculation using per sample uncertainties,true,false,,false,added age uncertainty based on LR04,4.77,-20.93
boron_isotopes_dyez_2018_p1.0.xlsx,all known sources of error have been quantified and/or sensitivity of the CO2 estimate to those sources is small,Boron Proxies,128.1,4,4,270.44,33.43,31.28,"Dyez, K.A., Hönisch, B. and Schmidt, G.A. (2018) Early Pleistocene Obliquity-Scale pCO2 Variability at ~1.5 Million Years Ago. Paleoceanography and Paleoclimatology 75",10.1029/2018PA003349,false,1,all known sources of error have been quantified and/or sensitivity of the CO2 estimate to those sources is small,,true,updated error calculation using per sample uncertainties,true,false,,false,added age uncertainty based on LR04,4.77,-20.93
boron_isotopes_dyez_2018_p1.0.xlsx,all known sources of error have been quantified and/or sensitivity of the CO2 estimate to those sources is small,Boron Proxies,136.8,4,4,197.24,23.69,22.45,"Dyez, K.A., Hönisch, B. and Schmidt, G.A. (2018) Early Pleistocene Obliquity-Scale pCO2 Variability at ~1.5 Million Years Ago. Paleoceanography and Paleoclimatology 76",10.1029/2018PA003349,false,1,all known sources of error have been quantified and/or sensitivity of the CO2 estimate to those sources is small,,true,updated error calculation using per sample uncertainties,true,false,,false,added age uncertainty based on LR04,4.77,-20.93
boron_isotopes_dyez_2018_p1.0.xlsx,all known sources of error have been quantified and/or sensitivity of the CO2 estimate to those sources is small,Boron Proxies,138.6,4,4,177,28.97,26.32,"Dyez, K.A., Hönisch, B. and Schmidt, G.A. (2018) Early Pleistocene Obliquity-Scale pCO2 Variability at ~1.5 Million Years Ago. Paleoceanography and Paleoclimatology 77",10.1029/2018PA003349,false,1,all known sources of error have been quantified and/or sensitivity of the CO2 estimate to those sources is small,,true,updated error calculation using per sample uncertainties,true,false,,false,added age uncertainty based on LR04,4.77,-20.93
boron_isotopes_dyez_2018_p1.0.xlsx,all known sources of error have been quantified and/or sensitivity of the CO2 estimate to those sources is small,Boron Proxies,329.1,4,4,297.4,38.06,35.31,"Dyez, K.A., Hönisch, B. and Schmidt, G.A. (2018) Early Pleistocene Obliquity-Scale pCO2 Variability at ~1.5 Million Years Ago. Paleoceanography and Paleoclimatology 78",10.1029/2018PA003349,false,1,all known sources of error have been quantified and/or sensitivity of the CO2 estimate to those sources is small,,true,updated error calculation using per sample uncertainties,true,false,,false,added age uncertainty based on LR04,4.77,-20.93
boron_isotopes_dyez_2018_p1.0.xlsx,all known sources of error have been quantified and/or sensitivity of the CO2 estimate to those sources is small,Boron Proxies,358.5,4,4,211.61,25.01,23.68,"Dyez, K.A., Hönisch, B. and Schmidt, G.A. (2018) Early Pleistocene Obliquity-Scale pCO2 Variability at ~1.5 Million Years Ago. Paleoceanography and Paleoclimatology 79",10.1029/2018PA003349,false,1,all known sources of error have been quantified and/or sensitivity of the CO2 estimate to those sources is small,,true,updated error calculation using per sample uncertainties,true,false,,false,added age uncertainty based on LR04,4.77,-20.93
boron_isotopes_dyez_2018_p1.0.xlsx,all known sources of error have been quantified and/or sensitivity of the CO2 estimate to those sources is small,Boron Proxies,366.9,4,4,223.42,31.89,29.3,"Dyez, K.A., Hönisch, B. and Schmidt, G.A. (2018) Early Pleistocene Obliquity-Scale pCO2 Variability at ~1.5 Million Years Ago. Paleoceanography and Paleoclimatology 80",10.1029/2018PA003349,false,1,all known sources of error have been quantified and/or sensitivity of the CO2 estimate to those sources is small,,true,updated error calculation using per sample uncertainties,true,false,,false,added age uncertainty based on LR04,4.77,-20.93
boron_isotopes_dyez_2018_p1.0.xlsx,all known sources of error have been quantified and/or sensitivity of the CO2 estimate to those sources is small,Boron Proxies,386.4,4,4,250.44,30.59,28.77,"Dyez, K.A., Hönisch, B. and Schmidt, G.A. (2018) Early Pleistocene Obliquity-Scale pCO2 Variability at ~1.5 Million Years Ago. Paleoceanography and Paleoclimatology 81",10.1029/2018PA003349,false,1,all known sources of error have been quantified and/or sensitivity of the CO2 estimate to those sources is small,,true,updated error calculation using per sample uncertainties,true,false,,false,added age uncertainty based on LR04,4.77,-20.93
boron_isotopes_dyez_2018_p1.0.xlsx,all known sources of error have been quantified and/or sensitivity of the CO2 estimate to those sources is small,Boron Proxies,409.1,4,4,297.13,37.1,34.61,"Dyez, K.A., Hönisch, B. and Schmidt, G.A. (2018) Early Pleistocene Obliquity-Scale pCO2 Variability at ~1.5 Million Years Ago. Paleoceanography and Paleoclimatology 82",10.1029/2018PA003349,false,1,all known sources of error have been quantified and/or sensitivity of the CO2 estimate to those sources is small,,true,updated error calculation using per sample uncertainties,true,false,,false,added age uncertainty based on LR04,4.77,-20.93
boron_isotopes_dyez_2018_p1.0.xlsx,all known sources of error have been quantified and/or sensitivity of the CO2 estimate to those sources is small,Boron Proxies,418.8,4,4,274.74,36.06,33.5,"Dyez, K.A., Hönisch, B. and Schmidt, G.A. (2018) Early Pleistocene Obliquity-Scale pCO2 Variability at ~1.5 Million Years Ago. Paleoceanography and Paleoclimatology 83",10.1029/2018PA003349,false,1,all known sources of error have been quantified and/or sensitivity of the CO2 estimate to those sources is small,,true,updated error calculation using per sample uncertainties,true,false,,false,added age uncertainty based on LR04,4.77,-20.93
boron_isotopes_dyez_2018_p1.0.xlsx,all known sources of error have been quantified and/or sensitivity of the CO2 estimate to those sources is small,Boron Proxies,541.6,4,4,243.84,26.85,25.61,"Dyez, K.A., Hönisch, B. and Schmidt, G.A. (2018) Early Pleistocene Obliquity-Scale pCO2 Variability at ~1.5 Million Years Ago. Paleoceanography and Paleoclimatology 84",10.1029/2018PA003349,false,1,all known sources of error have been quantified and/or sensitivity of the CO2 estimate to those sources is small,,true,updated error calculation using per sample uncertainties,true,false,,false,added age uncertainty based on LR04,4.77,-20.93
boron_isotopes_dyez_2018_p1.0.xlsx,all known sources of error have been quantified and/or sensitivity of the CO2 estimate to those sources is small,Boron Proxies,616.3,4,4,249.38,29.17,27.65,"Dyez, K.A., Hönisch, B. and Schmidt, G.A. (2018) Early Pleistocene Obliquity-Scale pCO2 Variability at ~1.5 Million Years Ago. Paleoceanography and Paleoclimatology 85",10.1029/2018PA003349,false,1,all known sources of error have been quantified and/or sensitivity of the CO2 estimate to those sources is small,,true,updated error calculation using per sample uncertainties,true,false,,false,added age uncertainty based on LR04,4.77,-20.93
boron_isotopes_dyez_2018_p1.0.xlsx,all known sources of error have been quantified and/or sensitivity of the CO2 estimate to those sources is small,Boron Proxies,651,4,4,174.19,20.32,19.68,"Dyez, K.A., Hönisch, B. and Schmidt, G.A. (2018) Early Pleistocene Obliquity-Scale pCO2 Variability at ~1.5 Million Years Ago. Paleoceanography and Paleoclimatology 86",10.1029/2018PA003349,false,1,all known sources of error have been quantified and/or sensitivity of the CO2 estimate to those sources is small,,true,updated error calculation using per sample uncertainties,true,false,,false,added age uncertainty based on LR04,4.77,-20.93
boron_isotopes_dyez_2018_p1.0.xlsx,all known sources of error have been quantified and/or sensitivity of the CO2 estimate to those sources is small,Boron Proxies,662.1,4,4,198.55,22.91,21.91,"Dyez, K.A., Hönisch, B. and Schmidt, G.A. (2018) Early Pleistocene Obliquity-Scale pCO2 Variability at ~1.5 Million Years Ago. Paleoceanography and Paleoclimatology 87",10.1029/2018PA003349,false,1,all known sources of error have been quantified and/or sensitivity of the CO2 estimate to those sources is small,,true,updated error calculation using per sample uncertainties,true,false,,false,added age uncertainty based on LR04,4.77,-20.93
boron_isotopes_dyez_2018_p1.0.xlsx,all known sources of error have been quantified and/or sensitivity of the CO2 estimate to those sources is small,Boron Proxies,675,4,4,216.34,24.52,23.39,"Dyez, K.A., Hönisch, B. and Schmidt, G.A. (2018) Early Pleistocene Obliquity-Scale pCO2 Variability at ~1.5 Million Years Ago. Paleoceanography and Paleoclimatology 88",10.1029/2018PA003349,false,1,all known sources of error have been quantified and/or sensitivity of the CO2 estimate to those sources is small,,true,updated error calculation using per sample uncertainties,true,false,,false,added age uncertainty based on LR04,4.77,-20.93
boron_isotopes_dyez_2018_p1.0.xlsx,all known sources of error have been quantified and/or sensitivity of the CO2 estimate to those sources is small,Boron Proxies,702.2,4,4,252.73,29.36,27.86,"Dyez, K.A., Hönisch, B. and Schmidt, G.A. (2018) Early Pleistocene Obliquity-Scale pCO2 Variability at ~1.5 Million Years Ago. Paleoceanography and Paleoclimatology 89",10.1029/2018PA003349,false,1,all known sources of error have been quantified and/or sensitivity of the CO2 estimate to those sources is small,,true,updated error calculation using per sample uncertainties,true,false,,false,added age uncertainty based on LR04,4.77,-20.93
boron_isotopes_dyez_2018_p1.0.xlsx,all known sources of error have been quantified and/or sensitivity of the CO2 estimate to those sources is small,Boron Proxies,703.5,4,4,263.11,30.88,29.24,"Dyez, K.A., Hönisch, B. and Schmidt, G.A. (2018) Early Pleistocene Obliquity-Scale pCO2 Variability at ~1.5 Million Years Ago. Paleoceanography and Paleoclimatology 90",10.1029/2018PA003349,false,1,all known sources of error have been quantified and/or sensitivity of the CO2 estimate to those sources is small,,true,updated error calculation using per sample uncertainties,true,false,,false,added age uncertainty based on LR04,4.77,-20.93
boron_isotopes_dyez_2018_p1.0.xlsx,all known sources of error have been quantified and/or sensitivity of the CO2 estimate to those sources is small,Boron Proxies,731,4,4,223.6,27.05,25.59,"Dyez, K.A., Hönisch, B. and Schmidt, G.A. (2018) Early Pleistocene Obliquity-Scale pCO2 Variability at ~1.5 Million Years Ago. Paleoceanography and Paleoclimatology 91",10.1029/2018PA003349,false,1,all known sources of error have been quantified and/or sensitivity of the CO2 estimate to those sources is small,,true,updated error calculation using per sample uncertainties,true,false,,false,added age uncertainty based on LR04,4.77,-20.93
boron_isotopes_dyez_2018_p1.0.xlsx,all known sources of error have been quantified and/or sensitivity of the CO2 estimate to those sources is small,Boron Proxies,752.4,4,4,208.65,23.6,22.55,"Dyez, K.A., Hönisch, B. and Schmidt, G.A. (2018) Early Pleistocene Obliquity-Scale pCO2 Variability at ~1.5 Million Years Ago. Paleoceanography and Paleoclimatology 92",10.1029/2018PA003349,false,1,all known sources of error have been quantified and/or sensitivity of the CO2 estimate to those sources is small,,true,updated error calculation using per sample uncertainties,true,false,,false,added age uncertainty based on LR04,4.77,-20.93
boron_isotopes_dyez_2018_p1.0.xlsx,all known sources of error have been quantified and/or sensitivity of the CO2 estimate to those sources is small,Boron Proxies,891.9,4,4,201.82,21.74,20.93,"Dyez, K.A., Hönisch, B. and Schmidt, G.A. (2018) Early Pleistocene Obliquity-Scale pCO2 Variability at ~1.5 Million Years Ago. Paleoceanography and Paleoclimatology 93",10.1029/2018PA003349,false,1,all known sources of error have been quantified and/or sensitivity of the CO2 estimate to those sources is small,,true,updated error calculation using per sample uncertainties,true,false,,false,added age uncertainty based on LR04,4.77,-20.93
boron_isotopes_dyez_2018_p1.0.xlsx,all known sources of error have been quantified and/or sensitivity of the CO2 estimate to those sources is small,Boron Proxies,950,4,4,281.42,52.2,45.63,"Dyez, K.A., Hönisch, B. and Schmidt, G.A. (2018) Early Pleistocene Obliquity-Scale pCO2 Variability at ~1.5 Million Years Ago. Paleoceanography and Paleoclimatology 94",10.1029/2018PA003349,false,1,all known sources of error have been quantified and/or sensitivity of the CO2 estimate to those sources is small,,true,updated error calculation using per sample uncertainties,true,false,,false,added age uncertainty based on LR04,4.77,-20.93
boron_isotopes_dyez_2018_p1.0.xlsx,all known sources of error have been quantified and/or sensitivity of the CO2 estimate to those sources is small,Boron Proxies,952.8,4,4,304.42,37.04,34.74,"Dyez, K.A., Hönisch, B. and Schmidt, G.A. (2018) Early Pleistocene Obliquity-Scale pCO2 Variability at ~1.5 Million Years Ago. Paleoceanography and Paleoclimatology 95",10.1029/2018PA003349,false,1,all known sources of error have been quantified and/or sensitivity of the CO2 estimate to those sources is small,,true,updated error calculation using per sample uncertainties,true,false,,false,added age uncertainty based on LR04,4.77,-20.93
boron_isotopes_dyez_2018_p1.0.xlsx,all known sources of error have been quantified and/or sensitivity of the CO2 estimate to those sources is small,Boron Proxies,1072.8,6,6,293.02,37.63,35.16,"Dyez, K.A., Hönisch, B. and Schmidt, G.A. (2018) Early Pleistocene Obliquity-Scale pCO2 Variability at ~1.5 Million Years Ago. Paleoceanography and Paleoclimatology 96",10.1029/2018PA003349,false,1,all known sources of error have been quantified and/or sensitivity of the CO2 estimate to those sources is small,,true,updated error calculation using per sample uncertainties,true,false,,false,added age uncertainty based on LR04,4.77,-20.93
boron_isotopes_dyez_2018_p1.0.xlsx,all known sources of error have been quantified and/or sensitivity of the CO2 estimate to those sources is small,Boron Proxies,1078.9,6,6,257.86,28.25,26.97,"Dyez, K.A., Hönisch, B. and Schmidt, G.A. (2018) Early Pleistocene Obliquity-Scale pCO2 Variability at ~1.5 Million Years Ago. Paleoceanography and Paleoclimatology 97",10.1029/2018PA003349,false,1,all known sources of error have been quantified and/or sensitivity of the CO2 estimate to those sources is small,,true,updated error calculation using per sample uncertainties,true,false,,false,added age uncertainty based on LR04,4.77,-20.93
boron_isotopes_dyez_2018_p1.0.xlsx,all known sources of error have been quantified and/or sensitivity of the CO2 estimate to those sources is small,Boron Proxies,1168.3,6,6,265.24,32.87,30.99,"Dyez, K.A., Hönisch, B. and Schmidt, G.A. (2018) Early Pleistocene Obliquity-Scale pCO2 Variability at ~1.5 Million Years Ago. Paleoceanography and Paleoclimatology 98",10.1029/2018PA003349,false,1,all known sources of error have been quantified and/or sensitivity of the CO2 estimate to those sources is small,,true,updated error calculation using per sample uncertainties,true,false,,false,added age uncertainty based on LR04,4.77,-20.93
boron_isotopes_dyez_2018_p1.0.xlsx,all known sources of error have been quantified and/or sensitivity of the CO2 estimate to those sources is small,Boron Proxies,1192.4,6,6,212.81,24.1,23.06,"Dyez, K.A., Hönisch, B. and Schmidt, G.A. (2018) Early Pleistocene Obliquity-Scale pCO2 Variability at ~1.5 Million Years Ago. Paleoceanography and Paleoclimatology 99",10.1029/2018PA003349,false,1,all known sources of error have been quantified and/or sensitivity of the CO2 estimate to those sources is small,,true,updated error calculation using per sample uncertainties,true,false,,false,added age uncertainty based on LR04,4.77,-20.93
boron_isotopes_dyez_2018_p1.0.xlsx,all known sources of error have been quantified and/or sensitivity of the CO2 estimate to those sources is small,Boron Proxies,1212.5,6,6,226.19,25.76,24.58,"Dyez, K.A., Hönisch, B. and Schmidt, G.A. (2018) Early Pleistocene Obliquity-Scale pCO2 Variability at ~1.5 Million Years Ago. Paleoceanography and Paleoclimatology 100",10.1029/2018PA003349,false,1,all known sources of error have been quantified and/or sensitivity of the CO2 estimate to those sources is small,,true,updated error calculation using per sample uncertainties,true,false,,false,added age uncertainty based on LR04,4.77,-20.93
boron_isotopes_dyez_2018_p1.0.xlsx,all known sources of error have been quantified and/or sensitivity of the CO2 estimate to those sources is small,Boron Proxies,1233.3,6,6,247,28.44,27.08,"Dyez, K.A., Hönisch, B. and Schmidt, G.A. (2018) Early Pleistocene Obliquity-Scale pCO2 Variability at ~1.5 Million Years Ago. Paleoceanography and Paleoclimatology 101",10.1029/2018PA003349,false,1,all known sources of error have been quantified and/or sensitivity of the CO2 estimate to those sources is small,,true,updated error calculation using per sample uncertainties,true,false,,false,added age uncertainty based on LR04,4.77,-20.93
boron_isotopes_dyez_2018_p1.0.xlsx,all known sources of error have been quantified and/or sensitivity of the CO2 estimate to those sources is small,Boron Proxies,1238.7,6,6,270.46,31.56,29.93,"Dyez, K.A., Hönisch, B. and Schmidt, G.A. (2018) Early Pleistocene Obliquity-Scale pCO2 Variability at ~1.5 Million Years Ago. Paleoceanography and Paleoclimatology 102",10.1029/2018PA003349,false,1,all known sources of error have been quantified and/or sensitivity of the CO2 estimate to those sources is small,,true,updated error calculation using per sample uncertainties,true,false,,false,added age uncertainty based on LR04,4.77,-20.93
boron_isotopes_dyez_2018_p1.0.xlsx,all known sources of error have been quantified and/or sensitivity of the CO2 estimate to those sources is small,Boron Proxies,1253,6,6,204.11,23.15,22.17,"Dyez, K.A., Hönisch, B. and Schmidt, G.A. (2018) Early Pleistocene Obliquity-Scale pCO2 Variability at ~1.5 Million Years Ago. Paleoceanography and Paleoclimatology 103",10.1029/2018PA003349,false,1,all known sources of error have been quantified and/or sensitivity of the CO2 estimate to those sources is small,,true,updated error calculation using per sample uncertainties,true,false,,false,added age uncertainty based on LR04,4.77,-20.93
boron_isotopes_dyez_2018_p1.0.xlsx,all known sources of error have been quantified and/or sensitivity of the CO2 estimate to those sources is small,Boron Proxies,1261.7,6,6,240.8,27.54,26.25,"Dyez, K.A., Hönisch, B. and Schmidt, G.A. (2018) Early Pleistocene Obliquity-Scale pCO2 Variability at ~1.5 Million Years Ago. Paleoceanography and Paleoclimatology 104",10.1029/2018PA003349,false,1,all known sources of error have been quantified and/or sensitivity of the CO2 estimate to those sources is small,,true,updated error calculation using per sample uncertainties,true,false,,false,added age uncertainty based on LR04,4.77,-20.93
boron_isotopes_dyez_2018_p1.0.xlsx,all known sources of error have been quantified and/or sensitivity of the CO2 estimate to those sources is small,Boron Proxies,1351.57,6,6,284.95,33.78,31.91,"Dyez, K.A., Hönisch, B. and Schmidt, G.A. (2018) Early Pleistocene Obliquity-Scale pCO2 Variability at ~1.5 Million Years Ago. Paleoceanography and Paleoclimatology 105",10.1029/2018PA003349,false,1,all known sources of error have been quantified and/or sensitivity of the CO2 estimate to those sources is small,,true,updated error calculation using per sample uncertainties,true,false,,false,added age uncertainty based on LR04,4.77,-20.93
boron_isotopes_dyez_2018_p1.0.xlsx,all known sources of error have been quantified and/or sensitivity of the CO2 estimate to those sources is small,Boron Proxies,1380.31,6,6,219.88,24.94,23.82,"Dyez, K.A., Hönisch, B. and Schmidt, G.A. (2018) Early Pleistocene Obliquity-Scale pCO2 Variability at ~1.5 Million Years Ago. Paleoceanography and Paleoclimatology 106",10.1029/2018PA003349,false,1,all known sources of error have been quantified and/or sensitivity of the CO2 estimate to those sources is small,,true,updated error calculation using per sample uncertainties,true,false,,false,added age uncertainty based on LR04,4.77,-20.93
boron_isotopes_dyez_2018_p1.0.xlsx,all known sources of error have been quantified and/or sensitivity of the CO2 estimate to those sources is small,Boron Proxies,1487,6,6,258.06,29.79,28.33,"Dyez, K.A., Hönisch, B. and Schmidt, G.A. (2018) Early Pleistocene Obliquity-Scale pCO2 Variability at ~1.5 Million Years Ago. Paleoceanography and Paleoclimatology 107",10.1029/2018PA003349,false,1,all known sources of error have been quantified and/or sensitivity of the CO2 estimate to those sources is small,,true,updated error calculation using per sample uncertainties,true,false,,false,added age uncertainty based on LR04,4.77,-20.93
boron_isotopes_dyez_2018_p1.0.xlsx,all known sources of error have been quantified and/or sensitivity of the CO2 estimate to those sources is small,Boron Proxies,1499,6,6,224.72,25.49,24.33,"Dyez, K.A., Hönisch, B. and Schmidt, G.A. (2018) Early Pleistocene Obliquity-Scale pCO2 Variability at ~1.5 Million Years Ago. Paleoceanography and Paleoclimatology 108",10.1029/2018PA003349,false,1,all known sources of error have been quantified and/or sensitivity of the CO2 estimate to those sources is small,,true,updated error calculation using per sample uncertainties,true,false,,false,added age uncertainty based on LR04,4.77,-20.93
boron_isotopes_dyez_2018_p1.0.xlsx,all known sources of error have been quantified and/or sensitivity of the CO2 estimate to those sources is small,Boron Proxies,1539,6,6,225.38,25.66,24.47,"Dyez, K.A., Hönisch, B. and Schmidt, G.A. (2018) Early Pleistocene Obliquity-Scale pCO2 Variability at ~1.5 Million Years Ago. Paleoceanography and Paleoclimatology 109",10.1029/2018PA003349,false,1,all known sources of error have been quantified and/or sensitivity of the CO2 estimate to those sources is small,,true,updated error calculation using per sample uncertainties,true,false,,false,added age uncertainty based on LR04,4.77,-20.93
boron_isotopes_dyez_2018_p1.0.xlsx,all known sources of error have been quantified and/or sensitivity of the CO2 estimate to those sources is small,Boron Proxies,1541.3,6,6,227.43,24.82,23.72,"Dyez, K.A., Hönisch, B. and Schmidt, G.A. (2018) Early Pleistocene Obliquity-Scale pCO2 Variability at ~1.5 Million Years Ago. Paleoceanography and Paleoclimatology 110",10.1029/2018PA003349,false,1,all known sources of error have been quantified and/or sensitivity of the CO2 estimate to those sources is small,,true,updated error calculation using per sample uncertainties,true,false,,false,added age uncertainty based on LR04,4.77,-20.93
boron_isotopes_dyez_2018_p1.0.xlsx,all known sources of error have been quantified and/or sensitivity of the CO2 estimate to those sources is small,Boron Proxies,1542.3,6,6,278.44,33.03,31.2,"Dyez, K.A., Hönisch, B. and Schmidt, G.A. (2018) Early Pleistocene Obliquity-Scale pCO2 Variability at ~1.5 Million Years Ago. Paleoceanography and Paleoclimatology 111",10.1029/2018PA003349,false,1,all known sources of error have been quantified and/or sensitivity of the CO2 estimate to those sources is small,,true,updated error calculation using per sample uncertainties,true,false,,false,added age uncertainty based on LR04,4.77,-20.93
boron_isotopes_dyez_2018_p1.0.xlsx,all known sources of error have been quantified and/or sensitivity of the CO2 estimate to those sources is small,Boron Proxies,1574.1,6,6,276.01,36.06,33.81,"Dyez, K.A., Hönisch, B. and Schmidt, G.A. (2018) Early Pleistocene Obliquity-Scale pCO2 Variability at ~1.5 Million Years Ago. Paleoceanography and Paleoclimatology 112",10.1029/2018PA003349,false,1,all known sources of error have been quantified and/or sensitivity of the CO2 estimate to those sources is small,,true,updated error calculation using per sample uncertainties,true,false,,false,added age uncertainty based on LR04,4.77,-20.93
boron_isotopes_dyez_2018_p1.0.xlsx,all known sources of error have been quantified and/or sensitivity of the CO2 estimate to those sources is small,Boron Proxies,1577.4,6,6,215.13,23.51,22.49,"Dyez, K.A., Hönisch, B. and Schmidt, G.A. (2018) Early Pleistocene Obliquity-Scale pCO2 Variability at ~1.5 Million Years Ago. Paleoceanography and Paleoclimatology 113",10.1029/2018PA003349,false,1,all known sources of error have been quantified and/or sensitivity of the CO2 estimate to those sources is small,,true,updated error calculation using per sample uncertainties,true,false,,false,added age uncertainty based on LR04,4.77,-20.93
boron_isotopes_dyez_2018_p1.0.xlsx,all known sources of error have been quantified and/or sensitivity of the CO2 estimate to those sources is small,Boron Proxies,1616,6,6,300.5,36.35,34.15,"Dyez, K.A., Hönisch, B. and Schmidt, G.A. (2018) Early Pleistocene Obliquity-Scale pCO2 Variability at ~1.5 Million Years Ago. Paleoceanography and Paleoclimatology 114",10.1029/2018PA003349,false,1,all known sources of error have been quantified and/or sensitivity of the CO2 estimate to those sources is small,,true,updated error calculation using per sample uncertainties,true,false,,false,added age uncertainty based on LR04,4.77,-20.93
boron_isotopes_dyez_2018_p1.0.xlsx,all known sources of error have been quantified and/or sensitivity of the CO2 estimate to those sources is small,Boron Proxies,1648.7,6,6,198.01,22.54,21.7,"Dyez, K.A., Hönisch, B. and Schmidt, G.A. (2018) Early Pleistocene Obliquity-Scale pCO2 Variability at ~1.5 Million Years Ago. Paleoceanography and Paleoclimatology 116",10.1029/2018PA003349,false,1,all known sources of error have been quantified and/or sensitivity of the CO2 estimate to those sources is small,,true,updated error calculation using per sample uncertainties,true,false,,false,added age uncertainty based on LR04,4.77,-20.93
boron_isotopes_dyez_2018_p1.0.xlsx,all known sources of error have been quantified and/or sensitivity of the CO2 estimate to those sources is small,Boron Proxies,1659.5,6,6,192.27,31.69,28.93,"Dyez, K.A., Hönisch, B. and Schmidt, G.A. (2018) Early Pleistocene Obliquity-Scale pCO2 Variability at ~1.5 Million Years Ago. Paleoceanography and Paleoclimatology 117",10.1029/2018PA003349,false,1,all known sources of error have been quantified and/or sensitivity of the CO2 estimate to those sources is small,,true,updated error calculation using per sample uncertainties,true,false,,false,added age uncertainty based on LR04,4.77,-20.93
boron_isotopes_dyez_2018_p1.0.xlsx,all known sources of error have been quantified and/or sensitivity of the CO2 estimate to those sources is small,Boron Proxies,1698.5,6,6,289.93,34.91,32.85,"Dyez, K.A., Hönisch, B. and Schmidt, G.A. (2018) Early Pleistocene Obliquity-Scale pCO2 Variability at ~1.5 Million Years Ago. Paleoceanography and Paleoclimatology 118",10.1029/2018PA003349,false,1,all known sources of error have been quantified and/or sensitivity of the CO2 estimate to those sources is small,,true,updated error calculation using per sample uncertainties,true,false,,false,added age uncertainty based on LR04,4.77,-20.93
boron_isotopes_dyez_2018_p1.0.xlsx,all known sources of error have been quantified and/or sensitivity of the CO2 estimate to those sources is small,Boron Proxies,1753.1,6,6,286.35,33.46,31.47,"Dyez, K.A., Hönisch, B. and Schmidt, G.A. (2018) Early Pleistocene Obliquity-Scale pCO2 Variability at ~1.5 Million Years Ago. Paleoceanography and Paleoclimatology 119",10.1029/2018PA003349,false,1,all known sources of error have been quantified and/or sensitivity of the CO2 estimate to those sources is small,,true,updated error calculation using per sample uncertainties,true,false,,false,added age uncertainty based on LR04,4.77,-20.93
boron_isotopes_dyez_2018_p1.0.xlsx,all known sources of error have been quantified and/or sensitivity of the CO2 estimate to those sources is small,Boron Proxies,1779.6,6,6,224.38,25.63,24.45,"Dyez, K.A., Hönisch, B. and Schmidt, G.A. (2018) Early Pleistocene Obliquity-Scale pCO2 Variability at ~1.5 Million Years Ago. Paleoceanography and Paleoclimatology 121",10.1029/2018PA003349,false,1,all known sources of error have been quantified and/or sensitivity of the CO2 estimate to those sources is small,,true,updated error calculation using per sample uncertainties,true,false,,false,added age uncertainty based on LR04,4.77,-20.93
boron_isotopes_dyez_2018_p1.0.xlsx,all known sources of error have been quantified and/or sensitivity of the CO2 estimate to those sources is small,Boron Proxies,1975.13,6,6,202.18,28.25,27.4,"Dyez, K.A., Hönisch, B. and Schmidt, G.A. (2018) Early Pleistocene Obliquity-Scale pCO2 Variability at ~1.5 Million Years Ago. Paleoceanography and Paleoclimatology 122",10.1029/2018PA003349,false,1,all known sources of error have been quantified and/or sensitivity of the CO2 estimate to those sources is small,,true,updated error calculation using per sample uncertainties,true,false,,false,added age uncertainty based on LR04,12.91083,-78.83333
boron_isotopes_dyez_2018_p1.0.xlsx,all known sources of error have been quantified and/or sensitivity of the CO2 estimate to those sources is small,Boron Proxies,2026.54,6,6,234.18,32.54,31.46,"Dyez, K.A., Hönisch, B. and Schmidt, G.A. (2018) Early Pleistocene Obliquity-Scale pCO2 Variability at ~1.5 Million Years Ago. Paleoceanography and Paleoclimatology 123",10.1029/2018PA003349,false,1,all known sources of error have been quantified and/or sensitivity of the CO2 estimate to those sources is small,,true,updated error calculation using per sample uncertainties,true,false,,false,added age uncertainty based on LR04,12.91083,-78.83333
boron_isotopes_dyez_2018_p1.0.xlsx,all known sources of error have been quantified and/or sensitivity of the CO2 estimate to those sources is small,Boron Proxies,2078.09,6,6,208.19,29.94,28.9,"Dyez, K.A., Hönisch, B. and Schmidt, G.A. (2018) Early Pleistocene Obliquity-Scale pCO2 Variability at ~1.5 Million Years Ago. Paleoceanography and Paleoclimatology 124",10.1029/2018PA003349,false,1,all known sources of error have been quantified and/or sensitivity of the CO2 estimate to those sources is small,,true,updated error calculation using per sample uncertainties,true,false,,false,added age uncertainty based on LR04,12.91083,-78.83333
boron_isotopes_dyez_2018_p1.0.xlsx,all known sources of error have been quantified and/or sensitivity of the CO2 estimate to those sources is small,Boron Proxies,2161.01,6,6,194.72,28.13,27.22,"Dyez, K.A., Hönisch, B. and Schmidt, G.A. (2018) Early Pleistocene Obliquity-Scale pCO2 Variability at ~1.5 Million Years Ago. Paleoceanography and Paleoclimatology 125",10.1029/2018PA003349,false,1,all known sources of error have been quantified and/or sensitivity of the CO2 estimate to those sources is small,,true,updated error calculation using per sample uncertainties,true,false,,false,added age uncertainty based on LR04,12.91083,-78.83333
boron_isotopes_dyez_2018_p1.0.xlsx,all known sources of error have been quantified and/or sensitivity of the CO2 estimate to those sources is small,Boron Proxies,2166.04,6,6,299.14,43.43,41.22,"Dyez, K.A., Hönisch, B. and Schmidt, G.A. (2018) Early Pleistocene Obliquity-Scale pCO2 Variability at ~1.5 Million Years Ago. Paleoceanography and Paleoclimatology 126",10.1029/2018PA003349,false,1,all known sources of error have been quantified and/or sensitivity of the CO2 estimate to those sources is small,,true,updated error calculation using per sample uncertainties,true,false,,false,added age uncertainty based on LR04,12.91083,-78.83333
boron_isotopes_dyez_2018_p1.0.xlsx,all known sources of error have been quantified and/or sensitivity of the CO2 estimate to those sources is small,Boron Proxies,2201.94,6,6,307.6,44.17,41.85,"Dyez, K.A., Hönisch, B. and Schmidt, G.A. (2018) Early Pleistocene Obliquity-Scale pCO2 Variability at ~1.5 Million Years Ago. Paleoceanography and Paleoclimatology 127",10.1029/2018PA003349,false,1,all known sources of error have been quantified and/or sensitivity of the CO2 estimate to those sources is small,,true,updated error calculation using per sample uncertainties,true,false,,false,added age uncertainty based on LR04,12.91083,-78.83333
boron_isotopes_dyez_2018_p1.0.xlsx,all known sources of error have been quantified and/or sensitivity of the CO2 estimate to those sources is small,Boron Proxies,2304.67,6,6,210.26,30.15,29.13,"Dyez, K.A., Hönisch, B. and Schmidt, G.A. (2018) Early Pleistocene Obliquity-Scale pCO2 Variability at ~1.5 Million Years Ago. Paleoceanography and Paleoclimatology 128",10.1029/2018PA003349,false,1,all known sources of error have been quantified and/or sensitivity of the CO2 estimate to those sources is small,,true,updated error calculation using per sample uncertainties,true,false,,false,added age uncertainty based on LR04,12.91083,-78.83333
boron_isotopes_dyez_2018_p1.0.xlsx,all known sources of error have been quantified and/or sensitivity of the CO2 estimate to those sources is small,Boron Proxies,2502.94,6,6,289.32,41.6,39.64,"Dyez, K.A., Hönisch, B. and Schmidt, G.A. (2018) Early Pleistocene Obliquity-Scale pCO2 Variability at ~1.5 Million Years Ago. Paleoceanography and Paleoclimatology 129",10.1029/2018PA003349,false,1,all known sources of error have been quantified and/or sensitivity of the CO2 estimate to those sources is small,,true,updated error calculation using per sample uncertainties,true,false,,false,added age uncertainty based on LR04,12.91083,-78.83333
boron_isotopes_dyez_2018_p1.0.xlsx,all known sources of error have been quantified and/or sensitivity of the CO2 estimate to those sources is small,Boron Proxies,2558.58,6,6,242.64,36.91,35.3,"Dyez, K.A., Hönisch, B. and Schmidt, G.A. (2018) Early Pleistocene Obliquity-Scale pCO2 Variability at ~1.5 Million Years Ago. Paleoceanography and Paleoclimatology 130",10.1029/2018PA003349,false,1,all known sources of error have been quantified and/or sensitivity of the CO2 estimate to those sources is small,,true,updated error calculation using per sample uncertainties,true,false,,false,added age uncertainty based on LR04,12.91083,-78.83333
boron_isotopes_dyez_2018_p1.0.xlsx,all known sources of error have been quantified and/or sensitivity of the CO2 estimate to those sources is small,Boron Proxies,2600.86,6,6,201.37,28.43,27.51,"Dyez, K.A., Hönisch, B. and Schmidt, G.A. (2018) Early Pleistocene Obliquity-Scale pCO2 Variability at ~1.5 Million Years Ago. Paleoceanography and Paleoclimatology 131",10.1029/2018PA003349,false,1,all known sources of error have been quantified and/or sensitivity of the CO2 estimate to those sources is small,,true,updated error calculation using per sample uncertainties,true,false,,false,added age uncertainty based on LR04,12.91083,-78.83333
boron_isotopes_dyez_2018_p1.0.xlsx,all known sources of error have been quantified and/or sensitivity of the CO2 estimate to those sources is small,Boron Proxies,2685.47,6,6,195.25,30.11,28.9,"Dyez, K.A., Hönisch, B. and Schmidt, G.A. (2018) Early Pleistocene Obliquity-Scale pCO2 Variability at ~1.5 Million Years Ago. Paleoceanography and Paleoclimatology 132",10.1029/2018PA003349,false,1,all known sources of error have been quantified and/or sensitivity of the CO2 estimate to those sources is small,,true,updated error calculation using per sample uncertainties,true,false,,false,added age uncertainty based on LR04,12.91083,-78.83333
boron_isotopes_dyez_2018_p1.0.xlsx,all known sources of error have been quantified and/or sensitivity of the CO2 estimate to those sources is small,Boron Proxies,2702.22,6,6,278.59,41.66,39.55,"Dyez, K.A., Hönisch, B. and Schmidt, G.A. (2018) Early Pleistocene Obliquity-Scale pCO2 Variability at ~1.5 Million Years Ago. Paleoceanography and Paleoclimatology 133",10.1029/2018PA003349,false,1,all known sources of error have been quantified and/or sensitivity of the CO2 estimate to those sources is small,,true,updated error calculation using per sample uncertainties,true,false,,false,added age uncertainty based on LR04,12.91083,-78.83333
boron_isotopes_dyez_2018_p1.0.xlsx,all known sources of error have been quantified and/or sensitivity of the CO2 estimate to those sources is small,Boron Proxies,2705.51,6,6,267.92,38.62,36.88,"Dyez, K.A., Hönisch, B. and Schmidt, G.A. (2018) Early Pleistocene Obliquity-Scale pCO2 Variability at ~1.5 Million Years Ago. Paleoceanography and Paleoclimatology 134",10.1029/2018PA003349,false,1,all known sources of error have been quantified and/or sensitivity of the CO2 estimate to those sources is small,,true,updated error calculation using per sample uncertainties,true,false,,false,added age uncertainty based on LR04,12.91083,-78.83333
boron_isotopes_dyez_2018_p1.0.xlsx,all known sources of error have been quantified and/or sensitivity of the CO2 estimate to those sources is small,Boron Proxies,2708.11,6,6,223.8,32.31,31.12,"Dyez, K.A., Hönisch, B. and Schmidt, G.A. (2018) Early Pleistocene Obliquity-Scale pCO2 Variability at ~1.5 Million Years Ago. Paleoceanography and Paleoclimatology 135",10.1029/2018PA003349,false,1,all known sources of error have been quantified and/or sensitivity of the CO2 estimate to those sources is small,,true,updated error calculation using per sample uncertainties,true,false,,false,added age uncertainty based on LR04,12.91083,-78.83333
boron_isotopes_dyez_2018_p1.0.xlsx,all known sources of error have been quantified and/or sensitivity of the CO2 estimate to those sources is small,Boron Proxies,2710.46,6,6,287.54,83.07,68.02,"Dyez, K.A., Hönisch, B. and Schmidt, G.A. (2018) Early Pleistocene Obliquity-Scale pCO2 Variability at ~1.5 Million Years Ago. Paleoceanography and Paleoclimatology 136",10.1029/2018PA003349,false,1,all known sources of error have been quantified and/or sensitivity of the CO2 estimate to those sources is small,,true,updated error calculation using per sample uncertainties,true,false,,false,added age uncertainty based on LR04,12.91083,-78.83333
boron_isotopes_dyez_2018_p1.0.xlsx,all known sources of error have been quantified and/or sensitivity of the CO2 estimate to those sources is small,Boron Proxies,2751.56,6,6,251.12,35.8,34.37,"Dyez, K.A., Hönisch, B. and Schmidt, G.A. (2018) Early Pleistocene Obliquity-Scale pCO2 Variability at ~1.5 Million Years Ago. Paleoceanography and Paleoclimatology 137",10.1029/2018PA003349,false,1,all known sources of error have been quantified and/or sensitivity of the CO2 estimate to those sources is small,,true,updated error calculation using per sample uncertainties,true,false,,false,added age uncertainty based on LR04,12.91083,-78.83333
boron_isotopes_dyez_2018_p1.0.xlsx,all known sources of error have been quantified and/or sensitivity of the CO2 estimate to those sources is small,Boron Proxies,2772.86,6,6,292.8,43.48,41.09,"Dyez, K.A., Hönisch, B. and Schmidt, G.A. (2018) Early Pleistocene Obliquity-Scale pCO2 Variability at ~1.5 Million Years Ago. Paleoceanography and Paleoclimatology 138",10.1029/2018PA003349,false,1,all known sources of error have been quantified and/or sensitivity of the CO2 estimate to those sources is small,,true,updated error calculation using per sample uncertainties,true,false,,false,added age uncertainty based on LR04,12.91083,-78.83333
boron_isotopes_dyez_2018_p1.0.xlsx,all known sources of error have been quantified and/or sensitivity of the CO2 estimate to those sources is small,Boron Proxies,2778.72,6,6,332.98,50.11,46.98,"Dyez, K.A., Hönisch, B. and Schmidt, G.A. (2018) Early Pleistocene Obliquity-Scale pCO2 Variability at ~1.5 Million Years Ago. Paleoceanography and Paleoclimatology 139",10.1029/2018PA003349,false,1,all known sources of error have been quantified and/or sensitivity of the CO2 estimate to those sources is small,,true,updated error calculation using per sample uncertainties,true,false,,false,added age uncertainty based on LR04,12.91083,-78.83333
boron_isotopes_dyez_2018_p1.0.xlsx,all known sources of error have been quantified and/or sensitivity of the CO2 estimate to those sources is small,Boron Proxies,2781.41,6,6,274.62,39.48,37.72,"Dyez, K.A., Hönisch, B. and Schmidt, G.A. (2018) Early Pleistocene Obliquity-Scale pCO2 Variability at ~1.5 Million Years Ago. Paleoceanography and Paleoclimatology 140",10.1029/2018PA003349,false,1,all known sources of error have been quantified and/or sensitivity of the CO2 estimate to those sources is small,,true,updated error calculation using per sample uncertainties,true,false,,false,added age uncertainty based on LR04,12.91083,-78.83333
boron_isotopes_dyez_2018_p1.0.xlsx,all known sources of error have been quantified and/or sensitivity of the CO2 estimate to those sources is small,Boron Proxies,2795.49,6,6,263.95,38.55,36.89,"Dyez, K.A., Hönisch, B. and Schmidt, G.A. (2018) Early Pleistocene Obliquity-Scale pCO2 Variability at ~1.5 Million Years Ago. Paleoceanography and Paleoclimatology 141",10.1029/2018PA003349,false,1,all known sources of error have been quantified and/or sensitivity of the CO2 estimate to those sources is small,,true,updated error calculation using per sample uncertainties,true,false,,false,added age uncertainty based on LR04,12.91083,-78.83333
boron_isotopes_dyez_2018_p1.0.xlsx,all known sources of error have been quantified and/or sensitivity of the CO2 estimate to those sources is small,Boron Proxies,2918.77,6,6,221.33,32.39,31.13,"Dyez, K.A., Hönisch, B. and Schmidt, G.A. (2018) Early Pleistocene Obliquity-Scale pCO2 Variability at ~1.5 Million Years Ago. Paleoceanography and Paleoclimatology 142",10.1029/2018PA003349,false,1,all known sources of error have been quantified and/or sensitivity of the CO2 estimate to those sources is small,,true,updated error calculation using per sample uncertainties,true,false,,false,added age uncertainty based on LR04,12.91083,-78.83333
boron_isotopes_dyez_2018_p1.0.xlsx,all known sources of error have been quantified and/or sensitivity of the CO2 estimate to those sources is small,Boron Proxies,3000.57,15,15,301.32,45.63,42.87,"Dyez, K.A., Hönisch, B. and Schmidt, G.A. (2018) Early Pleistocene Obliquity-Scale pCO2 Variability at ~1.5 Million Years Ago. Paleoceanography and Paleoclimatology 143",10.1029/2018PA003349,false,1,all known sources of error have been quantified and/or sensitivity of the CO2 estimate to those sources is small,,true,updated error calculation using per sample uncertainties,true,false,,false,added age uncertainty based on LR04,12.91083,-78.83333
boron_isotopes_dyez_2018_p1.0.xlsx,all known sources of error have been quantified and/or sensitivity of the CO2 estimate to those sources is small,Boron Proxies,3073.92,15,15,246.18,35.71,34.16,"Dyez, K.A., Hönisch, B. and Schmidt, G.A. (2018) Early Pleistocene Obliquity-Scale pCO2 Variability at ~1.5 Million Years Ago. Paleoceanography and Paleoclimatology 144",10.1029/2018PA003349,false,1,all known sources of error have been quantified and/or sensitivity of the CO2 estimate to those sources is small,,true,updated error calculation using per sample uncertainties,true,false,,false,added age uncertainty based on LR04,12.91083,-78.83333
boron_isotopes_dyez_2018_p1.0.xlsx,all known sources of error have been quantified and/or sensitivity of the CO2 estimate to those sources is small,Boron Proxies,3081.38,15,15,325.19,50.93,47.52,"Dyez, K.A., Hönisch, B. and Schmidt, G.A. (2018) Early Pleistocene Obliquity-Scale pCO2 Variability at ~1.5 Million Years Ago. Paleoceanography and Paleoclimatology 145",10.1029/2018PA003349,false,1,all known sources of error have been quantified and/or sensitivity of the CO2 estimate to those sources is small,,true,updated error calculation using per sample uncertainties,true,false,,false,added age uncertainty based on LR04,12.91083,-78.83333
boron_isotopes_dyez_2018_p1.0.xlsx,all known sources of error have been quantified and/or sensitivity of the CO2 estimate to those sources is small,Boron Proxies,3104.91,15,15,251.6,35.94,34.38,"Dyez, K.A., Hönisch, B. and Schmidt, G.A. (2018) Early Pleistocene Obliquity-Scale pCO2 Variability at ~1.5 Million Years Ago. Paleoceanography and Paleoclimatology 146",10.1029/2018PA003349,false,1,all known sources of error have been quantified and/or sensitivity of the CO2 estimate to those sources is small,,true,updated error calculation using per sample uncertainties,true,false,,false,added age uncertainty based on LR04,12.91083,-78.83333
boron_isotopes_dyez_2018_p1.0.xlsx,all known sources of error have been quantified and/or sensitivity of the CO2 estimate to those sources is small,Boron Proxies,3155.92,15,15,225.8,36.01,34.31,"Dyez, K.A., Hönisch, B. and Schmidt, G.A. (2018) Early Pleistocene Obliquity-Scale pCO2 Variability at ~1.5 Million Years Ago. Paleoceanography and Paleoclimatology 147",10.1029/2018PA003349,false,1,all known sources of error have been quantified and/or sensitivity of the CO2 estimate to those sources is small,,true,updated error calculation using per sample uncertainties,true,false,,false,added age uncertainty based on LR04,12.91083,-78.83333
boron_isotopes_dyez_2018_p1.0.xlsx,all known sources of error have been quantified and/or sensitivity of the CO2 estimate to those sources is small,Boron Proxies,3218.57,15,15,222.97,34.43,32.91,"Dyez, K.A., Hönisch, B. and Schmidt, G.A. (2018) Early Pleistocene Obliquity-Scale pCO2 Variability at ~1.5 Million Years Ago. Paleoceanography and Paleoclimatology 148",10.1029/2018PA003349,false,1,all known sources of error have been quantified and/or sensitivity of the CO2 estimate to those sources is small,,true,updated error calculation using per sample uncertainties,true,false,,false,added age uncertainty based on LR04,12.91083,-78.83333
boron_isotopes_dyez_2018_p1.0.xlsx,all known sources of error have been quantified and/or sensitivity of the CO2 estimate to those sources is small,Boron Proxies,3239.16,15,15,270.84,40.21,38.05,"Dyez, K.A., Hönisch, B. and Schmidt, G.A. (2018) Early Pleistocene Obliquity-Scale pCO2 Variability at ~1.5 Million Years Ago. Paleoceanography and Paleoclimatology 149",10.1029/2018PA003349,false,1,all known sources of error have been quantified and/or sensitivity of the CO2 estimate to those sources is small,,true,updated error calculation using per sample uncertainties,true,false,,false,added age uncertainty based on LR04,12.91083,-78.83333
boron_isotopes_dyez_2018_p1.0.xlsx,all known sources of error have been quantified and/or sensitivity of the CO2 estimate to those sources is small,Boron Proxies,3259.14,15,15,223.33,34.6,33.05,"Dyez, K.A., Hönisch, B. and Schmidt, G.A. (2018) Early Pleistocene Obliquity-Scale pCO2 Variability at ~1.5 Million Years Ago. Paleoceanography and Paleoclimatology 150",10.1029/2018PA003349,false,1,all known sources of error have been quantified and/or sensitivity of the CO2 estimate to those sources is small,,true,updated error calculation using per sample uncertainties,true,false,,false,added age uncertainty based on LR04,12.91083,-78.83333
boron_isotopes_dyez_2018_p1.0.xlsx,all known sources of error have been quantified and/or sensitivity of the CO2 estimate to those sources is small,Boron Proxies,3321.59,15,15,250.07,37.58,35.76,"Dyez, K.A., Hönisch, B. and Schmidt, G.A. (2018) Early Pleistocene Obliquity-Scale pCO2 Variability at ~1.5 Million Years Ago. Paleoceanography and Paleoclimatology 151",10.1029/2018PA003349,false,1,all known sources of error have been quantified and/or sensitivity of the CO2 estimate to those sources is small,,true,updated error calculation using per sample uncertainties,true,false,,false,added age uncertainty based on LR04,12.91083,-78.83333
boron_isotopes_dyez_2018_p1.0.xlsx,all known sources of error have been quantified and/or sensitivity of the CO2 estimate to those sources is small,Boron Proxies,3403.24,15,15,244.63,36.15,34.45,"Dyez, K.A., Hönisch, B. and Schmidt, G.A. (2018) Early Pleistocene Obliquity-Scale pCO2 Variability at ~1.5 Million Years Ago. Paleoceanography and Paleoclimatology 152",10.1029/2018PA003349,false,1,all known sources of error have been quantified and/or sensitivity of the CO2 estimate to those sources is small,,true,updated error calculation using per sample uncertainties,true,false,,false,added age uncertainty based on LR04,12.91083,-78.83333
boron_isotopes_dyez_2018_p1.0.xlsx,all known sources of error have been quantified and/or sensitivity of the CO2 estimate to those sources is small,Boron Proxies,3406.73,15,15,244.34,38.12,36.25,"Dyez, K.A., Hönisch, B. and Schmidt, G.A. (2018) Early Pleistocene Obliquity-Scale pCO2 Variability at ~1.5 Million Years Ago. Paleoceanography and Paleoclimatology 153",10.1029/2018PA003349,false,1,all known sources of error have been quantified and/or sensitivity of the CO2 estimate to those sources is small,,true,updated error calculation using per sample uncertainties,true,false,,false,added age uncertainty based on LR04,12.91083,-78.83333
boron_isotopes_dyez_2018_p1.0.xlsx,all known sources of error have been quantified and/or sensitivity of the CO2 estimate to those sources is small,Boron Proxies,3471.47,15,15,264.69,40.29,38.16,"Dyez, K.A., Hönisch, B. and Schmidt, G.A. (2018) Early Pleistocene Obliquity-Scale pCO2 Variability at ~1.5 Million Years Ago. Paleoceanography and Paleoclimatology 154",10.1029/2018PA003349,false,1,all known sources of error have been quantified and/or sensitivity of the CO2 estimate to those sources is small,,true,updated error calculation using per sample uncertainties,true,false,,false,added age uncertainty based on LR04,12.91083,-78.83333
boron_isotopes_dyez_2018_p1.0.xlsx,all known sources of error have been quantified and/or sensitivity of the CO2 estimate to those sources is small,Boron Proxies,3542.53,15,15,282.37,44.9,42.33,"Dyez, K.A., Hönisch, B. and Schmidt, G.A. (2018) Early Pleistocene Obliquity-Scale pCO2 Variability at ~1.5 Million Years Ago. Paleoceanography and Paleoclimatology 155",10.1029/2018PA003349,false,1,all known sources of error have been quantified and/or sensitivity of the CO2 estimate to those sources is small,,true,updated error calculation using per sample uncertainties,true,false,,false,added age uncertainty based on LR04,12.91083,-78.83333
boron_isotopes_dyez_2018_p1.0.xlsx,all known sources of error have been quantified and/or sensitivity of the CO2 estimate to those sources is small,Boron Proxies,3590.77,15,15,264.3,40.56,38.34,"Dyez, K.A., Hönisch, B. and Schmidt, G.A. (2018) Early Pleistocene Obliquity-Scale pCO2 Variability at ~1.5 Million Years Ago. Paleoceanography and Paleoclimatology 156",10.1029/2018PA003349,false,1,all known sources of error have been quantified and/or sensitivity of the CO2 estimate to those sources is small,,true,updated error calculation using per sample uncertainties,true,false,,false,added age uncertainty based on LR04,12.91083,-78.83333
boron_isotopes_dyez_2018_p1.0.xlsx,all known sources of error have been quantified and/or sensitivity of the CO2 estimate to those sources is small,Boron Proxies,3716.06,15,15,282.92,44.06,41.42,"Dyez, K.A., Hönisch, B. and Schmidt, G.A. (2018) Early Pleistocene Obliquity-Scale pCO2 Variability at ~1.5 Million Years Ago. Paleoceanography and Paleoclimatology 157",10.1029/2018PA003349,false,1,all known sources of error have been quantified and/or sensitivity of the CO2 estimate to those sources is small,,true,updated error calculation using per sample uncertainties,true,false,,false,added age uncertainty based on LR04,12.91083,-78.83333
boron_isotopes_dyez_2018_p1.0.xlsx,all known sources of error have been quantified and/or sensitivity of the CO2 estimate to those sources is small,Boron Proxies,3792.18,15,15,260,41.05,38.82,"Dyez, K.A., Hönisch, B. and Schmidt, G.A. (2018) Early Pleistocene Obliquity-Scale pCO2 Variability at ~1.5 Million Years Ago. Paleoceanography and Paleoclimatology 158",10.1029/2018PA003349,false,1,all known sources of error have been quantified and/or sensitivity of the CO2 estimate to those sources is small,,true,updated error calculation using per sample uncertainties,true,false,,false,added age uncertainty based on LR04,12.91083,-78.83333
boron_isotopes_dyez_2018_p1.0.xlsx,all known sources of error have been quantified and/or sensitivity of the CO2 estimate to those sources is small,Boron Proxies,3870.13,15,15,340.01,56.83,52.12,"Dyez, K.A., Hönisch, B. and Schmidt, G.A. (2018) Early Pleistocene Obliquity-Scale pCO2 Variability at ~1.5 Million Years Ago. Paleoceanography and Paleoclimatology 159",10.1029/2018PA003349,false,1,all known sources of error have been quantified and/or sensitivity of the CO2 estimate to those sources is small,,true,updated error calculation using per sample uncertainties,true,false,,false,added age uncertainty based on LR04,12.91083,-78.83333
boron_isotopes_dyez_2018_p1.0.xlsx,all known sources of error have been quantified and/or sensitivity of the CO2 estimate to those sources is small,Boron Proxies,3961.07,15,15,278.71,44.42,41.56,"Dyez, K.A., Hönisch, B. and Schmidt, G.A. (2018) Early Pleistocene Obliquity-Scale pCO2 Variability at ~1.5 Million Years Ago. Paleoceanography and Paleoclimatology 160",10.1029/2018PA003349,false,1,all known sources of error have been quantified and/or sensitivity of the CO2 estimate to those sources is small,,true,updated error calculation using per sample uncertainties,true,false,,false,added age uncertainty based on LR04,12.91083,-78.83333
boron_isotopes_dyez_2018_p1.0.xlsx,all known sources of error have been quantified and/or sensitivity of the CO2 estimate to those sources is small,Boron Proxies,4036.18,30,30,286.13,46.82,43.47,"Dyez, K.A., Hönisch, B. and Schmidt, G.A. (2018) Early Pleistocene Obliquity-Scale pCO2 Variability at ~1.5 Million Years Ago. Paleoceanography and Paleoclimatology 161",10.1029/2018PA003349,false,1,all known sources of error have been quantified and/or sensitivity of the CO2 estimate to those sources is small,,true,updated error calculation using per sample uncertainties,true,false,,false,added age uncertainty based on LR04,12.91083,-78.83333
boron_isotopes_dyez_2018_p1.0.xlsx,all known sources of error have been quantified and/or sensitivity of the CO2 estimate to those sources is small,Boron Proxies,4117.13,30,30,330.25,55.91,51.37,"Dyez, K.A., Hönisch, B. and Schmidt, G.A. (2018) Early Pleistocene Obliquity-Scale pCO2 Variability at ~1.5 Million Years Ago. Paleoceanography and Paleoclimatology 162",10.1029/2018PA003349,false,1,all known sources of error have been quantified and/or sensitivity of the CO2 estimate to those sources is small,,true,updated error calculation using per sample uncertainties,true,false,,false,added age uncertainty based on LR04,12.91083,-78.83333
boron_isotopes_dyez_2018_p1.0.xlsx,all known sources of error have been quantified and/or sensitivity of the CO2 estimate to those sources is small,Boron Proxies,4580.3,30,30,355.49,64.53,58.05,"Dyez, K.A., Hönisch, B. and Schmidt, G.A. (2018) Early Pleistocene Obliquity-Scale pCO2 Variability at ~1.5 Million Years Ago. Paleoceanography and Paleoclimatology 163",10.1029/2018PA003349,false,1,all known sources of error have been quantified and/or sensitivity of the CO2 estimate to those sources is small,,true,updated error calculation using per sample uncertainties,true,false,,false,added age uncertainty based on LR04,12.91083,-78.83333
boron_isotopes_brown_2022_p1.0.xlsx,all known sources of error have been quantified and/or sensitivity of the CO2 estimate to those sources is small,Boron Proxies,4935.72,15,15,312.13,94.2,90.9,"Brown, R.M., Chalk, T.B., Crocker, A.J., Wilson, P.A. and Foster, G.L., 2022. Late Miocene cooling coupled to carbon dioxide with Pleistocene-like climate sensitivity. Nature Geoscience, 15(8), pp.664-670.",10.1038/s41561-022-00982-7,true,1,all known sources of error have been quantified and/or sensitivity of the CO2 estimate to those sources is small,,,,false,false,False,false,added age uncertainties based nannofossil biostratigraphy uncertainty reported by Zeeden et al.(2013) age model,3.72125,-42.91329
boron_isotopes_brown_2022_p1.0.xlsx,all known sources of error have been quantified and/or sensitivity of the CO2 estimate to those sources is small,Boron Proxies,4976.91,15,15,327.15,101.01,97.31,"Brown, R.M., Chalk, T.B., Crocker, A.J., Wilson, P.A. and Foster, G.L., 2022. Late Miocene cooling coupled to carbon dioxide with Pleistocene-like climate sensitivity. Nature Geoscience, 15(8), pp.664-670.",10.1038/s41561-022-00982-7,true,1,all known sources of error have been quantified and/or sensitivity of the CO2 estimate to those sources is small,,,,false,false,False,false,added age uncertainties based nannofossil biostratigraphy uncertainty reported by Zeeden et al.(2013) age model,3.72125,-42.91329
boron_isotopes_brown_2022_p1.0.xlsx,all known sources of error have been quantified and/or sensitivity of the CO2 estimate to those sources is small,Boron Proxies,4998.53,15,15,319.94,98.44,92.74,"Brown, R.M., Chalk, T.B., Crocker, A.J., Wilson, P.A. and Foster, G.L., 2022. Late Miocene cooling coupled to carbon dioxide with Pleistocene-like climate sensitivity. Nature Geoscience, 15(8), pp.664-670.",10.1038/s41561-022-00982-7,true,1,all known sources of error have been quantified and/or sensitivity of the CO2 estimate to those sources is small,,,,false,false,False,false,added age uncertainties based nannofossil biostratigraphy uncertainty reported by Zeeden et al.(2013) age model,3.72125,-42.91329
boron_isotopes_brown_2022_p1.0.xlsx,all known sources of error have been quantified and/or sensitivity of the CO2 estimate to those sources is small,Boron Proxies,5052.34,15,15,319.36,97.01,93.71,"Brown, R.M., Chalk, T.B., Crocker, A.J., Wilson, P.A. and Foster, G.L., 2022. Late Miocene cooling coupled to carbon dioxide with Pleistocene-like climate sensitivity. Nature Geoscience, 15(8), pp.664-670.",10.1038/s41561-022-00982-7,true,1,all known sources of error have been quantified and/or sensitivity of the CO2 estimate to those sources is small,,,,false,false,False,false,added age uncertainties based nannofossil biostratigraphy uncertainty reported by Zeeden et al.(2013) age model,3.72125,-42.91329
boron_isotopes_brown_2022_p1.0.xlsx,all known sources of error have been quantified and/or sensitivity of the CO2 estimate to those sources is small,Boron Proxies,5057.68,15,15,391.88,118.32,115.38,"Brown, R.M., Chalk, T.B., Crocker, A.J., Wilson, P.A. and Foster, G.L., 2022. Late Miocene cooling coupled to carbon dioxide with Pleistocene-like climate sensitivity. Nature Geoscience, 15(8), pp.664-670.",10.1038/s41561-022-00982-7,true,1,all known sources of error have been quantified and/or sensitivity of the CO2 estimate to those sources is small,,,,false,false,False,false,added age uncertainties based nannofossil biostratigraphy uncertainty reported by Zeeden et al.(2013) age model,3.72125,-42.91329
boron_isotopes_brown_2022_p1.0.xlsx,all known sources of error have been quantified and/or sensitivity of the CO2 estimate to those sources is small,Boron Proxies,5119.58,15,15,366.36,112.95,108.25,"Brown, R.M., Chalk, T.B., Crocker, A.J., Wilson, P.A. and Foster, G.L., 2022. Late Miocene cooling coupled to carbon dioxide with Pleistocene-like climate sensitivity. Nature Geoscience, 15(8), pp.664-670.",10.1038/s41561-022-00982-7,true,1,all known sources of error have been quantified and/or sensitivity of the CO2 estimate to those sources is small,,,,false,false,False,false,added age uncertainties based nannofossil biostratigraphy uncertainty reported by Zeeden et al.(2013) age model,3.72125,-42.91329
boron_isotopes_brown_2022_p1.0.xlsx,all known sources of error have been quantified and/or sensitivity of the CO2 estimate to those sources is small,Boron Proxies,5168.89,15,15,310.38,93.66,91.06,"Brown, R.M., Chalk, T.B., Crocker, A.J., Wilson, P.A. and Foster, G.L., 2022. Late Miocene cooling coupled to carbon dioxide with Pleistocene-like climate sensitivity. Nature Geoscience, 15(8), pp.664-670.",10.1038/s41561-022-00982-7,true,1,all known sources of error have been quantified and/or sensitivity of the CO2 estimate to those sources is small,,,,false,false,False,false,added age uncertainties based nannofossil biostratigraphy uncertainty reported by Zeeden et al.(2013) age model,3.72125,-42.91329
boron_isotopes_brown_2022_p1.0.xlsx,all known sources of error have been quantified and/or sensitivity of the CO2 estimate to those sources is small,Boron Proxies,5179.47,15,15,298.28,91.72,89.26,"Brown, R.M., Chalk, T.B., Crocker, A.J., Wilson, P.A. and Foster, G.L., 2022. Late Miocene cooling coupled to carbon dioxide with Pleistocene-like climate sensitivity. Nature Geoscience, 15(8), pp.664-670.",10.1038/s41561-022-00982-7,true,1,all known sources of error have been quantified and/or sensitivity of the CO2 estimate to those sources is small,,,,false,false,False,false,added age uncertainties based nannofossil biostratigraphy uncertainty reported by Zeeden et al.(2013) age model,3.72125,-42.91329
boron_isotopes_brown_2022_p1.0.xlsx,all known sources of error have been quantified and/or sensitivity of the CO2 estimate to those sources is small,Boron Proxies,5199.15,15,15,332.17,100.69,97.63,"Brown, R.M., Chalk, T.B., Crocker, A.J., Wilson, P.A. and Foster, G.L., 2022. Late Miocene cooling coupled to carbon dioxide with Pleistocene-like climate sensitivity. Nature Geoscience, 15(8), pp.664-670.",10.1038/s41561-022-00982-7,true,1,all known sources of error have been quantified and/or sensitivity of the CO2 estimate to those sources is small,,,,false,false,False,false,added age uncertainties based nannofossil biostratigraphy uncertainty reported by Zeeden et al.(2013) age model,3.72125,-42.91329
boron_isotopes_brown_2022_p1.0.xlsx,all known sources of error have been quantified and/or sensitivity of the CO2 estimate to those sources is small,Boron Proxies,5234.13,15,15,307.05,95.27,90.88,"Brown, R.M., Chalk, T.B., Crocker, A.J., Wilson, P.A. and Foster, G.L., 2022. Late Miocene cooling coupled to carbon dioxide with Pleistocene-like climate sensitivity. Nature Geoscience, 15(8), pp.664-670.",10.1038/s41561-022-00982-7,true,1,all known sources of error have been quantified and/or sensitivity of the CO2 estimate to those sources is small,,,,false,false,False,false,added age uncertainties based nannofossil biostratigraphy uncertainty reported by Zeeden et al.(2013) age model,3.72125,-42.91329
boron_isotopes_brown_2022_p1.0.xlsx,all known sources of error have been quantified and/or sensitivity of the CO2 estimate to those sources is small,Boron Proxies,5272.4,15,15,382.4,116.88,112.58,"Brown, R.M., Chalk, T.B., Crocker, A.J., Wilson, P.A. and Foster, G.L., 2022. Late Miocene cooling coupled to carbon dioxide with Pleistocene-like climate sensitivity. Nature Geoscience, 15(8), pp.664-670.",10.1038/s41561-022-00982-7,true,1,all known sources of error have been quantified and/or sensitivity of the CO2 estimate to those sources is small,,,,false,false,False,false,added age uncertainties based nannofossil biostratigraphy uncertainty reported by Zeeden et al.(2013) age model,3.72125,-42.91329
boron_isotopes_brown_2022_p1.0.xlsx,all known sources of error have been quantified and/or sensitivity of the CO2 estimate to those sources is small,Boron Proxies,5305.5,15,15,290.51,89.83,86.97,"Brown, R.M., Chalk, T.B., Crocker, A.J., Wilson, P.A. and Foster, G.L., 2022. Late Miocene cooling coupled to carbon dioxide with Pleistocene-like climate sensitivity. Nature Geoscience, 15(8), pp.664-670.",10.1038/s41561-022-00982-7,true,1,all known sources of error have been quantified and/or sensitivity of the CO2 estimate to those sources is small,,,,false,false,False,false,added age uncertainties based nannofossil biostratigraphy uncertainty reported by Zeeden et al.(2013) age model,3.72125,-42.91329
boron_isotopes_brown_2022_p1.0.xlsx,all known sources of error have been quantified and/or sensitivity of the CO2 estimate to those sources is small,Boron Proxies,5358.76,15,15,332.84,100.96,98.68,"Brown, R.M., Chalk, T.B., Crocker, A.J., Wilson, P.A. and Foster, G.L., 2022. Late Miocene cooling coupled to carbon dioxide with Pleistocene-like climate sensitivity. Nature Geoscience, 15(8), pp.664-670.",10.1038/s41561-022-00982-7,true,1,all known sources of error have been quantified and/or sensitivity of the CO2 estimate to those sources is small,,,,false,false,False,false,added age uncertainties based nannofossil biostratigraphy uncertainty reported by Zeeden et al.(2013) age model,3.72125,-42.91329
boron_isotopes_brown_2022_p1.0.xlsx,all known sources of error have been quantified and/or sensitivity of the CO2 estimate to those sources is small,Boron Proxies,5381.93,15,15,351.4,105.49,101.33,"Brown, R.M., Chalk, T.B., Crocker, A.J., Wilson, P.A. and Foster, G.L., 2022. Late Miocene cooling coupled to carbon dioxide with Pleistocene-like climate sensitivity. Nature Geoscience, 15(8), pp.664-670.",10.1038/s41561-022-00982-7,true,1,all known sources of error have been quantified and/or sensitivity of the CO2 estimate to those sources is small,,,,false,false,False,false,added age uncertainties based nannofossil biostratigraphy uncertainty reported by Zeeden et al.(2013) age model,3.72125,-42.91329
boron_isotopes_brown_2022_p1.0.xlsx,all known sources of error have been quantified and/or sensitivity of the CO2 estimate to those sources is small,Boron Proxies,5416.84,15,15,299.97,93.2,89.71,"Brown, R.M., Chalk, T.B., Crocker, A.J., Wilson, P.A. and Foster, G.L., 2022. Late Miocene cooling coupled to carbon dioxide with Pleistocene-like climate sensitivity. Nature Geoscience, 15(8), pp.664-670.",10.1038/s41561-022-00982-7,true,1,all known sources of error have been quantified and/or sensitivity of the CO2 estimate to those sources is small,,,,false,false,False,false,added age uncertainties based nannofossil biostratigraphy uncertainty reported by Zeeden et al.(2013) age model,3.72125,-42.91329
boron_isotopes_brown_2022_p1.0.xlsx,all known sources of error have been quantified and/or sensitivity of the CO2 estimate to those sources is small,Boron Proxies,5452.01,15,15,370.86,113.24,106.88,"Brown, R.M., Chalk, T.B., Crocker, A.J., Wilson, P.A. and Foster, G.L., 2022. Late Miocene cooling coupled to carbon dioxide with Pleistocene-like climate sensitivity. Nature Geoscience, 15(8), pp.664-670.",10.1038/s41561-022-00982-7,true,1,all known sources of error have been quantified and/or sensitivity of the CO2 estimate to those sources is small,,,,false,false,False,false,added age uncertainties based nannofossil biostratigraphy uncertainty reported by Zeeden et al.(2013) age model,3.72125,-42.91329
boron_isotopes_brown_2022_p1.0.xlsx,all known sources of error have been quantified and/or sensitivity of the CO2 estimate to those sources is small,Boron Proxies,5494.03,15,15,344.07,106.33,101.47,"Brown, R.M., Chalk, T.B., Crocker, A.J., Wilson, P.A. and Foster, G.L., 2022. Late Miocene cooling coupled to carbon dioxide with Pleistocene-like climate sensitivity. Nature Geoscience, 15(8), pp.664-670.",10.1038/s41561-022-00982-7,true,1,all known sources of error have been quantified and/or sensitivity of the CO2 estimate to those sources is small,,,,false,false,False,false,added age uncertainties based nannofossil biostratigraphy uncertainty reported by Zeeden et al.(2013) age model,3.72125,-42.91329
boron_isotopes_brown_2022_p1.0.xlsx,all known sources of error have been quantified and/or sensitivity of the CO2 estimate to those sources is small,Boron Proxies,5536.67,15,15,328.73,102.08,96.37,"Brown, R.M., Chalk, T.B., Crocker, A.J., Wilson, P.A. and Foster, G.L., 2022. Late Miocene cooling coupled to carbon dioxide with Pleistocene-like climate sensitivity. Nature Geoscience, 15(8), pp.664-670.",10.1038/s41561-022-00982-7,true,1,all known sources of error have been quantified and/or sensitivity of the CO2 estimate to those sources is small,,,,false,false,False,false,added age uncertainties based nannofossil biostratigraphy uncertainty reported by Zeeden et al.(2013) age model,3.72125,-42.91329
boron_isotopes_brown_2022_p1.0.xlsx,all known sources of error have been quantified and/or sensitivity of the CO2 estimate to those sources is small,Boron Proxies,5579.56,15,15,400.79,121.38,117.15,"Brown, R.M., Chalk, T.B., Crocker, A.J., Wilson, P.A. and Foster, G.L., 2022. Late Miocene cooling coupled to carbon dioxide with Pleistocene-like climate sensitivity. Nature Geoscience, 15(8), pp.664-670.",10.1038/s41561-022-00982-7,true,1,all known sources of error have been quantified and/or sensitivity of the CO2 estimate to those sources is small,,,,false,false,False,false,added age uncertainties based nannofossil biostratigraphy uncertainty reported by Zeeden et al.(2013) age model,3.72125,-42.91329
boron_isotopes_brown_2022_p1.0.xlsx,all known sources of error have been quantified and/or sensitivity of the CO2 estimate to those sources is small,Boron Proxies,5601.56,15,15,299.25,92.93,88.43,"Brown, R.M., Chalk, T.B., Crocker, A.J., Wilson, P.A. and Foster, G.L., 2022. Late Miocene cooling coupled to carbon dioxide with Pleistocene-like climate sensitivity. Nature Geoscience, 15(8), pp.664-670.",10.1038/s41561-022-00982-7,true,1,all known sources of error have been quantified and/or sensitivity of the CO2 estimate to those sources is small,,,,false,false,False,false,added age uncertainties based nannofossil biostratigraphy uncertainty reported by Zeeden et al.(2013) age model,3.72125,-42.91329
boron_isotopes_brown_2022_p1.0.xlsx,all known sources of error have been quantified and/or sensitivity of the CO2 estimate to those sources is small,Boron Proxies,5654.11,15,15,372.21,116.84,108.01,"Brown, R.M., Chalk, T.B., Crocker, A.J., Wilson, P.A. and Foster, G.L., 2022. Late Miocene cooling coupled to carbon dioxide with Pleistocene-like climate sensitivity. Nature Geoscience, 15(8), pp.664-670.",10.1038/s41561-022-00982-7,true,1,all known sources of error have been quantified and/or sensitivity of the CO2 estimate to those sources is small,,,,false,false,False,false,added age uncertainties based nannofossil biostratigraphy uncertainty reported by Zeeden et al.(2013) age model,3.72125,-42.91329
boron_isotopes_brown_2022_p1.0.xlsx,all known sources of error have been quantified and/or sensitivity of the CO2 estimate to those sources is small,Boron Proxies,5708.16,15,15,297.46,91.75,88.69,"Brown, R.M., Chalk, T.B., Crocker, A.J., Wilson, P.A. and Foster, G.L., 2022. Late Miocene cooling coupled to carbon dioxide with Pleistocene-like climate sensitivity. Nature Geoscience, 15(8), pp.664-670.",10.1038/s41561-022-00982-7,true,1,all known sources of error have been quantified and/or sensitivity of the CO2 estimate to those sources is small,,,,false,false,False,false,added age uncertainties based nannofossil biostratigraphy uncertainty reported by Zeeden et al.(2013) age model,3.72125,-42.91329
boron_isotopes_brown_2022_p1.0.xlsx,all known sources of error have been quantified and/or sensitivity of the CO2 estimate to those sources is small,Boron Proxies,5714.84,15,15,302.06,94.21,87.61,"Brown, R.M., Chalk, T.B., Crocker, A.J., Wilson, P.A. and Foster, G.L., 2022. Late Miocene cooling coupled to carbon dioxide with Pleistocene-like climate sensitivity. Nature Geoscience, 15(8), pp.664-670.",10.1038/s41561-022-00982-7,true,1,all known sources of error have been quantified and/or sensitivity of the CO2 estimate to those sources is small,,,,false,false,False,false,added age uncertainties based nannofossil biostratigraphy uncertainty reported by Zeeden et al.(2013) age model,3.72125,-42.91329
boron_isotopes_brown_2022_p1.0.xlsx,all known sources of error have been quantified and/or sensitivity of the CO2 estimate to those sources is small,Boron Proxies,5765.99,15,15,409.44,124.43,118.35,"Brown, R.M., Chalk, T.B., Crocker, A.J., Wilson, P.A. and Foster, G.L., 2022. Late Miocene cooling coupled to carbon dioxide with Pleistocene-like climate sensitivity. Nature Geoscience, 15(8), pp.664-670.",10.1038/s41561-022-00982-7,true,1,all known sources of error have been quantified and/or sensitivity of the CO2 estimate to those sources is small,,,,false,false,False,false,added age uncertainties based nannofossil biostratigraphy uncertainty reported by Zeeden et al.(2013) age model,3.72125,-42.91329
boron_isotopes_brown_2022_p1.0.xlsx,all known sources of error have been quantified and/or sensitivity of the CO2 estimate to those sources is small,Boron Proxies,5807.4,15,15,294.7,93.31,87.98,"Brown, R.M., Chalk, T.B., Crocker, A.J., Wilson, P.A. and Foster, G.L., 2022. Late Miocene cooling coupled to carbon dioxide with Pleistocene-like climate sensitivity. Nature Geoscience, 15(8), pp.664-670.",10.1038/s41561-022-00982-7,true,1,all known sources of error have been quantified and/or sensitivity of the CO2 estimate to those sources is small,,,,false,false,False,false,added age uncertainties based nannofossil biostratigraphy uncertainty reported by Zeeden et al.(2013) age model,3.72125,-42.91329
boron_isotopes_brown_2022_p1.0.xlsx,all known sources of error have been quantified and/or sensitivity of the CO2 estimate to those sources is small,Boron Proxies,5852.19,15,15,283.05,86.69,84.65,"Brown, R.M., Chalk, T.B., Crocker, A.J., Wilson, P.A. and Foster, G.L., 2022. Late Miocene cooling coupled to carbon dioxide with Pleistocene-like climate sensitivity. Nature Geoscience, 15(8), pp.664-670.",10.1038/s41561-022-00982-7,true,1,all known sources of error have been quantified and/or sensitivity of the CO2 estimate to those sources is small,,,,false,false,False,false,added age uncertainties based nannofossil biostratigraphy uncertainty reported by Zeeden et al.(2013) age model,3.72125,-42.91329
boron_isotopes_brown_2022_p1.0.xlsx,all known sources of error have been quantified and/or sensitivity of the CO2 estimate to those sources is small,Boron Proxies,5892.7,15,15,280.78,86.92,83.3,"Brown, R.M., Chalk, T.B., Crocker, A.J., Wilson, P.A. and Foster, G.L., 2022. Late Miocene cooling coupled to carbon dioxide with Pleistocene-like climate sensitivity. Nature Geoscience, 15(8), pp.664-670.",10.1038/s41561-022-00982-7,true,1,all known sources of error have been quantified and/or sensitivity of the CO2 estimate to those sources is small,,,,false,false,False,false,added age uncertainties based nannofossil biostratigraphy uncertainty reported by Zeeden et al.(2013) age model,3.72125,-42.91329
boron_isotopes_brown_2022_p1.0.xlsx,all known sources of error have been quantified and/or sensitivity of the CO2 estimate to those sources is small,Boron Proxies,5971.38,15,15,302.78,91.8,91.37,"Brown, R.M., Chalk, T.B., Crocker, A.J., Wilson, P.A. and Foster, G.L., 2022. Late Miocene cooling coupled to carbon dioxide with Pleistocene-like climate sensitivity. Nature Geoscience, 15(8), pp.664-670.",10.1038/s41561-022-00982-7,true,1,all known sources of error have been quantified and/or sensitivity of the CO2 estimate to those sources is small,,,,false,false,False,false,added age uncertainties based nannofossil biostratigraphy uncertainty reported by Zeeden et al.(2013) age model,3.72125,-42.91329
boron_isotopes_brown_2022_p1.0.xlsx,all known sources of error have been quantified and/or sensitivity of the CO2 estimate to those sources is small,Boron Proxies,6018.5,15,15,373.58,112.06,110.51,"Brown, R.M., Chalk, T.B., Crocker, A.J., Wilson, P.A. and Foster, G.L., 2022. Late Miocene cooling coupled to carbon dioxide with Pleistocene-like climate sensitivity. Nature Geoscience, 15(8), pp.664-670.",10.1038/s41561-022-00982-7,true,1,all known sources of error have been quantified and/or sensitivity of the CO2 estimate to those sources is small,,,,false,false,False,false,added age uncertainties based nannofossil biostratigraphy uncertainty reported by Zeeden et al.(2013) age model,3.72125,-42.91329
boron_isotopes_brown_2022_p1.0.xlsx,all known sources of error have been quantified and/or sensitivity of the CO2 estimate to those sources is small,Boron Proxies,6061.46,15,15,345.34,105.48,102.26,"Brown, R.M., Chalk, T.B., Crocker, A.J., Wilson, P.A. and Foster, G.L., 2022. Late Miocene cooling coupled to carbon dioxide with Pleistocene-like climate sensitivity. Nature Geoscience, 15(8), pp.664-670.",10.1038/s41561-022-00982-7,true,1,all known sources of error have been quantified and/or sensitivity of the CO2 estimate to those sources is small,,,,false,false,False,false,added age uncertainties based nannofossil biostratigraphy uncertainty reported by Zeeden et al.(2013) age model,3.72125,-42.91329
boron_isotopes_brown_2022_p1.0.xlsx,all known sources of error have been quantified and/or sensitivity of the CO2 estimate to those sources is small,Boron Proxies,6102.94,15,15,359.41,109.48,105.77,"Brown, R.M., Chalk, T.B., Crocker, A.J., Wilson, P.A. and Foster, G.L., 2022. Late Miocene cooling coupled to carbon dioxide with Pleistocene-like climate sensitivity. Nature Geoscience, 15(8), pp.664-670.",10.1038/s41561-022-00982-7,true,1,all known sources of error have been quantified and/or sensitivity of the CO2 estimate to those sources is small,,,,false,false,False,false,added age uncertainties based nannofossil biostratigraphy uncertainty reported by Zeeden et al.(2013) age model,3.72125,-42.91329
boron_isotopes_brown_2022_p1.0.xlsx,all known sources of error have been quantified and/or sensitivity of the CO2 estimate to those sources is small,Boron Proxies,6229.33,15,15,413.74,131.14,121.27,"Brown, R.M., Chalk, T.B., Crocker, A.J., Wilson, P.A. and Foster, G.L., 2022. Late Miocene cooling coupled to carbon dioxide with Pleistocene-like climate sensitivity. Nature Geoscience, 15(8), pp.664-670.",10.1038/s41561-022-00982-7,true,1,all known sources of error have been quantified and/or sensitivity of the CO2 estimate to those sources is small,,,,false,false,False,false,added age uncertainties based nannofossil biostratigraphy uncertainty reported by Zeeden et al.(2013) age model,3.72125,-42.91329
boron_isotopes_brown_2022_p1.0.xlsx,all known sources of error have been quantified and/or sensitivity of the CO2 estimate to those sources is small,Boron Proxies,6291.76,15,15,328.79,101.81,96.85,"Brown, R.M., Chalk, T.B., Crocker, A.J., Wilson, P.A. and Foster, G.L., 2022. Late Miocene cooling coupled to carbon dioxide with Pleistocene-like climate sensitivity. Nature Geoscience, 15(8), pp.664-670.",10.1038/s41561-022-00982-7,true,1,all known sources of error have been quantified and/or sensitivity of the CO2 estimate to those sources is small,,,,false,false,False,false,added age uncertainties based nannofossil biostratigraphy uncertainty reported by Zeeden et al.(2013) age model,3.72125,-42.91329
boron_isotopes_brown_2022_p1.0.xlsx,all known sources of error have been quantified and/or sensitivity of the CO2 estimate to those sources is small,Boron Proxies,6298.89,15,15,381.47,119.01,114.33,"Brown, R.M., Chalk, T.B., Crocker, A.J., Wilson, P.A. and Foster, G.L., 2022. Late Miocene cooling coupled to carbon dioxide with Pleistocene-like climate sensitivity. Nature Geoscience, 15(8), pp.664-670.",10.1038/s41561-022-00982-7,true,1,all known sources of error have been quantified and/or sensitivity of the CO2 estimate to those sources is small,,,,false,false,False,false,added age uncertainties based nannofossil biostratigraphy uncertainty reported by Zeeden et al.(2013) age model,3.72125,-42.91329
boron_isotopes_brown_2022_p1.0.xlsx,all known sources of error have been quantified and/or sensitivity of the CO2 estimate to those sources is small,Boron Proxies,6346.43,15,15,376.37,124.96,113.93,"Brown, R.M., Chalk, T.B., Crocker, A.J., Wilson, P.A. and Foster, G.L., 2022. Late Miocene cooling coupled to carbon dioxide with Pleistocene-like climate sensitivity. Nature Geoscience, 15(8), pp.664-670.",10.1038/s41561-022-00982-7,true,1,all known sources of error have been quantified and/or sensitivity of the CO2 estimate to those sources is small,,,,false,false,False,false,added age uncertainties based nannofossil biostratigraphy uncertainty reported by Zeeden et al.(2013) age model,3.72125,-42.91329
boron_isotopes_brown_2022_p1.0.xlsx,all known sources of error have been quantified and/or sensitivity of the CO2 estimate to those sources is small,Boron Proxies,6385.08,15,15,309.75,97.87,92.7,"Brown, R.M., Chalk, T.B., Crocker, A.J., Wilson, P.A. and Foster, G.L., 2022. Late Miocene cooling coupled to carbon dioxide with Pleistocene-like climate sensitivity. Nature Geoscience, 15(8), pp.664-670.",10.1038/s41561-022-00982-7,true,1,all known sources of error have been quantified and/or sensitivity of the CO2 estimate to those sources is small,,,,false,false,False,false,added age uncertainties based nannofossil biostratigraphy uncertainty reported by Zeeden et al.(2013) age model,3.72125,-42.91329
boron_isotopes_brown_2022_p1.0.xlsx,all known sources of error have been quantified and/or sensitivity of the CO2 estimate to those sources is small,Boron Proxies,6456.97,15,15,384.17,118.62,112.45,"Brown, R.M., Chalk, T.B., Crocker, A.J., Wilson, P.A. and Foster, G.L., 2022. Late Miocene cooling coupled to carbon dioxide with Pleistocene-like climate sensitivity. Nature Geoscience, 15(8), pp.664-670.",10.1038/s41561-022-00982-7,true,1,all known sources of error have been quantified and/or sensitivity of the CO2 estimate to those sources is small,,,,false,false,False,false,added age uncertainties based nannofossil biostratigraphy uncertainty reported by Zeeden et al.(2013) age model,3.72125,-42.91329
boron_isotopes_brown_2022_p1.0.xlsx,all known sources of error have been quantified and/or sensitivity of the CO2 estimate to those sources is small,Boron Proxies,6504.65,15,15,320.68,101.33,94.92,"Brown, R.M., Chalk, T.B., Crocker, A.J., Wilson, P.A. and Foster, G.L., 2022. Late Miocene cooling coupled to carbon dioxide with Pleistocene-like climate sensitivity. Nature Geoscience, 15(8), pp.664-670.",10.1038/s41561-022-00982-7,true,1,all known sources of error have been quantified and/or sensitivity of the CO2 estimate to those sources is small,,,,false,false,False,false,added age uncertainties based nannofossil biostratigraphy uncertainty reported by Zeeden et al.(2013) age model,3.72125,-42.91329
boron_isotopes_brown_2022_p1.0.xlsx,all known sources of error have been quantified and/or sensitivity of the CO2 estimate to those sources is small,Boron Proxies,6563.48,15,15,378.13,117.45,111.53,"Brown, R.M., Chalk, T.B., Crocker, A.J., Wilson, P.A. and Foster, G.L., 2022. Late Miocene cooling coupled to carbon dioxide with Pleistocene-like climate sensitivity. Nature Geoscience, 15(8), pp.664-670.",10.1038/s41561-022-00982-7,true,1,all known sources of error have been quantified and/or sensitivity of the CO2 estimate to those sources is small,,,,false,false,False,false,added age uncertainties based nannofossil biostratigraphy uncertainty reported by Zeeden et al.(2013) age model,3.72125,-42.91329
boron_isotopes_brown_2022_p1.0.xlsx,all known sources of error have been quantified and/or sensitivity of the CO2 estimate to those sources is small,Boron Proxies,6588.43,15,15,327.76,100.54,95.14,"Brown, R.M., Chalk, T.B., Crocker, A.J., Wilson, P.A. and Foster, G.L., 2022. Late Miocene cooling coupled to carbon dioxide with Pleistocene-like climate sensitivity. Nature Geoscience, 15(8), pp.664-670.",10.1038/s41561-022-00982-7,true,1,all known sources of error have been quantified and/or sensitivity of the CO2 estimate to those sources is small,,,,false,false,False,false,added age uncertainties based nannofossil biostratigraphy uncertainty reported by Zeeden et al.(2013) age model,3.72125,-42.91329
boron_isotopes_brown_2022_p1.0.xlsx,all known sources of error have been quantified and/or sensitivity of the CO2 estimate to those sources is small,Boron Proxies,6604.6,15,15,434.23,133.64,124.05,"Brown, R.M., Chalk, T.B., Crocker, A.J., Wilson, P.A. and Foster, G.L., 2022. Late Miocene cooling coupled to carbon dioxide with Pleistocene-like climate sensitivity. Nature Geoscience, 15(8), pp.664-670.",10.1038/s41561-022-00982-7,true,1,all known sources of error have been quantified and/or sensitivity of the CO2 estimate to those sources is small,,,,false,false,False,false,added age uncertainties based nannofossil biostratigraphy uncertainty reported by Zeeden et al.(2013) age model,3.72125,-42.91329
boron_isotopes_brown_2022_p1.0.xlsx,all known sources of error have been quantified and/or sensitivity of the CO2 estimate to those sources is small,Boron Proxies,6632.52,15,15,378.8,114.35,109.34,"Brown, R.M., Chalk, T.B., Crocker, A.J., Wilson, P.A. and Foster, G.L., 2022. Late Miocene cooling coupled to carbon dioxide with Pleistocene-like climate sensitivity. Nature Geoscience, 15(8), pp.664-670.",10.1038/s41561-022-00982-7,true,1,all known sources of error have been quantified and/or sensitivity of the CO2 estimate to those sources is small,,,,false,false,False,false,added age uncertainties based nannofossil biostratigraphy uncertainty reported by Zeeden et al.(2013) age model,3.72125,-42.91329
boron_isotopes_brown_2022_p1.0.xlsx,all known sources of error have been quantified and/or sensitivity of the CO2 estimate to those sources is small,Boron Proxies,6772.37,15,15,408.27,121.87,117.09,"Brown, R.M., Chalk, T.B., Crocker, A.J., Wilson, P.A. and Foster, G.L., 2022. Late Miocene cooling coupled to carbon dioxide with Pleistocene-like climate sensitivity. Nature Geoscience, 15(8), pp.664-670.",10.1038/s41561-022-00982-7,true,1,all known sources of error have been quantified and/or sensitivity of the CO2 estimate to those sources is small,,,,false,false,False,false,added age uncertainties based nannofossil biostratigraphy uncertainty reported by Zeeden et al.(2013) age model,3.72125,-42.91329
boron_isotopes_brown_2022_p1.0.xlsx,all known sources of error have been quantified and/or sensitivity of the CO2 estimate to those sources is small,Boron Proxies,6787.53,15,15,333.75,101.66,99.67,"Brown, R.M., Chalk, T.B., Crocker, A.J., Wilson, P.A. and Foster, G.L., 2022. Late Miocene cooling coupled to carbon dioxide with Pleistocene-like climate sensitivity. Nature Geoscience, 15(8), pp.664-670.",10.1038/s41561-022-00982-7,true,1,all known sources of error have been quantified and/or sensitivity of the CO2 estimate to those sources is small,,,,false,false,False,false,added age uncertainties based nannofossil biostratigraphy uncertainty reported by Zeeden et al.(2013) age model,3.72125,-42.91329
boron_isotopes_brown_2022_p1.0.xlsx,all known sources of error have been quantified and/or sensitivity of the CO2 estimate to those sources is small,Boron Proxies,6930.86,15,15,390.27,190.28,146.1,"Brown, R.M., Chalk, T.B., Crocker, A.J., Wilson, P.A. and Foster, G.L., 2022. Late Miocene cooling coupled to carbon dioxide with Pleistocene-like climate sensitivity. Nature Geoscience, 15(8), pp.664-670.",10.1038/s41561-022-00982-7,true,1,all known sources of error have been quantified and/or sensitivity of the CO2 estimate to those sources is small,,,,false,false,False,false,added age uncertainties based nannofossil biostratigraphy uncertainty reported by Zeeden et al.(2013) age model,3.72125,-42.91329
boron_isotopes_henehan_2019_p1.0.xlsx,all known sources of error have been quantified and/or sensitivity of the CO2 estimate to those sources is small,Boron Proxies,66132.33,110,110,874.86,259.74,205.9,"Henehan, M. J.,  Ridgwell, A., Thomas, E., Zhang, S., Alegret, L., Schmidt, D. N., Rae, J. W. B., Witts, J. D., Landman, N. H., Greene, S. E. Huber, B. T. Super, J. R., Planavsky, N. J. and Hull, P. M. (2019).  Rapid ocean acidification and protracted Earth
system recovery followed the end-Cretaceous
Chicxulub impact. Proceedings of the National Academy of Sciences, in press. www.pnas.org/cgi/doi/10.1073/pnas.1905989116",10.1073/pnas.1905989116,false,1,all known sources of error have been quantified and/or sensitivity of the CO2 estimate to those sources is small,False,true,Original paper used MyAMI lookup table from Hain et al. (2015) that was wrong,true,false,False,false,added age uncertainties based on mean of Ar/Ar dates of K/Pg and magnetochron boundaries from Sprain et al. 2018 (doi:10.1130/B31890.1),33.821,178.92
boron_isotopes_henehan_2019_p1.0.xlsx,all known sources of error have been quantified and/or sensitivity of the CO2 estimate to those sources is small,Boron Proxies,66039,87,87,1667.74,450.81,329.61,"Henehan, M. J.,  Ridgwell, A., Thomas, E., Zhang, S., Alegret, L., Schmidt, D. N., Rae, J. W. B., Witts, J. D., Landman, N. H., Greene, S. E. Huber, B. T. Super, J. R., Planavsky, N. J. and Hull, P. M. (2019).  Rapid ocean acidification and protracted Earth
system recovery followed the end-Cretaceous
Chicxulub impact. Proceedings of the National Academy of Sciences, in press. www.pnas.org/cgi/doi/10.1073/pnas.1905989116",10.1073/pnas.1905989116,false,1,all known sources of error have been quantified and/or sensitivity of the CO2 estimate to those sources is small,False,true,Original paper used MyAMI lookup table from Hain et al. (2015) that was wrong,true,false,False,false,added age uncertainties based on mean of Ar/Ar dates of K/Pg and magnetochron boundaries from Sprain et al. 2018 (doi:10.1130/B31890.1),50.865,5.784
boron_isotopes_henehan_2019_p1.0.xlsx,all known sources of error have been quantified and/or sensitivity of the CO2 estimate to those sources is small,Boron Proxies,66039,87,87,1578.1,570.09,389.35,"Henehan, M. J.,  Ridgwell, A., Thomas, E., Zhang, S., Alegret, L., Schmidt, D. N., Rae, J. W. B., Witts, J. D., Landman, N. H., Greene, S. E. Huber, B. T. Super, J. R., Planavsky, N. J. and Hull, P. M. (2019).  Rapid ocean acidification and protracted Earth
system recovery followed the end-Cretaceous
Chicxulub impact. Proceedings of the National Academy of Sciences, in press. www.pnas.org/cgi/doi/10.1073/pnas.1905989116",10.1073/pnas.1905989116,false,1,all known sources of error have been quantified and/or sensitivity of the CO2 estimate to those sources is small,False,true,Original paper used MyAMI lookup table from Hain et al. (2015) that was wrong,true,false,False,false,added age uncertainties based on mean of Ar/Ar dates of K/Pg and magnetochron boundaries from Sprain et al. 2018 (doi:10.1130/B31890.1),50.865,5.784
boron_isotopes_henehan_2019_p1.0.xlsx,all known sources of error have been quantified and/or sensitivity of the CO2 estimate to those sources is small,Boron Proxies,66320,110,110,1017.06,189.84,146.73,"Henehan, M. J.,  Ridgwell, A., Thomas, E., Zhang, S., Alegret, L., Schmidt, D. N., Rae, J. W. B., Witts, J. D., Landman, N. H., Greene, S. E. Huber, B. T. Super, J. R., Planavsky, N. J. and Hull, P. M. (2019).  Rapid ocean acidification and protracted Earth
system recovery followed the end-Cretaceous
Chicxulub impact. Proceedings of the National Academy of Sciences, in press. www.pnas.org/cgi/doi/10.1073/pnas.1905989116",10.1073/pnas.1905989116,false,1,all known sources of error have been quantified and/or sensitivity of the CO2 estimate to those sources is small,False,true,Original paper used MyAMI lookup table from Hain et al. (2015) that was wrong,true,false,False,false,added age uncertainties based on mean of Ar/Ar dates of K/Pg and magnetochron boundaries from Sprain et al. 2018 (doi:10.1130/B31890.1),34.056,-88.924
boron_isotopes_henehan_2019_p1.0.xlsx,all known sources of error have been quantified and/or sensitivity of the CO2 estimate to those sources is small,Boron Proxies,66820,110,110,959.9,296.22,226.63,"Henehan, M. J.,  Ridgwell, A., Thomas, E., Zhang, S., Alegret, L., Schmidt, D. N., Rae, J. W. B., Witts, J. D., Landman, N. H., Greene, S. E. Huber, B. T. Super, J. R., Planavsky, N. J. and Hull, P. M. (2019).  Rapid ocean acidification and protracted Earth
system recovery followed the end-Cretaceous
Chicxulub impact. Proceedings of the National Academy of Sciences, in press. www.pnas.org/cgi/doi/10.1073/pnas.1905989116",10.1073/pnas.1905989116,false,1,all known sources of error have been quantified and/or sensitivity of the CO2 estimate to those sources is small,False,true,Original paper used MyAMI lookup table from Hain et al. (2015) that was wrong,true,false,False,false,added age uncertainties based on mean of Ar/Ar dates of K/Pg and magnetochron boundaries from Sprain et al. 2018 (doi:10.1130/B31890.1),30.142,-76.112
boron_isotopes_henehan_2019_p1.0.xlsx,all known sources of error have been quantified and/or sensitivity of the CO2 estimate to those sources is small,Boron Proxies,66820,110,110,1030.96,336.48,249.02,"Henehan, M. J.,  Ridgwell, A., Thomas, E., Zhang, S., Alegret, L., Schmidt, D. N., Rae, J. W. B., Witts, J. D., Landman, N. H., Greene, S. E. Huber, B. T. Super, J. R., Planavsky, N. J. and Hull, P. M. (2019).  Rapid ocean acidification and protracted Earth
system recovery followed the end-Cretaceous
Chicxulub impact. Proceedings of the National Academy of Sciences, in press. www.pnas.org/cgi/doi/10.1073/pnas.1905989116",10.1073/pnas.1905989116,false,1,all known sources of error have been quantified and/or sensitivity of the CO2 estimate to those sources is small,False,true,Original paper used MyAMI lookup table from Hain et al. (2015) that was wrong,true,false,False,false,added age uncertainties based on mean of Ar/Ar dates of K/Pg and magnetochron boundaries from Sprain et al. 2018 (doi:10.1130/B31890.1),30.142,-76.112
boron_isotopes_henehan_2019_p1.0.xlsx,all known sources of error have been quantified and/or sensitivity of the CO2 estimate to those sources is small,Boron Proxies,66172.68,110,110,1526.8,554.1,379.38,"Henehan, M. J.,  Ridgwell, A., Thomas, E., Zhang, S., Alegret, L., Schmidt, D. N., Rae, J. W. B., Witts, J. D., Landman, N. H., Greene, S. E. Huber, B. T. Super, J. R., Planavsky, N. J. and Hull, P. M. (2019).  Rapid ocean acidification and protracted Earth
system recovery followed the end-Cretaceous
Chicxulub impact. Proceedings of the National Academy of Sciences, in press. www.pnas.org/cgi/doi/10.1073/pnas.1905989116",10.1073/pnas.1905989116,false,1,all known sources of error have been quantified and/or sensitivity of the CO2 estimate to those sources is small,False,true,Original paper used MyAMI lookup table from Hain et al. (2015) that was wrong,true,false,False,false,added age uncertainties based on mean of Ar/Ar dates of K/Pg and magnetochron boundaries from Sprain et al. 2018 (doi:10.1130/B31890.1),30.142,-76.112
boron_isotopes_henehan_2019_p1.0.xlsx,all known sources of error have been quantified and/or sensitivity of the CO2 estimate to those sources is small,Boron Proxies,66039,87,87,1935.39,835.15,472.07,"Henehan, M. J.,  Ridgwell, A., Thomas, E., Zhang, S., Alegret, L., Schmidt, D. N., Rae, J. W. B., Witts, J. D., Landman, N. H., Greene, S. E. Huber, B. T. Super, J. R., Planavsky, N. J. and Hull, P. M. (2019).  Rapid ocean acidification and protracted Earth
system recovery followed the end-Cretaceous
Chicxulub impact. Proceedings of the National Academy of Sciences, in press. www.pnas.org/cgi/doi/10.1073/pnas.1905989116",10.1073/pnas.1905989116,false,1,all known sources of error have been quantified and/or sensitivity of the CO2 estimate to those sources is small,False,true,Original paper used MyAMI lookup table from Hain et al. (2015) that was wrong,true,false,False,false,added age uncertainties based on mean of Ar/Ar dates of K/Pg and magnetochron boundaries from Sprain et al. 2018 (doi:10.1130/B31890.1),50.865,5.784
boron_isotopes_henehan_2019_p1.0.xlsx,all known sources of error have been quantified and/or sensitivity of the CO2 estimate to those sources is small,Boron Proxies,66045.6,110,110,1041.12,339.42,252.93,"Henehan, M. J.,  Ridgwell, A., Thomas, E., Zhang, S., Alegret, L., Schmidt, D. N., Rae, J. W. B., Witts, J. D., Landman, N. H., Greene, S. E. Huber, B. T. Super, J. R., Planavsky, N. J. and Hull, P. M. (2019).  Rapid ocean acidification and protracted Earth
system recovery followed the end-Cretaceous
Chicxulub impact. Proceedings of the National Academy of Sciences, in press. www.pnas.org/cgi/doi/10.1073/pnas.1905989116",10.1073/pnas.1905989116,false,1,all known sources of error have been quantified and/or sensitivity of the CO2 estimate to those sources is small,False,true,Original paper used MyAMI lookup table from Hain et al. (2015) that was wrong,true,false,False,false,added age uncertainties based on mean of Ar/Ar dates of K/Pg and magnetochron boundaries from Sprain et al. 2018 (doi:10.1130/B31890.1),31.108,-96.837
boron_isotopes_henehan_2019_p1.0.xlsx,all known sources of error have been quantified and/or sensitivity of the CO2 estimate to those sources is small,Boron Proxies,66054,110,110,976.4,303.2,234.04,"Henehan, M. J.,  Ridgwell, A., Thomas, E., Zhang, S., Alegret, L., Schmidt, D. N., Rae, J. W. B., Witts, J. D., Landman, N. H., Greene, S. E. Huber, B. T. Super, J. R., Planavsky, N. J. and Hull, P. M. (2019).  Rapid ocean acidification and protracted Earth
system recovery followed the end-Cretaceous
Chicxulub impact. Proceedings of the National Academy of Sciences, in press. www.pnas.org/cgi/doi/10.1073/pnas.1905989116",10.1073/pnas.1905989116,false,1,all known sources of error have been quantified and/or sensitivity of the CO2 estimate to those sources is small,False,true,Original paper used MyAMI lookup table from Hain et al. (2015) that was wrong,true,false,False,false,added age uncertainties based on mean of Ar/Ar dates of K/Pg and magnetochron boundaries from Sprain et al. 2018 (doi:10.1130/B31890.1),31.108,-96.837
boron_isotopes_henehan_2019_p1.0.xlsx,all known sources of error have been quantified and/or sensitivity of the CO2 estimate to those sources is small,Boron Proxies,66094,110,110,1001.07,310.28,235.97,"Henehan, M. J.,  Ridgwell, A., Thomas, E., Zhang, S., Alegret, L., Schmidt, D. N., Rae, J. W. B., Witts, J. D., Landman, N. H., Greene, S. E. Huber, B. T. Super, J. R., Planavsky, N. J. and Hull, P. M. (2019).  Rapid ocean acidification and protracted Earth
system recovery followed the end-Cretaceous
Chicxulub impact. Proceedings of the National Academy of Sciences, in press. www.pnas.org/cgi/doi/10.1073/pnas.1905989116",10.1073/pnas.1905989116,false,1,all known sources of error have been quantified and/or sensitivity of the CO2 estimate to those sources is small,False,true,Original paper used MyAMI lookup table from Hain et al. (2015) that was wrong,true,false,False,false,added age uncertainties based on mean of Ar/Ar dates of K/Pg and magnetochron boundaries from Sprain et al. 2018 (doi:10.1130/B31890.1),31.108,-96.837
boron_isotopes_henehan_2019_p1.0.xlsx,all known sources of error have been quantified and/or sensitivity of the CO2 estimate to those sources is small,Boron Proxies,66020,87,87,1306.07,466.76,328.47,"Henehan, M. J.,  Ridgwell, A., Thomas, E., Zhang, S., Alegret, L., Schmidt, D. N., Rae, J. W. B., Witts, J. D., Landman, N. H., Greene, S. E. Huber, B. T. Super, J. R., Planavsky, N. J. and Hull, P. M. (2019).  Rapid ocean acidification and protracted Earth
system recovery followed the end-Cretaceous
Chicxulub impact. Proceedings of the National Academy of Sciences, in press. www.pnas.org/cgi/doi/10.1073/pnas.1905989116",10.1073/pnas.1905989116,false,1,all known sources of error have been quantified and/or sensitivity of the CO2 estimate to those sources is small,False,true,Original paper used MyAMI lookup table from Hain et al. (2015) that was wrong,true,false,False,false,added age uncertainties based on mean of Ar/Ar dates of K/Pg and magnetochron boundaries from Sprain et al. 2018 (doi:10.1130/B31890.1),31.108,-96.837
boron_isotopes_henehan_2019_p1.0.xlsx,all known sources of error have been quantified and/or sensitivity of the CO2 estimate to those sources is small,Boron Proxies,65997.5,87,87,682.57,182.86,157.58,"Henehan, M. J.,  Ridgwell, A., Thomas, E., Zhang, S., Alegret, L., Schmidt, D. N., Rae, J. W. B., Witts, J. D., Landman, N. H., Greene, S. E. Huber, B. T. Super, J. R., Planavsky, N. J. and Hull, P. M. (2019).  Rapid ocean acidification and protracted Earth
system recovery followed the end-Cretaceous
Chicxulub impact. Proceedings of the National Academy of Sciences, in press. www.pnas.org/cgi/doi/10.1073/pnas.1905989116",10.1073/pnas.1905989116,false,1,all known sources of error have been quantified and/or sensitivity of the CO2 estimate to those sources is small,False,true,Original paper used MyAMI lookup table from Hain et al. (2015) that was wrong,true,false,False,false,added age uncertainties based on mean of Ar/Ar dates of K/Pg and magnetochron boundaries from Sprain et al. 2018 (doi:10.1130/B31890.1),32.652,158.506
boron_isotopes_henehan_2019_p1.0.xlsx,all known sources of error have been quantified and/or sensitivity of the CO2 estimate to those sources is small,Boron Proxies,65986.3,87,87,847.59,307.85,222.99,"Henehan, M. J.,  Ridgwell, A., Thomas, E., Zhang, S., Alegret, L., Schmidt, D. N., Rae, J. W. B., Witts, J. D., Landman, N. H., Greene, S. E. Huber, B. T. Super, J. R., Planavsky, N. J. and Hull, P. M. (2019).  Rapid ocean acidification and protracted Earth
system recovery followed the end-Cretaceous
Chicxulub impact. Proceedings of the National Academy of Sciences, in press. www.pnas.org/cgi/doi/10.1073/pnas.1905989116",10.1073/pnas.1905989116,false,1,all known sources of error have been quantified and/or sensitivity of the CO2 estimate to those sources is small,False,true,Original paper used MyAMI lookup table from Hain et al. (2015) that was wrong,true,false,False,false,added age uncertainties based on mean of Ar/Ar dates of K/Pg and magnetochron boundaries from Sprain et al. 2018 (doi:10.1130/B31890.1),32.652,158.506
boron_isotopes_henehan_2019_p1.0.xlsx,all known sources of error have been quantified and/or sensitivity of the CO2 estimate to those sources is small,Boron Proxies,65921.2,87,87,1055.76,311.55,249.42,"Henehan, M. J.,  Ridgwell, A., Thomas, E., Zhang, S., Alegret, L., Schmidt, D. N., Rae, J. W. B., Witts, J. D., Landman, N. H., Greene, S. E. Huber, B. T. Super, J. R., Planavsky, N. J. and Hull, P. M. (2019).  Rapid ocean acidification and protracted Earth
system recovery followed the end-Cretaceous
Chicxulub impact. Proceedings of the National Academy of Sciences, in press. www.pnas.org/cgi/doi/10.1073/pnas.1905989116",10.1073/pnas.1905989116,false,1,all known sources of error have been quantified and/or sensitivity of the CO2 estimate to those sources is small,False,true,Original paper used MyAMI lookup table from Hain et al. (2015) that was wrong,true,false,False,false,added age uncertainties based on mean of Ar/Ar dates of K/Pg and magnetochron boundaries from Sprain et al. 2018 (doi:10.1130/B31890.1),32.652,158.506
boron_isotopes_henehan_2019_p1.0.xlsx,all known sources of error have been quantified and/or sensitivity of the CO2 estimate to those sources is small,Boron Proxies,65957,87,87,1159.23,379.42,288.81,"Henehan, M. J.,  Ridgwell, A., Thomas, E., Zhang, S., Alegret, L., Schmidt, D. N., Rae, J. W. B., Witts, J. D., Landman, N. H., Greene, S. E. Huber, B. T. Super, J. R., Planavsky, N. J. and Hull, P. M. (2019).  Rapid ocean acidification and protracted Earth
system recovery followed the end-Cretaceous
Chicxulub impact. Proceedings of the National Academy of Sciences, in press. www.pnas.org/cgi/doi/10.1073/pnas.1905989116",10.1073/pnas.1905989116,false,1,all known sources of error have been quantified and/or sensitivity of the CO2 estimate to those sources is small,False,true,Original paper used MyAMI lookup table from Hain et al. (2015) that was wrong,true,false,False,false,added age uncertainties based on mean of Ar/Ar dates of K/Pg and magnetochron boundaries from Sprain et al. 2018 (doi:10.1130/B31890.1),32.652,158.506
boron_isotopes_henehan_2019_p1.0.xlsx,all known sources of error have been quantified and/or sensitivity of the CO2 estimate to those sources is small,Boron Proxies,65614.1,87,87,1555.92,702.03,450.79,"Henehan, M. J.,  Ridgwell, A., Thomas, E., Zhang, S., Alegret, L., Schmidt, D. N., Rae, J. W. B., Witts, J. D., Landman, N. H., Greene, S. E. Huber, B. T. Super, J. R., Planavsky, N. J. and Hull, P. M. (2019).  Rapid ocean acidification and protracted Earth
system recovery followed the end-Cretaceous
Chicxulub impact. Proceedings of the National Academy of Sciences, in press. www.pnas.org/cgi/doi/10.1073/pnas.1905989116",10.1073/pnas.1905989116,false,1,all known sources of error have been quantified and/or sensitivity of the CO2 estimate to those sources is small,False,true,Original paper used MyAMI lookup table from Hain et al. (2015) that was wrong,true,false,False,false,added age uncertainties based on mean of Ar/Ar dates of K/Pg and magnetochron boundaries from Sprain et al. 2018 (doi:10.1130/B31890.1),32.652,158.506
boron_isotopes_greenop_2019_p1.0.xlsx,all known sources of error have been quantified and/or sensitivity of the CO2 estimate to those sources is small,Boron Proxies,22022,108.89,108.89,277.72,178.45,116.04,"Greenop, R.,  Sosdian, S. M.,  Henehan, M. J.,  Wilson, P. A.,  Lear, C. H., &  Foster, G. L. ( 2019).  Orbital forcing, ice volume, and CO2 across the Oligocene‐Miocene transition. Paleoceanography and Paleoclimatology,  34,  316– 328. https://doi.org/10.1029/2018PA003420",10.1029/2018PA003420,true,1,all known sources of error have been quantified and/or sensitivity of the CO2 estimate to those sources is small,,false,,true,false,,false,added age uncertainties based on power fit on LR04 uncertainties,3.71,-42.9
boron_isotopes_greenop_2019_p1.0.xlsx,all known sources of error have been quantified and/or sensitivity of the CO2 estimate to those sources is small,Boron Proxies,22161,109.54,109.54,393.09,286.34,170.75,"Greenop, R.,  Sosdian, S. M.,  Henehan, M. J.,  Wilson, P. A.,  Lear, C. H., &  Foster, G. L. ( 2019).  Orbital forcing, ice volume, and CO2 across the Oligocene‐Miocene transition. Paleoceanography and Paleoclimatology,  34,  316– 328. https://doi.org/10.1029/2018PA003420",10.1029/2018PA003420,true,1,all known sources of error have been quantified and/or sensitivity of the CO2 estimate to those sources is small,,false,,true,false,,false,added age uncertainties based on power fit on LR04 uncertainties,3.71,-42.9
boron_isotopes_greenop_2019_p1.0.xlsx,all known sources of error have been quantified and/or sensitivity of the CO2 estimate to those sources is small,Boron Proxies,22442,110.85,110.85,380.95,261.05,164.83,"Greenop, R.,  Sosdian, S. M.,  Henehan, M. J.,  Wilson, P. A.,  Lear, C. H., &  Foster, G. L. ( 2019).  Orbital forcing, ice volume, and CO2 across the Oligocene‐Miocene transition. Paleoceanography and Paleoclimatology,  34,  316– 328. https://doi.org/10.1029/2018PA003420",10.1029/2018PA003420,true,1,all known sources of error have been quantified and/or sensitivity of the CO2 estimate to those sources is small,,false,,true,false,,false,added age uncertainties based on power fit on LR04 uncertainties,3.71,-42.9
boron_isotopes_greenop_2019_p1.0.xlsx,all known sources of error have been quantified and/or sensitivity of the CO2 estimate to those sources is small,Boron Proxies,22510,111.17,111.17,315.84,204.46,132.25,"Greenop, R.,  Sosdian, S. M.,  Henehan, M. J.,  Wilson, P. A.,  Lear, C. H., &  Foster, G. L. ( 2019).  Orbital forcing, ice volume, and CO2 across the Oligocene‐Miocene transition. Paleoceanography and Paleoclimatology,  34,  316– 328. https://doi.org/10.1029/2018PA003420",10.1029/2018PA003420,true,1,all known sources of error have been quantified and/or sensitivity of the CO2 estimate to those sources is small,,false,,true,false,,false,added age uncertainties based on power fit on LR04 uncertainties,3.71,-42.9
boron_isotopes_greenop_2019_p1.0.xlsx,all known sources of error have been quantified and/or sensitivity of the CO2 estimate to those sources is small,Boron Proxies,22521,111.22,111.22,371.11,254.95,158.39,"Greenop, R.,  Sosdian, S. M.,  Henehan, M. J.,  Wilson, P. A.,  Lear, C. H., &  Foster, G. L. ( 2019).  Orbital forcing, ice volume, and CO2 across the Oligocene‐Miocene transition. Paleoceanography and Paleoclimatology,  34,  316– 328. https://doi.org/10.1029/2018PA003420",10.1029/2018PA003420,true,1,all known sources of error have been quantified and/or sensitivity of the CO2 estimate to those sources is small,,false,,true,false,,false,added age uncertainties based on power fit on LR04 uncertainties,3.71,-42.9
boron_isotopes_greenop_2019_p1.0.xlsx,all known sources of error have been quantified and/or sensitivity of the CO2 estimate to those sources is small,Boron Proxies,22580,111.5,111.5,367.21,251.33,156.85,"Greenop, R.,  Sosdian, S. M.,  Henehan, M. J.,  Wilson, P. A.,  Lear, C. H., &  Foster, G. L. ( 2019).  Orbital forcing, ice volume, and CO2 across the Oligocene‐Miocene transition. Paleoceanography and Paleoclimatology,  34,  316– 328. https://doi.org/10.1029/2018PA003420",10.1029/2018PA003420,true,1,all known sources of error have been quantified and/or sensitivity of the CO2 estimate to those sources is small,,false,,true,false,,false,added age uncertainties based on power fit on LR04 uncertainties,3.71,-42.9
boron_isotopes_greenop_2019_p1.0.xlsx,all known sources of error have been quantified and/or sensitivity of the CO2 estimate to those sources is small,Boron Proxies,22589,111.54,111.54,291.65,188.26,121.53,"Greenop, R.,  Sosdian, S. M.,  Henehan, M. J.,  Wilson, P. A.,  Lear, C. H., &  Foster, G. L. ( 2019).  Orbital forcing, ice volume, and CO2 across the Oligocene‐Miocene transition. Paleoceanography and Paleoclimatology,  34,  316– 328. https://doi.org/10.1029/2018PA003420",10.1029/2018PA003420,true,1,all known sources of error have been quantified and/or sensitivity of the CO2 estimate to those sources is small,,false,,true,false,,false,added age uncertainties based on power fit on LR04 uncertainties,3.71,-42.9
boron_isotopes_greenop_2019_p1.0.xlsx,all known sources of error have been quantified and/or sensitivity of the CO2 estimate to those sources is small,Boron Proxies,22661,111.88,111.88,315.91,210.93,133.49,"Greenop, R.,  Sosdian, S. M.,  Henehan, M. J.,  Wilson, P. A.,  Lear, C. H., &  Foster, G. L. ( 2019).  Orbital forcing, ice volume, and CO2 across the Oligocene‐Miocene transition. Paleoceanography and Paleoclimatology,  34,  316– 328. https://doi.org/10.1029/2018PA003420",10.1029/2018PA003420,true,1,all known sources of error have been quantified and/or sensitivity of the CO2 estimate to those sources is small,,false,,true,false,,false,added age uncertainties based on power fit on LR04 uncertainties,3.71,-42.9
boron_isotopes_greenop_2019_p1.0.xlsx,all known sources of error have been quantified and/or sensitivity of the CO2 estimate to those sources is small,Boron Proxies,22673,111.94,111.94,348.85,246.75,151.52,"Greenop, R.,  Sosdian, S. M.,  Henehan, M. J.,  Wilson, P. A.,  Lear, C. H., &  Foster, G. L. ( 2019).  Orbital forcing, ice volume, and CO2 across the Oligocene‐Miocene transition. Paleoceanography and Paleoclimatology,  34,  316– 328. https://doi.org/10.1029/2018PA003420",10.1029/2018PA003420,true,1,all known sources of error have been quantified and/or sensitivity of the CO2 estimate to those sources is small,,false,,true,false,,false,added age uncertainties based on power fit on LR04 uncertainties,3.71,-42.9
boron_isotopes_greenop_2019_p1.0.xlsx,all known sources of error have been quantified and/or sensitivity of the CO2 estimate to those sources is small,Boron Proxies,22696,112.04,112.04,290.14,184.7,121.45,"Greenop, R.,  Sosdian, S. M.,  Henehan, M. J.,  Wilson, P. A.,  Lear, C. H., &  Foster, G. L. ( 2019).  Orbital forcing, ice volume, and CO2 across the Oligocene‐Miocene transition. Paleoceanography and Paleoclimatology,  34,  316– 328. https://doi.org/10.1029/2018PA003420",10.1029/2018PA003420,true,1,all known sources of error have been quantified and/or sensitivity of the CO2 estimate to those sources is small,,false,,true,false,,false,added age uncertainties based on power fit on LR04 uncertainties,3.71,-42.9
boron_isotopes_greenop_2019_p1.0.xlsx,all known sources of error have been quantified and/or sensitivity of the CO2 estimate to those sources is small,Boron Proxies,22728,112.19,112.19,229.17,138.83,94.58,"Greenop, R.,  Sosdian, S. M.,  Henehan, M. J.,  Wilson, P. A.,  Lear, C. H., &  Foster, G. L. ( 2019).  Orbital forcing, ice volume, and CO2 across the Oligocene‐Miocene transition. Paleoceanography and Paleoclimatology,  34,  316– 328. https://doi.org/10.1029/2018PA003420",10.1029/2018PA003420,true,1,all known sources of error have been quantified and/or sensitivity of the CO2 estimate to those sources is small,,false,,true,false,,false,added age uncertainties based on power fit on LR04 uncertainties,3.71,-42.9
boron_isotopes_greenop_2019_p1.0.xlsx,all known sources of error have been quantified and/or sensitivity of the CO2 estimate to those sources is small,Boron Proxies,22736,112.23,112.23,271.62,169.17,113.28,"Greenop, R.,  Sosdian, S. M.,  Henehan, M. J.,  Wilson, P. A.,  Lear, C. H., &  Foster, G. L. ( 2019).  Orbital forcing, ice volume, and CO2 across the Oligocene‐Miocene transition. Paleoceanography and Paleoclimatology,  34,  316– 328. https://doi.org/10.1029/2018PA003420",10.1029/2018PA003420,true,1,all known sources of error have been quantified and/or sensitivity of the CO2 estimate to those sources is small,,false,,true,false,,false,added age uncertainties based on power fit on LR04 uncertainties,3.71,-42.9
boron_isotopes_greenop_2019_p1.0.xlsx,all known sources of error have been quantified and/or sensitivity of the CO2 estimate to those sources is small,Boron Proxies,22810,112.58,112.58,228.01,137.22,93.78,"Greenop, R.,  Sosdian, S. M.,  Henehan, M. J.,  Wilson, P. A.,  Lear, C. H., &  Foster, G. L. ( 2019).  Orbital forcing, ice volume, and CO2 across the Oligocene‐Miocene transition. Paleoceanography and Paleoclimatology,  34,  316– 328. https://doi.org/10.1029/2018PA003420",10.1029/2018PA003420,true,1,all known sources of error have been quantified and/or sensitivity of the CO2 estimate to those sources is small,,false,,true,false,,false,added age uncertainties based on power fit on LR04 uncertainties,3.71,-42.9
boron_isotopes_greenop_2019_p1.0.xlsx,all known sources of error have been quantified and/or sensitivity of the CO2 estimate to those sources is small,Boron Proxies,22815,112.6,112.6,233.15,141.17,96.98,"Greenop, R.,  Sosdian, S. M.,  Henehan, M. J.,  Wilson, P. A.,  Lear, C. H., &  Foster, G. L. ( 2019).  Orbital forcing, ice volume, and CO2 across the Oligocene‐Miocene transition. Paleoceanography and Paleoclimatology,  34,  316– 328. https://doi.org/10.1029/2018PA003420",10.1029/2018PA003420,true,1,all known sources of error have been quantified and/or sensitivity of the CO2 estimate to those sources is small,,false,,true,false,,false,added age uncertainties based on power fit on LR04 uncertainties,3.71,-42.9
boron_isotopes_greenop_2019_p1.0.xlsx,all known sources of error have been quantified and/or sensitivity of the CO2 estimate to those sources is small,Boron Proxies,22820,112.62,112.62,250.59,155.19,104.28,"Greenop, R.,  Sosdian, S. M.,  Henehan, M. J.,  Wilson, P. A.,  Lear, C. H., &  Foster, G. L. ( 2019).  Orbital forcing, ice volume, and CO2 across the Oligocene‐Miocene transition. Paleoceanography and Paleoclimatology,  34,  316– 328. https://doi.org/10.1029/2018PA003420",10.1029/2018PA003420,true,1,all known sources of error have been quantified and/or sensitivity of the CO2 estimate to those sources is small,,false,,true,false,,false,added age uncertainties based on power fit on LR04 uncertainties,3.71,-42.9
boron_isotopes_greenop_2019_p1.0.xlsx,all known sources of error have been quantified and/or sensitivity of the CO2 estimate to those sources is small,Boron Proxies,22872,112.87,112.87,346.68,233.82,147.81,"Greenop, R.,  Sosdian, S. M.,  Henehan, M. J.,  Wilson, P. A.,  Lear, C. H., &  Foster, G. L. ( 2019).  Orbital forcing, ice volume, and CO2 across the Oligocene‐Miocene transition. Paleoceanography and Paleoclimatology,  34,  316– 328. https://doi.org/10.1029/2018PA003420",10.1029/2018PA003420,true,1,all known sources of error have been quantified and/or sensitivity of the CO2 estimate to those sources is small,,false,,true,false,,false,added age uncertainties based on power fit on LR04 uncertainties,3.71,-42.9
boron_isotopes_greenop_2019_p1.0.xlsx,all known sources of error have been quantified and/or sensitivity of the CO2 estimate to those sources is small,Boron Proxies,22895,112.98,112.98,300.45,194.98,126.65,"Greenop, R.,  Sosdian, S. M.,  Henehan, M. J.,  Wilson, P. A.,  Lear, C. H., &  Foster, G. L. ( 2019).  Orbital forcing, ice volume, and CO2 across the Oligocene‐Miocene transition. Paleoceanography and Paleoclimatology,  34,  316– 328. https://doi.org/10.1029/2018PA003420",10.1029/2018PA003420,true,1,all known sources of error have been quantified and/or sensitivity of the CO2 estimate to those sources is small,,false,,true,false,,false,added age uncertainties based on power fit on LR04 uncertainties,3.71,-42.9
boron_isotopes_greenop_2019_p1.0.xlsx,all known sources of error have been quantified and/or sensitivity of the CO2 estimate to those sources is small,Boron Proxies,22939,113.18,113.18,252.83,158.37,105.69,"Greenop, R.,  Sosdian, S. M.,  Henehan, M. J.,  Wilson, P. A.,  Lear, C. H., &  Foster, G. L. ( 2019).  Orbital forcing, ice volume, and CO2 across the Oligocene‐Miocene transition. Paleoceanography and Paleoclimatology,  34,  316– 328. https://doi.org/10.1029/2018PA003420",10.1029/2018PA003420,true,1,all known sources of error have been quantified and/or sensitivity of the CO2 estimate to those sources is small,,false,,true,false,,false,added age uncertainties based on power fit on LR04 uncertainties,3.71,-42.9
boron_isotopes_greenop_2019_p1.0.xlsx,all known sources of error have been quantified and/or sensitivity of the CO2 estimate to those sources is small,Boron Proxies,22968,113.32,113.32,237.64,145.18,98.41,"Greenop, R.,  Sosdian, S. M.,  Henehan, M. J.,  Wilson, P. A.,  Lear, C. H., &  Foster, G. L. ( 2019).  Orbital forcing, ice volume, and CO2 across the Oligocene‐Miocene transition. Paleoceanography and Paleoclimatology,  34,  316– 328. https://doi.org/10.1029/2018PA003420",10.1029/2018PA003420,true,1,all known sources of error have been quantified and/or sensitivity of the CO2 estimate to those sources is small,,false,,true,false,,false,added age uncertainties based on power fit on LR04 uncertainties,3.71,-42.9
boron_isotopes_greenop_2019_p1.0.xlsx,all known sources of error have been quantified and/or sensitivity of the CO2 estimate to those sources is small,Boron Proxies,23008,113.5,113.5,248.25,152.78,102.79,"Greenop, R.,  Sosdian, S. M.,  Henehan, M. J.,  Wilson, P. A.,  Lear, C. H., &  Foster, G. L. ( 2019).  Orbital forcing, ice volume, and CO2 across the Oligocene‐Miocene transition. Paleoceanography and Paleoclimatology,  34,  316– 328. https://doi.org/10.1029/2018PA003420",10.1029/2018PA003420,true,1,all known sources of error have been quantified and/or sensitivity of the CO2 estimate to those sources is small,,false,,true,false,,false,added age uncertainties based on power fit on LR04 uncertainties,3.71,-42.9
boron_isotopes_greenop_2019_p1.0.xlsx,all known sources of error have been quantified and/or sensitivity of the CO2 estimate to those sources is small,Boron Proxies,23023,113.57,113.57,261.28,166.23,109.23,"Greenop, R.,  Sosdian, S. M.,  Henehan, M. J.,  Wilson, P. A.,  Lear, C. H., &  Foster, G. L. ( 2019).  Orbital forcing, ice volume, and CO2 across the Oligocene‐Miocene transition. Paleoceanography and Paleoclimatology,  34,  316– 328. https://doi.org/10.1029/2018PA003420",10.1029/2018PA003420,true,1,all known sources of error have been quantified and/or sensitivity of the CO2 estimate to those sources is small,,false,,true,false,,false,added age uncertainties based on power fit on LR04 uncertainties,3.71,-42.9
boron_isotopes_greenop_2019_p1.0.xlsx,all known sources of error have been quantified and/or sensitivity of the CO2 estimate to those sources is small,Boron Proxies,23075,113.82,113.82,292.57,185.62,123.27,"Greenop, R.,  Sosdian, S. M.,  Henehan, M. J.,  Wilson, P. A.,  Lear, C. H., &  Foster, G. L. ( 2019).  Orbital forcing, ice volume, and CO2 across the Oligocene‐Miocene transition. Paleoceanography and Paleoclimatology,  34,  316– 328. https://doi.org/10.1029/2018PA003420",10.1029/2018PA003420,true,1,all known sources of error have been quantified and/or sensitivity of the CO2 estimate to those sources is small,,false,,true,false,,false,added age uncertainties based on power fit on LR04 uncertainties,3.71,-42.9
boron_isotopes_greenop_2019_p1.0.xlsx,all known sources of error have been quantified and/or sensitivity of the CO2 estimate to those sources is small,Boron Proxies,23087,113.87,113.87,286.3,184.66,121.05,"Greenop, R.,  Sosdian, S. M.,  Henehan, M. J.,  Wilson, P. A.,  Lear, C. H., &  Foster, G. L. ( 2019).  Orbital forcing, ice volume, and CO2 across the Oligocene‐Miocene transition. Paleoceanography and Paleoclimatology,  34,  316– 328. https://doi.org/10.1029/2018PA003420",10.1029/2018PA003420,true,1,all known sources of error have been quantified and/or sensitivity of the CO2 estimate to those sources is small,,false,,true,false,,false,added age uncertainties based on power fit on LR04 uncertainties,3.71,-42.9
boron_isotopes_greenop_2019_p1.0.xlsx,all known sources of error have been quantified and/or sensitivity of the CO2 estimate to those sources is small,Boron Proxies,23094,113.91,113.91,270.56,172.57,113.17,"Greenop, R.,  Sosdian, S. M.,  Henehan, M. J.,  Wilson, P. A.,  Lear, C. H., &  Foster, G. L. ( 2019).  Orbital forcing, ice volume, and CO2 across the Oligocene‐Miocene transition. Paleoceanography and Paleoclimatology,  34,  316– 328. https://doi.org/10.1029/2018PA003420",10.1029/2018PA003420,true,1,all known sources of error have been quantified and/or sensitivity of the CO2 estimate to those sources is small,,false,,true,false,,false,added age uncertainties based on power fit on LR04 uncertainties,3.71,-42.9
boron_isotopes_greenop_2019_p1.0.xlsx,all known sources of error have been quantified and/or sensitivity of the CO2 estimate to those sources is small,Boron Proxies,23157,114.2,114.2,255.97,160.06,106.36,"Greenop, R.,  Sosdian, S. M.,  Henehan, M. J.,  Wilson, P. A.,  Lear, C. H., &  Foster, G. L. ( 2019).  Orbital forcing, ice volume, and CO2 across the Oligocene‐Miocene transition. Paleoceanography and Paleoclimatology,  34,  316– 328. https://doi.org/10.1029/2018PA003420",10.1029/2018PA003420,true,1,all known sources of error have been quantified and/or sensitivity of the CO2 estimate to those sources is small,,false,,true,false,,false,added age uncertainties based on power fit on LR04 uncertainties,3.71,-42.9
boron_isotopes_greenop_2019_p1.0.xlsx,all known sources of error have been quantified and/or sensitivity of the CO2 estimate to those sources is small,Boron Proxies,23249,114.63,114.63,291.18,187.66,122.58,"Greenop, R.,  Sosdian, S. M.,  Henehan, M. J.,  Wilson, P. A.,  Lear, C. H., &  Foster, G. L. ( 2019).  Orbital forcing, ice volume, and CO2 across the Oligocene‐Miocene transition. Paleoceanography and Paleoclimatology,  34,  316– 328. https://doi.org/10.1029/2018PA003420",10.1029/2018PA003420,true,1,all known sources of error have been quantified and/or sensitivity of the CO2 estimate to those sources is small,,false,,true,false,,false,added age uncertainties based on power fit on LR04 uncertainties,3.71,-42.9
boron_isotopes_greenop_2019_p1.0.xlsx,all known sources of error have been quantified and/or sensitivity of the CO2 estimate to those sources is small,Boron Proxies,23264,114.7,114.7,285.89,183.92,119.96,"Greenop, R.,  Sosdian, S. M.,  Henehan, M. J.,  Wilson, P. A.,  Lear, C. H., &  Foster, G. L. ( 2019).  Orbital forcing, ice volume, and CO2 across the Oligocene‐Miocene transition. Paleoceanography and Paleoclimatology,  34,  316– 328. https://doi.org/10.1029/2018PA003420",10.1029/2018PA003420,true,1,all known sources of error have been quantified and/or sensitivity of the CO2 estimate to those sources is small,,false,,true,false,,false,added age uncertainties based on power fit on LR04 uncertainties,3.71,-42.9
boron_isotopes_greenop_2019_p1.0.xlsx,all known sources of error have been quantified and/or sensitivity of the CO2 estimate to those sources is small,Boron Proxies,23306,114.9,114.9,250.24,156.7,104.62,"Greenop, R.,  Sosdian, S. M.,  Henehan, M. J.,  Wilson, P. A.,  Lear, C. H., &  Foster, G. L. ( 2019).  Orbital forcing, ice volume, and CO2 across the Oligocene‐Miocene transition. Paleoceanography and Paleoclimatology,  34,  316– 328. https://doi.org/10.1029/2018PA003420",10.1029/2018PA003420,true,1,all known sources of error have been quantified and/or sensitivity of the CO2 estimate to those sources is small,,false,,true,false,,false,added age uncertainties based on power fit on LR04 uncertainties,3.71,-42.9
boron_isotopes_greenop_2019_p1.0.xlsx,all known sources of error have been quantified and/or sensitivity of the CO2 estimate to those sources is small,Boron Proxies,23338,115.05,115.05,256.24,159.68,106.81,"Greenop, R.,  Sosdian, S. M.,  Henehan, M. J.,  Wilson, P. A.,  Lear, C. H., &  Foster, G. L. ( 2019).  Orbital forcing, ice volume, and CO2 across the Oligocene‐Miocene transition. Paleoceanography and Paleoclimatology,  34,  316– 328. https://doi.org/10.1029/2018PA003420",10.1029/2018PA003420,true,1,all known sources of error have been quantified and/or sensitivity of the CO2 estimate to those sources is small,,false,,true,false,,false,added age uncertainties based on power fit on LR04 uncertainties,3.71,-42.9
boron_isotopes_greenop_2019_p1.0.xlsx,all known sources of error have been quantified and/or sensitivity of the CO2 estimate to those sources is small,Boron Proxies,23575,116.15,116.15,252.89,158.79,105.91,"Greenop, R.,  Sosdian, S. M.,  Henehan, M. J.,  Wilson, P. A.,  Lear, C. H., &  Foster, G. L. ( 2019).  Orbital forcing, ice volume, and CO2 across the Oligocene‐Miocene transition. Paleoceanography and Paleoclimatology,  34,  316– 328. https://doi.org/10.1029/2018PA003420",10.1029/2018PA003420,true,1,all known sources of error have been quantified and/or sensitivity of the CO2 estimate to those sources is small,,false,,true,false,,false,added age uncertainties based on power fit on LR04 uncertainties,3.71,-42.9
boron_isotopes_greenop_2019_p1.0.xlsx,all known sources of error have been quantified and/or sensitivity of the CO2 estimate to those sources is small,Boron Proxies,23579,116.17,116.17,248.88,154.6,104,"Greenop, R.,  Sosdian, S. M.,  Henehan, M. J.,  Wilson, P. A.,  Lear, C. H., &  Foster, G. L. ( 2019).  Orbital forcing, ice volume, and CO2 across the Oligocene‐Miocene transition. Paleoceanography and Paleoclimatology,  34,  316– 328. https://doi.org/10.1029/2018PA003420",10.1029/2018PA003420,true,1,all known sources of error have been quantified and/or sensitivity of the CO2 estimate to those sources is small,,false,,true,false,,false,added age uncertainties based on power fit on LR04 uncertainties,3.71,-42.9
boron_isotopes_greenop_2019_p1.0.xlsx,all known sources of error have been quantified and/or sensitivity of the CO2 estimate to those sources is small,Boron Proxies,23662,116.56,116.56,249.15,154.4,104.02,"Greenop, R.,  Sosdian, S. M.,  Henehan, M. J.,  Wilson, P. A.,  Lear, C. H., &  Foster, G. L. ( 2019).  Orbital forcing, ice volume, and CO2 across the Oligocene‐Miocene transition. Paleoceanography and Paleoclimatology,  34,  316– 328. https://doi.org/10.1029/2018PA003420",10.1029/2018PA003420,true,1,all known sources of error have been quantified and/or sensitivity of the CO2 estimate to those sources is small,,false,,true,false,,false,added age uncertainties based on power fit on LR04 uncertainties,3.71,-42.9
boron_isotopes_greenop_2019_p1.0.xlsx,all known sources of error have been quantified and/or sensitivity of the CO2 estimate to those sources is small,Boron Proxies,23733,116.89,116.89,290.86,187.78,123.27,"Greenop, R.,  Sosdian, S. M.,  Henehan, M. J.,  Wilson, P. A.,  Lear, C. H., &  Foster, G. L. ( 2019).  Orbital forcing, ice volume, and CO2 across the Oligocene‐Miocene transition. Paleoceanography and Paleoclimatology,  34,  316– 328. https://doi.org/10.1029/2018PA003420",10.1029/2018PA003420,true,1,all known sources of error have been quantified and/or sensitivity of the CO2 estimate to those sources is small,,false,,true,false,,false,added age uncertainties based on power fit on LR04 uncertainties,3.71,-42.9
boron_isotopes_greenop_2019_p1.0.xlsx,all known sources of error have been quantified and/or sensitivity of the CO2 estimate to those sources is small,Boron Proxies,23797,117.19,117.19,257.3,167.35,109.54,"Greenop, R.,  Sosdian, S. M.,  Henehan, M. J.,  Wilson, P. A.,  Lear, C. H., &  Foster, G. L. ( 2019).  Orbital forcing, ice volume, and CO2 across the Oligocene‐Miocene transition. Paleoceanography and Paleoclimatology,  34,  316– 328. https://doi.org/10.1029/2018PA003420",10.1029/2018PA003420,true,1,all known sources of error have been quantified and/or sensitivity of the CO2 estimate to those sources is small,,false,,true,false,,false,added age uncertainties based on power fit on LR04 uncertainties,3.71,-42.9
boron_isotopes_greenop_2019_p1.0.xlsx,all known sources of error have been quantified and/or sensitivity of the CO2 estimate to those sources is small,Boron Proxies,23821,117.3,117.3,258.85,163.34,108.98,"Greenop, R.,  Sosdian, S. M.,  Henehan, M. J.,  Wilson, P. A.,  Lear, C. H., &  Foster, G. L. ( 2019).  Orbital forcing, ice volume, and CO2 across the Oligocene‐Miocene transition. Paleoceanography and Paleoclimatology,  34,  316– 328. https://doi.org/10.1029/2018PA003420",10.1029/2018PA003420,true,1,all known sources of error have been quantified and/or sensitivity of the CO2 estimate to those sources is small,,false,,true,false,,false,added age uncertainties based on power fit on LR04 uncertainties,3.71,-42.9
boron_isotopes_greenop_2019_p1.0.xlsx,all known sources of error have been quantified and/or sensitivity of the CO2 estimate to those sources is small,Boron Proxies,23857,117.47,117.47,326.18,252.31,146.16,"Greenop, R.,  Sosdian, S. M.,  Henehan, M. J.,  Wilson, P. A.,  Lear, C. H., &  Foster, G. L. ( 2019).  Orbital forcing, ice volume, and CO2 across the Oligocene‐Miocene transition. Paleoceanography and Paleoclimatology,  34,  316– 328. https://doi.org/10.1029/2018PA003420",10.1029/2018PA003420,true,1,all known sources of error have been quantified and/or sensitivity of the CO2 estimate to those sources is small,,false,,true,false,,false,added age uncertainties based on power fit on LR04 uncertainties,3.71,-42.9
boron_isotopes_greenop_2019_p1.0.xlsx,all known sources of error have been quantified and/or sensitivity of the CO2 estimate to those sources is small,Boron Proxies,23928,117.8,117.8,243.75,153.47,102.91,"Greenop, R.,  Sosdian, S. M.,  Henehan, M. J.,  Wilson, P. A.,  Lear, C. H., &  Foster, G. L. ( 2019).  Orbital forcing, ice volume, and CO2 across the Oligocene‐Miocene transition. Paleoceanography and Paleoclimatology,  34,  316– 328. https://doi.org/10.1029/2018PA003420",10.1029/2018PA003420,true,1,all known sources of error have been quantified and/or sensitivity of the CO2 estimate to those sources is small,,false,,true,false,,false,added age uncertainties based on power fit on LR04 uncertainties,3.71,-42.9
boron_isotopes_greenop_2019_p1.0.xlsx,all known sources of error have been quantified and/or sensitivity of the CO2 estimate to those sources is small,Boron Proxies,23978,118.04,118.04,221.61,137.4,93.65,"Greenop, R.,  Sosdian, S. M.,  Henehan, M. J.,  Wilson, P. A.,  Lear, C. H., &  Foster, G. L. ( 2019).  Orbital forcing, ice volume, and CO2 across the Oligocene‐Miocene transition. Paleoceanography and Paleoclimatology,  34,  316– 328. https://doi.org/10.1029/2018PA003420",10.1029/2018PA003420,true,1,all known sources of error have been quantified and/or sensitivity of the CO2 estimate to those sources is small,,false,,true,false,,false,added age uncertainties based on power fit on LR04 uncertainties,3.71,-42.9
boron_isotopes_greenop_2019_p1.0.xlsx,all known sources of error have been quantified and/or sensitivity of the CO2 estimate to those sources is small,Boron Proxies,24018,118.22,118.22,261.88,178.22,112.95,"Greenop, R.,  Sosdian, S. M.,  Henehan, M. J.,  Wilson, P. A.,  Lear, C. H., &  Foster, G. L. ( 2019).  Orbital forcing, ice volume, and CO2 across the Oligocene‐Miocene transition. Paleoceanography and Paleoclimatology,  34,  316– 328. https://doi.org/10.1029/2018PA003420",10.1029/2018PA003420,true,1,all known sources of error have been quantified and/or sensitivity of the CO2 estimate to those sources is small,,false,,true,false,,false,added age uncertainties based on power fit on LR04 uncertainties,3.71,-42.9
boron_isotopes_greenop_2019_p1.0.xlsx,all known sources of error have been quantified and/or sensitivity of the CO2 estimate to those sources is small,Boron Proxies,21167.32,104.88,104.88,335.94,209.28,137.97,"Greenop, R.,  Sosdian, S. M.,  Henehan, M. J.,  Wilson, P. A.,  Lear, C. H., &  Foster, G. L. ( 2019).  Orbital forcing, ice volume, and CO2 across the Oligocene‐Miocene transition. Paleoceanography and Paleoclimatology,  34,  316– 328. https://doi.org/10.1029/2018PA003420",10.1029/2018PA003420,true,1,all known sources of error have been quantified and/or sensitivity of the CO2 estimate to those sources is small,,false,,true,false,,false,added age uncertainties based on power fit on LR04 uncertainties,10.1,162.87
boron_isotopes_greenop_2019_p1.0.xlsx,all known sources of error have been quantified and/or sensitivity of the CO2 estimate to those sources is small,Boron Proxies,21396.08,105.95,105.95,299.99,180.1,122.09,"Greenop, R.,  Sosdian, S. M.,  Henehan, M. J.,  Wilson, P. A.,  Lear, C. H., &  Foster, G. L. ( 2019).  Orbital forcing, ice volume, and CO2 across the Oligocene‐Miocene transition. Paleoceanography and Paleoclimatology,  34,  316– 328. https://doi.org/10.1029/2018PA003420",10.1029/2018PA003420,true,1,all known sources of error have been quantified and/or sensitivity of the CO2 estimate to those sources is small,,false,,true,false,,false,added age uncertainties based on power fit on LR04 uncertainties,10.1,162.87
boron_isotopes_greenop_2019_p1.0.xlsx,all known sources of error have been quantified and/or sensitivity of the CO2 estimate to those sources is small,Boron Proxies,21839.7,108.03,108.03,305.89,192.55,126.99,"Greenop, R.,  Sosdian, S. M.,  Henehan, M. J.,  Wilson, P. A.,  Lear, C. H., &  Foster, G. L. ( 2019).  Orbital forcing, ice volume, and CO2 across the Oligocene‐Miocene transition. Paleoceanography and Paleoclimatology,  34,  316– 328. https://doi.org/10.1029/2018PA003420",10.1029/2018PA003420,true,1,all known sources of error have been quantified and/or sensitivity of the CO2 estimate to those sources is small,,false,,true,false,,false,added age uncertainties based on power fit on LR04 uncertainties,10.1,162.87
boron_isotopes_henehan_2020_p1.0.xlsx,"Anagnostou et al 2020 omitted these sites to avoid applying vitals. Since the constant Ω assumption values for Anagnostou et al. 2020 have been deemed a reasonable assumption, we accept this as the most reasonable assumption here too",Boron Proxies,39918.62,1,1,998.16,355.68,244.85,"Henehan et al., 2020. Revisiting the Middle Eocene Climatic Optimum ‘Carbon Cycle Conundrum’ with new estimates of atmospheric pCO2 from boron isotopes. Paleoceanography and Paleoclimatology ",10.1029/2019PA003713,false,1,"Anagnostou et al 2020 omitted these sites to avoid applying vitals. Since the constant Ω assumption values for Anagnostou et al. 2020 have been deemed a reasonable assumption, we accept this as the most reasonable assumption here too",False,true,"Published data uses original lookup table from Hain et al. GBC 2015, which contains errors. These calculations used fixed values from Raitzsch et al. 2021 (10.5281/zenodo.4432146)",true,false,,,,-50.946,-26.3686
boron_isotopes_henehan_2020_p1.0.xlsx,"Anagnostou et al 2020 omitted these sites to avoid applying vitals. Since the constant Ω assumption values for Anagnostou et al. 2020 have been deemed a reasonable assumption, we accept this as the most reasonable assumption here too",Boron Proxies,40089.32,1,1,794.56,235.35,170.06,"Henehan et al., 2020. Revisiting the Middle Eocene Climatic Optimum ‘Carbon Cycle Conundrum’ with new estimates of atmospheric pCO2 from boron isotopes. Paleoceanography and Paleoclimatology ",10.1029/2019PA003713,false,1,"Anagnostou et al 2020 omitted these sites to avoid applying vitals. Since the constant Ω assumption values for Anagnostou et al. 2020 have been deemed a reasonable assumption, we accept this as the most reasonable assumption here too",False,true,"Published data uses original lookup table from Hain et al. GBC 2015, which contains errors. These calculations used fixed values from Raitzsch et al. 2021 (10.5281/zenodo.4432146)",true,false,,,,-50.946,-26.3686
boron_isotopes_henehan_2020_p1.0.xlsx,"Anagnostou et al 2020 omitted these sites to avoid applying vitals. Since the constant Ω assumption values for Anagnostou et al. 2020 have been deemed a reasonable assumption, we accept this as the most reasonable assumption here too",Boron Proxies,40109.64,1,1,809.06,241.29,177.1,"Henehan et al., 2020. Revisiting the Middle Eocene Climatic Optimum ‘Carbon Cycle Conundrum’ with new estimates of atmospheric pCO2 from boron isotopes. Paleoceanography and Paleoclimatology ",10.1029/2019PA003713,false,1,"Anagnostou et al 2020 omitted these sites to avoid applying vitals. Since the constant Ω assumption values for Anagnostou et al. 2020 have been deemed a reasonable assumption, we accept this as the most reasonable assumption here too",False,true,"Published data uses original lookup table from Hain et al. GBC 2015, which contains errors. These calculations used fixed values from Raitzsch et al. 2021 (10.5281/zenodo.4432146)",true,false,,,,-50.946,-26.3686
boron_isotopes_henehan_2020_p1.0.xlsx,"Anagnostou et al 2020 omitted these sites to avoid applying vitals. Since the constant Ω assumption values for Anagnostou et al. 2020 have been deemed a reasonable assumption, we accept this as the most reasonable assumption here too",Boron Proxies,40137.68,1,1,1557.31,577.31,390.87,"Henehan et al., 2020. Revisiting the Middle Eocene Climatic Optimum ‘Carbon Cycle Conundrum’ with new estimates of atmospheric pCO2 from boron isotopes. Paleoceanography and Paleoclimatology ",10.1029/2019PA003713,false,1,"Anagnostou et al 2020 omitted these sites to avoid applying vitals. Since the constant Ω assumption values for Anagnostou et al. 2020 have been deemed a reasonable assumption, we accept this as the most reasonable assumption here too",False,true,"Published data uses original lookup table from Hain et al. GBC 2015, which contains errors. These calculations used fixed values from Raitzsch et al. 2021 (10.5281/zenodo.4432146)",true,false,,,,-50.946,-26.3686
boron_isotopes_henehan_2020_p1.0.xlsx,"Anagnostou et al 2020 omitted these sites to avoid applying vitals. Since the constant Ω assumption values for Anagnostou et al. 2020 have been deemed a reasonable assumption, we accept this as the most reasonable assumption here too",Boron Proxies,40251.94,1,1,786.23,246.5,171.74,"Henehan et al., 2020. Revisiting the Middle Eocene Climatic Optimum ‘Carbon Cycle Conundrum’ with new estimates of atmospheric pCO2 from boron isotopes. Paleoceanography and Paleoclimatology ",10.1029/2019PA003713,false,1,"Anagnostou et al 2020 omitted these sites to avoid applying vitals. Since the constant Ω assumption values for Anagnostou et al. 2020 have been deemed a reasonable assumption, we accept this as the most reasonable assumption here too",False,true,"Published data uses original lookup table from Hain et al. GBC 2015, which contains errors. These calculations used fixed values from Raitzsch et al. 2021 (10.5281/zenodo.4432146)",true,false,,,,-50.946,-26.3686
boron_isotopes_henehan_2020_p1.0.xlsx,"Anagnostou et al 2020 omitted these sites to avoid applying vitals. Since the constant Ω assumption values for Anagnostou et al. 2020 have been deemed a reasonable assumption, we accept this as the most reasonable assumption here too",Boron Proxies,40605.42,1,1,543.41,154.69,114.66,"Henehan et al., 2020. Revisiting the Middle Eocene Climatic Optimum ‘Carbon Cycle Conundrum’ with new estimates of atmospheric pCO2 from boron isotopes. Paleoceanography and Paleoclimatology ",10.1029/2019PA003713,false,1,"Anagnostou et al 2020 omitted these sites to avoid applying vitals. Since the constant Ω assumption values for Anagnostou et al. 2020 have been deemed a reasonable assumption, we accept this as the most reasonable assumption here too",False,true,"Published data uses original lookup table from Hain et al. GBC 2015, which contains errors. These calculations used fixed values from Raitzsch et al. 2021 (10.5281/zenodo.4432146)",true,false,,,,-50.946,-26.3686
boron_isotopes_henehan_2020_p1.0.xlsx,"Anagnostou et al 2020 omitted these sites to avoid applying vitals. Since the constant Ω assumption values for Anagnostou et al. 2020 have been deemed a reasonable assumption, we accept this as the most reasonable assumption here too",Boron Proxies,40816.85,1,1,933.34,262.94,227.87,"Henehan et al., 2020. Revisiting the Middle Eocene Climatic Optimum ‘Carbon Cycle Conundrum’ with new estimates of atmospheric pCO2 from boron isotopes. Paleoceanography and Paleoclimatology ",10.1029/2019PA003713,false,1,"Anagnostou et al 2020 omitted these sites to avoid applying vitals. Since the constant Ω assumption values for Anagnostou et al. 2020 have been deemed a reasonable assumption, we accept this as the most reasonable assumption here too",False,true,"Published data uses original lookup table from Hain et al. GBC 2015, which contains errors. These calculations used fixed values from Raitzsch et al. 2021 (10.5281/zenodo.4432146)",true,false,,,,-50.946,-26.3686
boron_isotopes_henehan_2020_p1.0.xlsx,"Anagnostou et al 2020 omitted these sites to avoid applying vitals. Since the constant Ω assumption values for Anagnostou et al. 2020 have been deemed a reasonable assumption, we accept this as the most reasonable assumption here too",Boron Proxies,39933.57,1,1,1094.65,333.39,250.42,"Henehan et al., 2020. Revisiting the Middle Eocene Climatic Optimum ‘Carbon Cycle Conundrum’ with new estimates of atmospheric pCO2 from boron isotopes. Paleoceanography and Paleoclimatology ",10.1029/2019PA003713,false,1,"Anagnostou et al 2020 omitted these sites to avoid applying vitals. Since the constant Ω assumption values for Anagnostou et al. 2020 have been deemed a reasonable assumption, we accept this as the most reasonable assumption here too",False,true,"Published data uses original lookup table from Hain et al. GBC 2015, which contains errors. These calculations used fixed values from Raitzsch et al. 2021 (10.5281/zenodo.4432146)",true,false,,,,-28.53295,2.77957
boron_isotopes_henehan_2020_p1.0.xlsx,"Anagnostou et al 2020 omitted these sites to avoid applying vitals. Since the constant Ω assumption values for Anagnostou et al. 2020 have been deemed a reasonable assumption, we accept this as the most reasonable assumption here too",Boron Proxies,39989.67,1,1,982.09,299.59,220.09,"Henehan et al., 2020. Revisiting the Middle Eocene Climatic Optimum ‘Carbon Cycle Conundrum’ with new estimates of atmospheric pCO2 from boron isotopes. Paleoceanography and Paleoclimatology ",10.1029/2019PA003713,false,1,"Anagnostou et al 2020 omitted these sites to avoid applying vitals. Since the constant Ω assumption values for Anagnostou et al. 2020 have been deemed a reasonable assumption, we accept this as the most reasonable assumption here too",False,true,"Published data uses original lookup table from Hain et al. GBC 2015, which contains errors. These calculations used fixed values from Raitzsch et al. 2021 (10.5281/zenodo.4432146)",true,false,,,,-28.53295,2.77957
boron_isotopes_henehan_2020_p1.0.xlsx,"Anagnostou et al 2020 omitted these sites to avoid applying vitals. Since the constant Ω assumption values for Anagnostou et al. 2020 have been deemed a reasonable assumption, we accept this as the most reasonable assumption here too",Boron Proxies,40074.13,1,1,1056.55,305.51,240.69,"Henehan et al., 2020. Revisiting the Middle Eocene Climatic Optimum ‘Carbon Cycle Conundrum’ with new estimates of atmospheric pCO2 from boron isotopes. Paleoceanography and Paleoclimatology ",10.1029/2019PA003713,false,1,"Anagnostou et al 2020 omitted these sites to avoid applying vitals. Since the constant Ω assumption values for Anagnostou et al. 2020 have been deemed a reasonable assumption, we accept this as the most reasonable assumption here too",False,true,"Published data uses original lookup table from Hain et al. GBC 2015, which contains errors. These calculations used fixed values from Raitzsch et al. 2021 (10.5281/zenodo.4432146)",true,false,,,,-28.53295,2.77957
boron_isotopes_henehan_2020_p1.0.xlsx,"Anagnostou et al 2020 omitted these sites to avoid applying vitals. Since the constant Ω assumption values for Anagnostou et al. 2020 have been deemed a reasonable assumption, we accept this as the most reasonable assumption here too",Boron Proxies,40115.57,1,1,1295.88,443.96,299.11,"Henehan et al., 2020. Revisiting the Middle Eocene Climatic Optimum ‘Carbon Cycle Conundrum’ with new estimates of atmospheric pCO2 from boron isotopes. Paleoceanography and Paleoclimatology ",10.1029/2019PA003713,false,1,"Anagnostou et al 2020 omitted these sites to avoid applying vitals. Since the constant Ω assumption values for Anagnostou et al. 2020 have been deemed a reasonable assumption, we accept this as the most reasonable assumption here too",False,true,"Published data uses original lookup table from Hain et al. GBC 2015, which contains errors. These calculations used fixed values from Raitzsch et al. 2021 (10.5281/zenodo.4432146)",true,false,,,,-28.53295,2.77957
boron_isotopes_henehan_2020_p1.0.xlsx,"Anagnostou et al 2020 omitted these sites to avoid applying vitals. Since the constant Ω assumption values for Anagnostou et al. 2020 have been deemed a reasonable assumption, we accept this as the most reasonable assumption here too",Boron Proxies,40125.33,1,1,1321.8,449.7,315.75,"Henehan et al., 2020. Revisiting the Middle Eocene Climatic Optimum ‘Carbon Cycle Conundrum’ with new estimates of atmospheric pCO2 from boron isotopes. Paleoceanography and Paleoclimatology ",10.1029/2019PA003713,false,1,"Anagnostou et al 2020 omitted these sites to avoid applying vitals. Since the constant Ω assumption values for Anagnostou et al. 2020 have been deemed a reasonable assumption, we accept this as the most reasonable assumption here too",False,true,"Published data uses original lookup table from Hain et al. GBC 2015, which contains errors. These calculations used fixed values from Raitzsch et al. 2021 (10.5281/zenodo.4432146)",true,false,,,,-28.53295,2.77957
boron_isotopes_henehan_2020_p1.0.xlsx,"Anagnostou et al 2020 omitted these sites to avoid applying vitals. Since the constant Ω assumption values for Anagnostou et al. 2020 have been deemed a reasonable assumption, we accept this as the most reasonable assumption here too",Boron Proxies,40241.51,1,1,1336.1,448.61,326.04,"Henehan et al., 2020. Revisiting the Middle Eocene Climatic Optimum ‘Carbon Cycle Conundrum’ with new estimates of atmospheric pCO2 from boron isotopes. Paleoceanography and Paleoclimatology ",10.1029/2019PA003713,false,1,"Anagnostou et al 2020 omitted these sites to avoid applying vitals. Since the constant Ω assumption values for Anagnostou et al. 2020 have been deemed a reasonable assumption, we accept this as the most reasonable assumption here too",False,true,"Published data uses original lookup table from Hain et al. GBC 2015, which contains errors. These calculations used fixed values from Raitzsch et al. 2021 (10.5281/zenodo.4432146)",true,false,,,,-28.53295,2.77957
boron_isotopes_henehan_2020_p1.0.xlsx,"Anagnostou et al 2020 omitted these sites to avoid applying vitals. Since the constant Ω assumption values for Anagnostou et al. 2020 have been deemed a reasonable assumption, we accept this as the most reasonable assumption here too",Boron Proxies,40337.61,1,1,1121.34,318.06,256.67,"Henehan et al., 2020. Revisiting the Middle Eocene Climatic Optimum ‘Carbon Cycle Conundrum’ with new estimates of atmospheric pCO2 from boron isotopes. Paleoceanography and Paleoclimatology ",10.1029/2019PA003713,false,1,"Anagnostou et al 2020 omitted these sites to avoid applying vitals. Since the constant Ω assumption values for Anagnostou et al. 2020 have been deemed a reasonable assumption, we accept this as the most reasonable assumption here too",False,true,"Published data uses original lookup table from Hain et al. GBC 2015, which contains errors. These calculations used fixed values from Raitzsch et al. 2021 (10.5281/zenodo.4432146)",true,false,,,,-28.53295,2.77957
boron_isotopes_henehan_2020_p1.0.xlsx,"Anagnostou et al 2020 omitted these sites to avoid applying vitals. Since the constant Ω assumption values for Anagnostou et al. 2020 have been deemed a reasonable assumption, we accept this as the most reasonable assumption here too",Boron Proxies,40725.72,1,1,876.49,274.48,189.93,"Henehan et al., 2020. Revisiting the Middle Eocene Climatic Optimum ‘Carbon Cycle Conundrum’ with new estimates of atmospheric pCO2 from boron isotopes. Paleoceanography and Paleoclimatology ",10.1029/2019PA003713,false,1,"Anagnostou et al 2020 omitted these sites to avoid applying vitals. Since the constant Ω assumption values for Anagnostou et al. 2020 have been deemed a reasonable assumption, we accept this as the most reasonable assumption here too",False,true,"Published data uses original lookup table from Hain et al. GBC 2015, which contains errors. These calculations used fixed values from Raitzsch et al. 2021 (10.5281/zenodo.4432146)",true,false,,,,-28.53295,2.77957
boron_isotopes_henehan_2020_p1.0.xlsx,"Anagnostou et al 2020 omitted these sites to avoid applying vitals. Since the constant Ω assumption values for Anagnostou et al. 2020 have been deemed a reasonable assumption, we accept this as the most reasonable assumption here too",Boron Proxies,41064.15,1,1,937.83,295.48,206.32,"Henehan et al., 2020. Revisiting the Middle Eocene Climatic Optimum ‘Carbon Cycle Conundrum’ with new estimates of atmospheric pCO2 from boron isotopes. Paleoceanography and Paleoclimatology ",10.1029/2019PA003713,false,1,"Anagnostou et al 2020 omitted these sites to avoid applying vitals. Since the constant Ω assumption values for Anagnostou et al. 2020 have been deemed a reasonable assumption, we accept this as the most reasonable assumption here too",False,true,"Published data uses original lookup table from Hain et al. GBC 2015, which contains errors. These calculations used fixed values from Raitzsch et al. 2021 (10.5281/zenodo.4432146)",true,false,,,,-28.53295,2.77957
boron_isotopes_delavega_2021_p1.0.xlsx,all known sources of error have been quantified and/or sensitivity of the CO2 estimate to those sources is small,Boron Proxies,2340.14,6,6,310.84,57.34,43.46,"de la Vega, E, Chalk, T.B, Wilson, P.A, Bysani, R.P, Foster, G.L (2020). ""Atmospheric CO2 during the Mid-Piacenzian Warm Period and the M2 glaciation"". Sci Rep 10, 11002 (2020).",10.1038/s41598-020-67154-8,true,1,all known sources of error have been quantified and/or sensitivity of the CO2 estimate to those sources is small,,false,,true,false,,false,added age uncertainty based on LR04,12.75,-78.73
boron_isotopes_delavega_2021_p1.0.xlsx,all known sources of error have been quantified and/or sensitivity of the CO2 estimate to those sources is small,Boron Proxies,2350.85,6,6,308.16,62.69,45.22,"de la Vega, E, Chalk, T.B, Wilson, P.A, Bysani, R.P, Foster, G.L (2020). ""Atmospheric CO2 during the Mid-Piacenzian Warm Period and the M2 glaciation"". Sci Rep 10, 11002 (2020).",10.1038/s41598-020-67154-8,true,1,all known sources of error have been quantified and/or sensitivity of the CO2 estimate to those sources is small,,false,,true,false,,false,added age uncertainty based on LR04,12.75,-78.73
boron_isotopes_delavega_2021_p1.0.xlsx,all known sources of error have been quantified and/or sensitivity of the CO2 estimate to those sources is small,Boron Proxies,2358.08,6,6,300.91,56.58,41.36,"de la Vega, E, Chalk, T.B, Wilson, P.A, Bysani, R.P, Foster, G.L (2020). ""Atmospheric CO2 during the Mid-Piacenzian Warm Period and the M2 glaciation"". Sci Rep 10, 11002 (2020).",10.1038/s41598-020-67154-8,true,1,all known sources of error have been quantified and/or sensitivity of the CO2 estimate to those sources is small,,false,,true,false,,false,added age uncertainty based on LR04,12.75,-78.73
boron_isotopes_delavega_2021_p1.0.xlsx,all known sources of error have been quantified and/or sensitivity of the CO2 estimate to those sources is small,Boron Proxies,2378.92,6,6,397.52,72,57.4,"de la Vega, E, Chalk, T.B, Wilson, P.A, Bysani, R.P, Foster, G.L (2020). ""Atmospheric CO2 during the Mid-Piacenzian Warm Period and the M2 glaciation"". Sci Rep 10, 11002 (2020).",10.1038/s41598-020-67154-8,true,1,all known sources of error have been quantified and/or sensitivity of the CO2 estimate to those sources is small,,false,,true,false,,false,added age uncertainty based on LR04,12.75,-78.73
boron_isotopes_delavega_2021_p1.0.xlsx,all known sources of error have been quantified and/or sensitivity of the CO2 estimate to those sources is small,Boron Proxies,2388.39,6,6,365.24,60.9,56.15,"de la Vega, E, Chalk, T.B, Wilson, P.A, Bysani, R.P, Foster, G.L (2020). ""Atmospheric CO2 during the Mid-Piacenzian Warm Period and the M2 glaciation"". Sci Rep 10, 11002 (2020).",10.1038/s41598-020-67154-8,true,1,all known sources of error have been quantified and/or sensitivity of the CO2 estimate to those sources is small,,false,,true,false,,false,added age uncertainty based on LR04,12.75,-78.73
boron_isotopes_delavega_2021_p1.0.xlsx,all known sources of error have been quantified and/or sensitivity of the CO2 estimate to those sources is small,Boron Proxies,2396.71,6,6,372.63,59.24,59.26,"de la Vega, E, Chalk, T.B, Wilson, P.A, Bysani, R.P, Foster, G.L (2020). ""Atmospheric CO2 during the Mid-Piacenzian Warm Period and the M2 glaciation"". Sci Rep 10, 11002 (2020).",10.1038/s41598-020-67154-8,true,1,all known sources of error have been quantified and/or sensitivity of the CO2 estimate to those sources is small,,false,,true,false,,false,added age uncertainty based on LR04,12.75,-78.73
boron_isotopes_delavega_2021_p1.0.xlsx,all known sources of error have been quantified and/or sensitivity of the CO2 estimate to those sources is small,Boron Proxies,2410.93,6,6,278.03,48.7,40.04,"de la Vega, E, Chalk, T.B, Wilson, P.A, Bysani, R.P, Foster, G.L (2020). ""Atmospheric CO2 during the Mid-Piacenzian Warm Period and the M2 glaciation"". Sci Rep 10, 11002 (2020).",10.1038/s41598-020-67154-8,true,1,all known sources of error have been quantified and/or sensitivity of the CO2 estimate to those sources is small,,false,,true,false,,false,added age uncertainty based on LR04,12.75,-78.73
boron_isotopes_delavega_2021_p1.0.xlsx,all known sources of error have been quantified and/or sensitivity of the CO2 estimate to those sources is small,Boron Proxies,2426.63,6,6,328.64,56.17,47.98,"de la Vega, E, Chalk, T.B, Wilson, P.A, Bysani, R.P, Foster, G.L (2020). ""Atmospheric CO2 during the Mid-Piacenzian Warm Period and the M2 glaciation"". Sci Rep 10, 11002 (2020).",10.1038/s41598-020-67154-8,true,1,all known sources of error have been quantified and/or sensitivity of the CO2 estimate to those sources is small,,false,,true,false,,false,added age uncertainty based on LR04,12.75,-78.73
boron_isotopes_delavega_2021_p1.0.xlsx,all known sources of error have been quantified and/or sensitivity of the CO2 estimate to those sources is small,Boron Proxies,2454.51,6,6,317.71,54.3,46.75,"de la Vega, E, Chalk, T.B, Wilson, P.A, Bysani, R.P, Foster, G.L (2020). ""Atmospheric CO2 during the Mid-Piacenzian Warm Period and the M2 glaciation"". Sci Rep 10, 11002 (2020).",10.1038/s41598-020-67154-8,true,1,all known sources of error have been quantified and/or sensitivity of the CO2 estimate to those sources is small,,false,,true,false,,false,added age uncertainty based on LR04,12.75,-78.73
boron_isotopes_delavega_2021_p1.0.xlsx,all known sources of error have been quantified and/or sensitivity of the CO2 estimate to those sources is small,Boron Proxies,2473.82,6,6,337.65,57.02,48.56,"de la Vega, E, Chalk, T.B, Wilson, P.A, Bysani, R.P, Foster, G.L (2020). ""Atmospheric CO2 during the Mid-Piacenzian Warm Period and the M2 glaciation"". Sci Rep 10, 11002 (2020).",10.1038/s41598-020-67154-8,true,1,all known sources of error have been quantified and/or sensitivity of the CO2 estimate to those sources is small,,false,,true,false,,false,added age uncertainty based on LR04,12.75,-78.73
boron_isotopes_delavega_2021_p1.0.xlsx,all known sources of error have been quantified and/or sensitivity of the CO2 estimate to those sources is small,Boron Proxies,2497.34,6,6,351.97,60.93,50.72,"de la Vega, E, Chalk, T.B, Wilson, P.A, Bysani, R.P, Foster, G.L (2020). ""Atmospheric CO2 during the Mid-Piacenzian Warm Period and the M2 glaciation"". Sci Rep 10, 11002 (2020).",10.1038/s41598-020-67154-8,true,1,all known sources of error have been quantified and/or sensitivity of the CO2 estimate to those sources is small,,false,,true,false,,false,added age uncertainty based on LR04,12.75,-78.73
boron_isotopes_delavega_2021_p1.0.xlsx,all known sources of error have been quantified and/or sensitivity of the CO2 estimate to those sources is small,Boron Proxies,2498.3,6,6,349.77,69,44.74,"de la Vega, E, Chalk, T.B, Wilson, P.A, Bysani, R.P, Foster, G.L (2020). ""Atmospheric CO2 during the Mid-Piacenzian Warm Period and the M2 glaciation"". Sci Rep 10, 11002 (2020).",10.1038/s41598-020-67154-8,true,1,all known sources of error have been quantified and/or sensitivity of the CO2 estimate to those sources is small,,false,,true,false,,false,added age uncertainty based on LR04,12.75,-78.73
boron_isotopes_delavega_2021_p1.0.xlsx,all known sources of error have been quantified and/or sensitivity of the CO2 estimate to those sources is small,Boron Proxies,2517.16,6,6,247.63,46.23,35.52,"de la Vega, E, Chalk, T.B, Wilson, P.A, Bysani, R.P, Foster, G.L (2020). ""Atmospheric CO2 during the Mid-Piacenzian Warm Period and the M2 glaciation"". Sci Rep 10, 11002 (2020).",10.1038/s41598-020-67154-8,true,1,all known sources of error have been quantified and/or sensitivity of the CO2 estimate to those sources is small,,false,,true,false,,false,added age uncertainty based on LR04,12.75,-78.73
boron_isotopes_delavega_2021_p1.0.xlsx,all known sources of error have been quantified and/or sensitivity of the CO2 estimate to those sources is small,Boron Proxies,2540.44,6,6,333.81,55.9,50.82,"de la Vega, E, Chalk, T.B, Wilson, P.A, Bysani, R.P, Foster, G.L (2020). ""Atmospheric CO2 during the Mid-Piacenzian Warm Period and the M2 glaciation"". Sci Rep 10, 11002 (2020).",10.1038/s41598-020-67154-8,true,1,all known sources of error have been quantified and/or sensitivity of the CO2 estimate to those sources is small,,false,,true,false,,false,added age uncertainty based on LR04,12.75,-78.73
boron_isotopes_delavega_2021_p1.0.xlsx,all known sources of error have been quantified and/or sensitivity of the CO2 estimate to those sources is small,Boron Proxies,2572.4,6,6,303.13,49.34,46.24,"de la Vega, E, Chalk, T.B, Wilson, P.A, Bysani, R.P, Foster, G.L (2020). ""Atmospheric CO2 during the Mid-Piacenzian Warm Period and the M2 glaciation"". Sci Rep 10, 11002 (2020).",10.1038/s41598-020-67154-8,true,1,all known sources of error have been quantified and/or sensitivity of the CO2 estimate to those sources is small,,false,,true,false,,false,added age uncertainty based on LR04,12.75,-78.73
boron_isotopes_delavega_2021_p1.0.xlsx,all known sources of error have been quantified and/or sensitivity of the CO2 estimate to those sources is small,Boron Proxies,2586.5,6,6,326.17,57.93,46.25,"de la Vega, E, Chalk, T.B, Wilson, P.A, Bysani, R.P, Foster, G.L (2020). ""Atmospheric CO2 during the Mid-Piacenzian Warm Period and the M2 glaciation"". Sci Rep 10, 11002 (2020).",10.1038/s41598-020-67154-8,true,1,all known sources of error have been quantified and/or sensitivity of the CO2 estimate to those sources is small,,false,,true,false,,false,added age uncertainty based on LR04,12.75,-78.73
boron_isotopes_delavega_2021_p1.0.xlsx,all known sources of error have been quantified and/or sensitivity of the CO2 estimate to those sources is small,Boron Proxies,2600.34,6,6,357.55,64.2,53.58,"de la Vega, E, Chalk, T.B, Wilson, P.A, Bysani, R.P, Foster, G.L (2020). ""Atmospheric CO2 during the Mid-Piacenzian Warm Period and the M2 glaciation"". Sci Rep 10, 11002 (2020).",10.1038/s41598-020-67154-8,true,1,all known sources of error have been quantified and/or sensitivity of the CO2 estimate to those sources is small,,false,,true,false,,false,added age uncertainty based on LR04,12.75,-78.73
boron_isotopes_delavega_2021_p1.0.xlsx,all known sources of error have been quantified and/or sensitivity of the CO2 estimate to those sources is small,Boron Proxies,2618.69,6,6,282.93,48.74,42.94,"de la Vega, E, Chalk, T.B, Wilson, P.A, Bysani, R.P, Foster, G.L (2020). ""Atmospheric CO2 during the Mid-Piacenzian Warm Period and the M2 glaciation"". Sci Rep 10, 11002 (2020).",10.1038/s41598-020-67154-8,true,1,all known sources of error have been quantified and/or sensitivity of the CO2 estimate to those sources is small,,false,,true,false,,false,added age uncertainty based on LR04,12.75,-78.73
boron_isotopes_delavega_2021_p1.0.xlsx,all known sources of error have been quantified and/or sensitivity of the CO2 estimate to those sources is small,Boron Proxies,2626.86,6,6,304.93,54.09,43.84,"de la Vega, E, Chalk, T.B, Wilson, P.A, Bysani, R.P, Foster, G.L (2020). ""Atmospheric CO2 during the Mid-Piacenzian Warm Period and the M2 glaciation"". Sci Rep 10, 11002 (2020).",10.1038/s41598-020-67154-8,true,1,all known sources of error have been quantified and/or sensitivity of the CO2 estimate to those sources is small,,false,,true,false,,false,added age uncertainty based on LR04,12.75,-78.73
boron_isotopes_delavega_2021_p1.0.xlsx,all known sources of error have been quantified and/or sensitivity of the CO2 estimate to those sources is small,Boron Proxies,2632.74,6,6,252.94,42.87,38.85,"de la Vega, E, Chalk, T.B, Wilson, P.A, Bysani, R.P, Foster, G.L (2020). ""Atmospheric CO2 during the Mid-Piacenzian Warm Period and the M2 glaciation"". Sci Rep 10, 11002 (2020).",10.1038/s41598-020-67154-8,true,1,all known sources of error have been quantified and/or sensitivity of the CO2 estimate to those sources is small,,false,,true,false,,false,added age uncertainty based on LR04,12.75,-78.73
boron_isotopes_delavega_2021_p1.0.xlsx,all known sources of error have been quantified and/or sensitivity of the CO2 estimate to those sources is small,Boron Proxies,2647.36,6,6,283.71,49.42,40.71,"de la Vega, E, Chalk, T.B, Wilson, P.A, Bysani, R.P, Foster, G.L (2020). ""Atmospheric CO2 during the Mid-Piacenzian Warm Period and the M2 glaciation"". Sci Rep 10, 11002 (2020).",10.1038/s41598-020-67154-8,true,1,all known sources of error have been quantified and/or sensitivity of the CO2 estimate to those sources is small,,false,,true,false,,false,added age uncertainty based on LR04,12.75,-78.73
boron_isotopes_delavega_2021_p1.0.xlsx,all known sources of error have been quantified and/or sensitivity of the CO2 estimate to those sources is small,Boron Proxies,2661.38,6,6,305.1,52.08,45.46,"de la Vega, E, Chalk, T.B, Wilson, P.A, Bysani, R.P, Foster, G.L (2020). ""Atmospheric CO2 during the Mid-Piacenzian Warm Period and the M2 glaciation"". Sci Rep 10, 11002 (2020).",10.1038/s41598-020-67154-8,true,1,all known sources of error have been quantified and/or sensitivity of the CO2 estimate to those sources is small,,false,,true,false,,false,added age uncertainty based on LR04,12.75,-78.73
boron_isotopes_delavega_2021_p1.0.xlsx,all known sources of error have been quantified and/or sensitivity of the CO2 estimate to those sources is small,Boron Proxies,2671.05,6,6,263.9,48.56,37.61,"de la Vega, E, Chalk, T.B, Wilson, P.A, Bysani, R.P, Foster, G.L (2020). ""Atmospheric CO2 during the Mid-Piacenzian Warm Period and the M2 glaciation"". Sci Rep 10, 11002 (2020).",10.1038/s41598-020-67154-8,true,1,all known sources of error have been quantified and/or sensitivity of the CO2 estimate to those sources is small,,false,,true,false,,false,added age uncertainty based on LR04,12.75,-78.73
boron_isotopes_delavega_2021_p1.0.xlsx,all known sources of error have been quantified and/or sensitivity of the CO2 estimate to those sources is small,Boron Proxies,2679.21,6,6,320.16,57.24,45.33,"de la Vega, E, Chalk, T.B, Wilson, P.A, Bysani, R.P, Foster, G.L (2020). ""Atmospheric CO2 during the Mid-Piacenzian Warm Period and the M2 glaciation"". Sci Rep 10, 11002 (2020).",10.1038/s41598-020-67154-8,true,1,all known sources of error have been quantified and/or sensitivity of the CO2 estimate to those sources is small,,false,,true,false,,false,added age uncertainty based on LR04,12.75,-78.73
boron_isotopes_delavega_2021_p1.0.xlsx,all known sources of error have been quantified and/or sensitivity of the CO2 estimate to those sources is small,Boron Proxies,2686.16,6,6,282.43,53.34,38.51,"de la Vega, E, Chalk, T.B, Wilson, P.A, Bysani, R.P, Foster, G.L (2020). ""Atmospheric CO2 during the Mid-Piacenzian Warm Period and the M2 glaciation"". Sci Rep 10, 11002 (2020).",10.1038/s41598-020-67154-8,true,1,all known sources of error have been quantified and/or sensitivity of the CO2 estimate to those sources is small,,false,,true,false,,false,added age uncertainty based on LR04,12.75,-78.73
boron_isotopes_delavega_2021_p1.0.xlsx,all known sources of error have been quantified and/or sensitivity of the CO2 estimate to those sources is small,Boron Proxies,2698.25,6,6,281.51,43.22,44.35,"de la Vega, E, Chalk, T.B, Wilson, P.A, Bysani, R.P, Foster, G.L (2020). ""Atmospheric CO2 during the Mid-Piacenzian Warm Period and the M2 glaciation"". Sci Rep 10, 11002 (2020).",10.1038/s41598-020-67154-8,true,1,all known sources of error have been quantified and/or sensitivity of the CO2 estimate to those sources is small,,false,,true,false,,false,added age uncertainty based on LR04,12.75,-78.73
boron_isotopes_delavega_2021_p1.0.xlsx,all known sources of error have been quantified and/or sensitivity of the CO2 estimate to those sources is small,Boron Proxies,2705.51,6,6,239.5,49.35,40.56,"de la Vega, E, Chalk, T.B, Wilson, P.A, Bysani, R.P, Foster, G.L (2020). ""Atmospheric CO2 during the Mid-Piacenzian Warm Period and the M2 glaciation"". Sci Rep 10, 11002 (2020).",10.1038/s41598-020-67154-8,true,1,all known sources of error have been quantified and/or sensitivity of the CO2 estimate to those sources is small,,false,,true,false,,false,added age uncertainty based on LR04,12.75,-78.73
boron_isotopes_delavega_2021_p1.0.xlsx,all known sources of error have been quantified and/or sensitivity of the CO2 estimate to those sources is small,Boron Proxies,2710.04,6,6,312.87,61.79,44.01,"de la Vega, E, Chalk, T.B, Wilson, P.A, Bysani, R.P, Foster, G.L (2020). ""Atmospheric CO2 during the Mid-Piacenzian Warm Period and the M2 glaciation"". Sci Rep 10, 11002 (2020).",10.1038/s41598-020-67154-8,true,1,all known sources of error have been quantified and/or sensitivity of the CO2 estimate to those sources is small,,false,,true,false,,false,added age uncertainty based on LR04,12.75,-78.73
boron_isotopes_delavega_2021_p1.0.xlsx,all known sources of error have been quantified and/or sensitivity of the CO2 estimate to those sources is small,Boron Proxies,2716.09,6,6,262.25,50.32,35.49,"de la Vega, E, Chalk, T.B, Wilson, P.A, Bysani, R.P, Foster, G.L (2020). ""Atmospheric CO2 during the Mid-Piacenzian Warm Period and the M2 glaciation"". Sci Rep 10, 11002 (2020).",10.1038/s41598-020-67154-8,true,1,all known sources of error have been quantified and/or sensitivity of the CO2 estimate to those sources is small,,false,,true,false,,false,added age uncertainty based on LR04,12.75,-78.73
boron_isotopes_delavega_2021_p1.0.xlsx,all known sources of error have been quantified and/or sensitivity of the CO2 estimate to those sources is small,Boron Proxies,2744.51,6,6,332.26,62.77,43.62,"de la Vega, E, Chalk, T.B, Wilson, P.A, Bysani, R.P, Foster, G.L (2020). ""Atmospheric CO2 during the Mid-Piacenzian Warm Period and the M2 glaciation"". Sci Rep 10, 11002 (2020).",10.1038/s41598-020-67154-8,true,1,all known sources of error have been quantified and/or sensitivity of the CO2 estimate to those sources is small,,false,,true,false,,false,added age uncertainty based on LR04,12.75,-78.73
boron_isotopes_delavega_2021_p1.0.xlsx,all known sources of error have been quantified and/or sensitivity of the CO2 estimate to those sources is small,Boron Proxies,2751.11,6,6,316.6,61.77,44.9,"de la Vega, E, Chalk, T.B, Wilson, P.A, Bysani, R.P, Foster, G.L (2020). ""Atmospheric CO2 during the Mid-Piacenzian Warm Period and the M2 glaciation"". Sci Rep 10, 11002 (2020).",10.1038/s41598-020-67154-8,true,1,all known sources of error have been quantified and/or sensitivity of the CO2 estimate to those sources is small,,false,,true,false,,false,added age uncertainty based on LR04,12.75,-78.73
boron_isotopes_delavega_2021_p1.0.xlsx,all known sources of error have been quantified and/or sensitivity of the CO2 estimate to those sources is small,Boron Proxies,2764.59,6,6,356.67,58.46,53.43,"de la Vega, E, Chalk, T.B, Wilson, P.A, Bysani, R.P, Foster, G.L (2020). ""Atmospheric CO2 during the Mid-Piacenzian Warm Period and the M2 glaciation"". Sci Rep 10, 11002 (2020).",10.1038/s41598-020-67154-8,true,1,all known sources of error have been quantified and/or sensitivity of the CO2 estimate to those sources is small,,false,,true,false,,false,added age uncertainty based on LR04,12.75,-78.73
boron_isotopes_delavega_2021_p1.0.xlsx,all known sources of error have been quantified and/or sensitivity of the CO2 estimate to those sources is small,Boron Proxies,2778.07,6,6,278.79,51.53,38.43,"de la Vega, E, Chalk, T.B, Wilson, P.A, Bysani, R.P, Foster, G.L (2020). ""Atmospheric CO2 during the Mid-Piacenzian Warm Period and the M2 glaciation"". Sci Rep 10, 11002 (2020).",10.1038/s41598-020-67154-8,true,1,all known sources of error have been quantified and/or sensitivity of the CO2 estimate to those sources is small,,false,,true,false,,false,added age uncertainty based on LR04,12.75,-78.73
boron_isotopes_delavega_2021_p1.0.xlsx,all known sources of error have been quantified and/or sensitivity of the CO2 estimate to those sources is small,Boron Proxies,2799.52,6,6,280.1,52.86,39.25,"de la Vega, E, Chalk, T.B, Wilson, P.A, Bysani, R.P, Foster, G.L (2020). ""Atmospheric CO2 during the Mid-Piacenzian Warm Period and the M2 glaciation"". Sci Rep 10, 11002 (2020).",10.1038/s41598-020-67154-8,true,1,all known sources of error have been quantified and/or sensitivity of the CO2 estimate to those sources is small,,false,,true,false,,false,added age uncertainty based on LR04,12.75,-78.73
boron_isotopes_delavega_2021_p1.0.xlsx,all known sources of error have been quantified and/or sensitivity of the CO2 estimate to those sources is small,Boron Proxies,2821.86,6,6,314.1,58.91,42.75,"de la Vega, E, Chalk, T.B, Wilson, P.A, Bysani, R.P, Foster, G.L (2020). ""Atmospheric CO2 during the Mid-Piacenzian Warm Period and the M2 glaciation"". Sci Rep 10, 11002 (2020).",10.1038/s41598-020-67154-8,true,1,all known sources of error have been quantified and/or sensitivity of the CO2 estimate to those sources is small,,false,,true,false,,false,added age uncertainty based on LR04,12.75,-78.73
boron_isotopes_delavega_2021_p1.0.xlsx,all known sources of error have been quantified and/or sensitivity of the CO2 estimate to those sources is small,Boron Proxies,2823.45,6,6,352.26,80.82,56.04,"de la Vega, E, Chalk, T.B, Wilson, P.A, Bysani, R.P, Foster, G.L (2020). ""Atmospheric CO2 during the Mid-Piacenzian Warm Period and the M2 glaciation"". Sci Rep 10, 11002 (2020).",10.1038/s41598-020-67154-8,true,1,all known sources of error have been quantified and/or sensitivity of the CO2 estimate to those sources is small,,false,,true,false,,false,added age uncertainty based on LR04,12.75,-78.73
boron_isotopes_delavega_2021_p1.0.xlsx,all known sources of error have been quantified and/or sensitivity of the CO2 estimate to those sources is small,Boron Proxies,2832.34,6,6,376.25,72.54,49.58,"de la Vega, E, Chalk, T.B, Wilson, P.A, Bysani, R.P, Foster, G.L (2020). ""Atmospheric CO2 during the Mid-Piacenzian Warm Period and the M2 glaciation"". Sci Rep 10, 11002 (2020).",10.1038/s41598-020-67154-8,true,1,all known sources of error have been quantified and/or sensitivity of the CO2 estimate to those sources is small,,false,,true,false,,false,added age uncertainty based on LR04,12.75,-78.73
boron_isotopes_delavega_2021_p1.0.xlsx,all known sources of error have been quantified and/or sensitivity of the CO2 estimate to those sources is small,Boron Proxies,2845.05,6,6,308.99,52.04,48.12,"de la Vega, E, Chalk, T.B, Wilson, P.A, Bysani, R.P, Foster, G.L (2020). ""Atmospheric CO2 during the Mid-Piacenzian Warm Period and the M2 glaciation"". Sci Rep 10, 11002 (2020).",10.1038/s41598-020-67154-8,true,1,all known sources of error have been quantified and/or sensitivity of the CO2 estimate to those sources is small,,false,,true,false,,false,added age uncertainty based on LR04,12.75,-78.73
boron_isotopes_delavega_2021_p1.0.xlsx,all known sources of error have been quantified and/or sensitivity of the CO2 estimate to those sources is small,Boron Proxies,2882.85,6,6,421.06,88.15,54.42,"de la Vega, E, Chalk, T.B, Wilson, P.A, Bysani, R.P, Foster, G.L (2020). ""Atmospheric CO2 during the Mid-Piacenzian Warm Period and the M2 glaciation"". Sci Rep 10, 11002 (2020).",10.1038/s41598-020-67154-8,true,1,all known sources of error have been quantified and/or sensitivity of the CO2 estimate to those sources is small,,false,,true,false,,false,added age uncertainty based on LR04,12.75,-78.73
boron_isotopes_delavega_2021_p1.0.xlsx,all known sources of error have been quantified and/or sensitivity of the CO2 estimate to those sources is small,Boron Proxies,2916.2,6,6,365.89,60.22,54.42,"de la Vega, E, Chalk, T.B, Wilson, P.A, Bysani, R.P, Foster, G.L (2020). ""Atmospheric CO2 during the Mid-Piacenzian Warm Period and the M2 glaciation"". Sci Rep 10, 11002 (2020).",10.1038/s41598-020-67154-8,true,1,all known sources of error have been quantified and/or sensitivity of the CO2 estimate to those sources is small,,false,,true,false,,false,added age uncertainty based on LR04,12.75,-78.73
boron_isotopes_delavega_2021_p1.0.xlsx,all known sources of error have been quantified and/or sensitivity of the CO2 estimate to those sources is small,Boron Proxies,2927,6,6,362.81,68.27,49.56,"de la Vega, E, Chalk, T.B, Wilson, P.A, Bysani, R.P, Foster, G.L (2020). ""Atmospheric CO2 during the Mid-Piacenzian Warm Period and the M2 glaciation"". Sci Rep 10, 11002 (2020).",10.1038/s41598-020-67154-8,true,1,all known sources of error have been quantified and/or sensitivity of the CO2 estimate to those sources is small,,false,,true,false,,false,added age uncertainty based on LR04,12.75,-78.73
boron_isotopes_delavega_2021_p1.0.xlsx,all known sources of error have been quantified and/or sensitivity of the CO2 estimate to those sources is small,Boron Proxies,2942.97,6,6,331.45,60.29,45.73,"de la Vega, E, Chalk, T.B, Wilson, P.A, Bysani, R.P, Foster, G.L (2020). ""Atmospheric CO2 during the Mid-Piacenzian Warm Period and the M2 glaciation"". Sci Rep 10, 11002 (2020).",10.1038/s41598-020-67154-8,true,1,all known sources of error have been quantified and/or sensitivity of the CO2 estimate to those sources is small,,false,,true,false,,false,added age uncertainty based on LR04,12.75,-78.73
boron_isotopes_delavega_2021_p1.0.xlsx,all known sources of error have been quantified and/or sensitivity of the CO2 estimate to those sources is small,Boron Proxies,2950.22,6,6,350.06,64.55,50.09,"de la Vega, E, Chalk, T.B, Wilson, P.A, Bysani, R.P, Foster, G.L (2020). ""Atmospheric CO2 during the Mid-Piacenzian Warm Period and the M2 glaciation"". Sci Rep 10, 11002 (2020).",10.1038/s41598-020-67154-8,true,1,all known sources of error have been quantified and/or sensitivity of the CO2 estimate to those sources is small,,false,,true,false,,false,added age uncertainty based on LR04,12.75,-78.73
boron_isotopes_delavega_2021_p1.0.xlsx,all known sources of error have been quantified and/or sensitivity of the CO2 estimate to those sources is small,Boron Proxies,2950.22,6,6,391.96,93.5,56.27,"de la Vega, E, Chalk, T.B, Wilson, P.A, Bysani, R.P, Foster, G.L (2020). ""Atmospheric CO2 during the Mid-Piacenzian Warm Period and the M2 glaciation"". Sci Rep 10, 11002 (2020).",10.1038/s41598-020-67154-8,true,1,all known sources of error have been quantified and/or sensitivity of the CO2 estimate to those sources is small,,false,,true,false,,false,added age uncertainty based on LR04,12.75,-78.73
boron_isotopes_delavega_2021_p1.0.xlsx,all known sources of error have been quantified and/or sensitivity of the CO2 estimate to those sources is small,Boron Proxies,2956.69,6,6,341.79,59.58,48.28,"de la Vega, E, Chalk, T.B, Wilson, P.A, Bysani, R.P, Foster, G.L (2020). ""Atmospheric CO2 during the Mid-Piacenzian Warm Period and the M2 glaciation"". Sci Rep 10, 11002 (2020).",10.1038/s41598-020-67154-8,true,1,all known sources of error have been quantified and/or sensitivity of the CO2 estimate to those sources is small,,false,,true,false,,false,added age uncertainty based on LR04,12.75,-78.73
boron_isotopes_delavega_2021_p1.0.xlsx,all known sources of error have been quantified and/or sensitivity of the CO2 estimate to those sources is small,Boron Proxies,2971.7,6,6,323.37,57.93,44.97,"de la Vega, E, Chalk, T.B, Wilson, P.A, Bysani, R.P, Foster, G.L (2020). ""Atmospheric CO2 during the Mid-Piacenzian Warm Period and the M2 glaciation"". Sci Rep 10, 11002 (2020).",10.1038/s41598-020-67154-8,true,1,all known sources of error have been quantified and/or sensitivity of the CO2 estimate to those sources is small,,false,,true,false,,false,added age uncertainty based on LR04,12.75,-78.73
boron_isotopes_delavega_2021_p1.0.xlsx,all known sources of error have been quantified and/or sensitivity of the CO2 estimate to those sources is small,Boron Proxies,2998.11,6,6,366.03,57.01,56.96,"de la Vega, E, Chalk, T.B, Wilson, P.A, Bysani, R.P, Foster, G.L (2020). ""Atmospheric CO2 during the Mid-Piacenzian Warm Period and the M2 glaciation"". Sci Rep 10, 11002 (2020).",10.1038/s41598-020-67154-8,true,1,all known sources of error have been quantified and/or sensitivity of the CO2 estimate to those sources is small,,false,,true,false,,false,added age uncertainty based on LR04,12.75,-78.73
boron_isotopes_delavega_2021_p1.0.xlsx,all known sources of error have been quantified and/or sensitivity of the CO2 estimate to those sources is small,Boron Proxies,3006.65,15,15,346.46,66.04,49.03,"de la Vega, E, Chalk, T.B, Wilson, P.A, Bysani, R.P, Foster, G.L (2020). ""Atmospheric CO2 during the Mid-Piacenzian Warm Period and the M2 glaciation"". Sci Rep 10, 11002 (2020).",10.1038/s41598-020-67154-8,true,1,all known sources of error have been quantified and/or sensitivity of the CO2 estimate to those sources is small,,false,,true,false,,false,added age uncertainty based on LR04,12.75,-78.73
boron_isotopes_delavega_2021_p1.0.xlsx,all known sources of error have been quantified and/or sensitivity of the CO2 estimate to those sources is small,Boron Proxies,3023.22,15,15,366.8,70.72,49.79,"de la Vega, E, Chalk, T.B, Wilson, P.A, Bysani, R.P, Foster, G.L (2020). ""Atmospheric CO2 during the Mid-Piacenzian Warm Period and the M2 glaciation"". Sci Rep 10, 11002 (2020).",10.1038/s41598-020-67154-8,true,1,all known sources of error have been quantified and/or sensitivity of the CO2 estimate to those sources is small,,false,,true,false,,false,added age uncertainty based on LR04,12.75,-78.73
boron_isotopes_delavega_2021_p1.0.xlsx,all known sources of error have been quantified and/or sensitivity of the CO2 estimate to those sources is small,Boron Proxies,3041.93,15,15,412.62,67.46,69.03,"de la Vega, E, Chalk, T.B, Wilson, P.A, Bysani, R.P, Foster, G.L (2020). ""Atmospheric CO2 during the Mid-Piacenzian Warm Period and the M2 glaciation"". Sci Rep 10, 11002 (2020).",10.1038/s41598-020-67154-8,true,1,all known sources of error have been quantified and/or sensitivity of the CO2 estimate to those sources is small,,false,,true,false,,false,added age uncertainty based on LR04,12.75,-78.73
boron_isotopes_delavega_2021_p1.0.xlsx,all known sources of error have been quantified and/or sensitivity of the CO2 estimate to those sources is small,Boron Proxies,3051.27,15,15,411.24,66.44,63.7,"de la Vega, E, Chalk, T.B, Wilson, P.A, Bysani, R.P, Foster, G.L (2020). ""Atmospheric CO2 during the Mid-Piacenzian Warm Period and the M2 glaciation"". Sci Rep 10, 11002 (2020).",10.1038/s41598-020-67154-8,true,1,all known sources of error have been quantified and/or sensitivity of the CO2 estimate to those sources is small,,false,,true,false,,false,added age uncertainty based on LR04,12.75,-78.73
boron_isotopes_delavega_2021_p1.0.xlsx,all known sources of error have been quantified and/or sensitivity of the CO2 estimate to those sources is small,Boron Proxies,3060.8,15,15,349.91,68.93,51.28,"de la Vega, E, Chalk, T.B, Wilson, P.A, Bysani, R.P, Foster, G.L (2020). ""Atmospheric CO2 during the Mid-Piacenzian Warm Period and the M2 glaciation"". Sci Rep 10, 11002 (2020).",10.1038/s41598-020-67154-8,true,1,all known sources of error have been quantified and/or sensitivity of the CO2 estimate to those sources is small,,false,,true,false,,false,added age uncertainty based on LR04,12.75,-78.73
boron_isotopes_delavega_2021_p1.0.xlsx,all known sources of error have been quantified and/or sensitivity of the CO2 estimate to those sources is small,Boron Proxies,3064.67,15,15,401.62,71.25,59.05,"de la Vega, E, Chalk, T.B, Wilson, P.A, Bysani, R.P, Foster, G.L (2020). ""Atmospheric CO2 during the Mid-Piacenzian Warm Period and the M2 glaciation"". Sci Rep 10, 11002 (2020).",10.1038/s41598-020-67154-8,true,1,all known sources of error have been quantified and/or sensitivity of the CO2 estimate to those sources is small,,false,,true,false,,false,added age uncertainty based on LR04,12.75,-78.73
boron_isotopes_delavega_2021_p1.0.xlsx,all known sources of error have been quantified and/or sensitivity of the CO2 estimate to those sources is small,Boron Proxies,3067.99,15,15,373.11,60.87,59.3,"de la Vega, E, Chalk, T.B, Wilson, P.A, Bysani, R.P, Foster, G.L (2020). ""Atmospheric CO2 during the Mid-Piacenzian Warm Period and the M2 glaciation"". Sci Rep 10, 11002 (2020).",10.1038/s41598-020-67154-8,true,1,all known sources of error have been quantified and/or sensitivity of the CO2 estimate to those sources is small,,false,,true,false,,false,added age uncertainty based on LR04,12.75,-78.73
boron_isotopes_delavega_2021_p1.0.xlsx,all known sources of error have been quantified and/or sensitivity of the CO2 estimate to those sources is small,Boron Proxies,3091.2,15,15,330.52,56.42,49.58,"de la Vega, E, Chalk, T.B, Wilson, P.A, Bysani, R.P, Foster, G.L (2020). ""Atmospheric CO2 during the Mid-Piacenzian Warm Period and the M2 glaciation"". Sci Rep 10, 11002 (2020).",10.1038/s41598-020-67154-8,true,1,all known sources of error have been quantified and/or sensitivity of the CO2 estimate to those sources is small,,false,,true,false,,false,added age uncertainty based on LR04,12.75,-78.73
boron_isotopes_delavega_2021_p1.0.xlsx,all known sources of error have been quantified and/or sensitivity of the CO2 estimate to those sources is small,Boron Proxies,3099.49,15,15,312.53,58.69,42.45,"de la Vega, E, Chalk, T.B, Wilson, P.A, Bysani, R.P, Foster, G.L (2020). ""Atmospheric CO2 during the Mid-Piacenzian Warm Period and the M2 glaciation"". Sci Rep 10, 11002 (2020).",10.1038/s41598-020-67154-8,true,1,all known sources of error have been quantified and/or sensitivity of the CO2 estimate to those sources is small,,false,,true,false,,false,added age uncertainty based on LR04,12.75,-78.73
boron_isotopes_delavega_2021_p1.0.xlsx,all known sources of error have been quantified and/or sensitivity of the CO2 estimate to those sources is small,Boron Proxies,3112.2,15,15,376.68,70.84,53.8,"de la Vega, E, Chalk, T.B, Wilson, P.A, Bysani, R.P, Foster, G.L (2020). ""Atmospheric CO2 during the Mid-Piacenzian Warm Period and the M2 glaciation"". Sci Rep 10, 11002 (2020).",10.1038/s41598-020-67154-8,true,1,all known sources of error have been quantified and/or sensitivity of the CO2 estimate to those sources is small,,false,,true,false,,false,added age uncertainty based on LR04,12.75,-78.73
boron_isotopes_delavega_2021_p1.0.xlsx,all known sources of error have been quantified and/or sensitivity of the CO2 estimate to those sources is small,Boron Proxies,3134.59,15,15,332,65.35,46.43,"de la Vega, E, Chalk, T.B, Wilson, P.A, Bysani, R.P, Foster, G.L (2020). ""Atmospheric CO2 during the Mid-Piacenzian Warm Period and the M2 glaciation"". Sci Rep 10, 11002 (2020).",10.1038/s41598-020-67154-8,true,1,all known sources of error have been quantified and/or sensitivity of the CO2 estimate to those sources is small,,false,,true,false,,false,added age uncertainty based on LR04,12.75,-78.73
boron_isotopes_delavega_2021_p1.0.xlsx,all known sources of error have been quantified and/or sensitivity of the CO2 estimate to those sources is small,Boron Proxies,3146.71,15,15,326.23,62.19,49.03,"de la Vega, E, Chalk, T.B, Wilson, P.A, Bysani, R.P, Foster, G.L (2020). ""Atmospheric CO2 during the Mid-Piacenzian Warm Period and the M2 glaciation"". Sci Rep 10, 11002 (2020).",10.1038/s41598-020-67154-8,true,1,all known sources of error have been quantified and/or sensitivity of the CO2 estimate to those sources is small,,false,,true,false,,false,added age uncertainty based on LR04,12.75,-78.73
boron_isotopes_delavega_2021_p1.0.xlsx,all known sources of error have been quantified and/or sensitivity of the CO2 estimate to those sources is small,Boron Proxies,3149.8,15,15,285.04,52.09,44.46,"de la Vega, E, Chalk, T.B, Wilson, P.A, Bysani, R.P, Foster, G.L (2020). ""Atmospheric CO2 during the Mid-Piacenzian Warm Period and the M2 glaciation"". Sci Rep 10, 11002 (2020).",10.1038/s41598-020-67154-8,true,1,all known sources of error have been quantified and/or sensitivity of the CO2 estimate to those sources is small,,false,,true,false,,false,added age uncertainty based on LR04,12.75,-78.73
boron_isotopes_delavega_2021_p1.0.xlsx,all known sources of error have been quantified and/or sensitivity of the CO2 estimate to those sources is small,Boron Proxies,3151.75,15,15,377.09,113.36,68.59,"de la Vega, E, Chalk, T.B, Wilson, P.A, Bysani, R.P, Foster, G.L (2020). ""Atmospheric CO2 during the Mid-Piacenzian Warm Period and the M2 glaciation"". Sci Rep 10, 11002 (2020).",10.1038/s41598-020-67154-8,true,1,all known sources of error have been quantified and/or sensitivity of the CO2 estimate to those sources is small,,false,,true,false,,false,added age uncertainty based on LR04,12.75,-78.73
boron_isotopes_delavega_2021_p1.0.xlsx,all known sources of error have been quantified and/or sensitivity of the CO2 estimate to those sources is small,Boron Proxies,3152.24,15,15,351.63,73.87,54.61,"de la Vega, E, Chalk, T.B, Wilson, P.A, Bysani, R.P, Foster, G.L (2020). ""Atmospheric CO2 during the Mid-Piacenzian Warm Period and the M2 glaciation"". Sci Rep 10, 11002 (2020).",10.1038/s41598-020-67154-8,true,1,all known sources of error have been quantified and/or sensitivity of the CO2 estimate to those sources is small,,false,,true,false,,false,added age uncertainty based on LR04,12.75,-78.73
boron_isotopes_delavega_2021_p1.0.xlsx,all known sources of error have been quantified and/or sensitivity of the CO2 estimate to those sources is small,Boron Proxies,3153.05,15,15,331.48,73.36,51.25,"de la Vega, E, Chalk, T.B, Wilson, P.A, Bysani, R.P, Foster, G.L (2020). ""Atmospheric CO2 during the Mid-Piacenzian Warm Period and the M2 glaciation"". Sci Rep 10, 11002 (2020).",10.1038/s41598-020-67154-8,true,1,all known sources of error have been quantified and/or sensitivity of the CO2 estimate to those sources is small,,false,,true,false,,false,added age uncertainty based on LR04,12.75,-78.73
boron_isotopes_delavega_2021_p1.0.xlsx,all known sources of error have been quantified and/or sensitivity of the CO2 estimate to those sources is small,Boron Proxies,3154.35,15,15,331.95,58.02,48.07,"de la Vega, E, Chalk, T.B, Wilson, P.A, Bysani, R.P, Foster, G.L (2020). ""Atmospheric CO2 during the Mid-Piacenzian Warm Period and the M2 glaciation"". Sci Rep 10, 11002 (2020).",10.1038/s41598-020-67154-8,true,1,all known sources of error have been quantified and/or sensitivity of the CO2 estimate to those sources is small,,false,,true,false,,false,added age uncertainty based on LR04,12.75,-78.73
boron_isotopes_delavega_2021_p1.0.xlsx,all known sources of error have been quantified and/or sensitivity of the CO2 estimate to those sources is small,Boron Proxies,3155.33,15,15,318.31,56.44,47.99,"de la Vega, E, Chalk, T.B, Wilson, P.A, Bysani, R.P, Foster, G.L (2020). ""Atmospheric CO2 during the Mid-Piacenzian Warm Period and the M2 glaciation"". Sci Rep 10, 11002 (2020).",10.1038/s41598-020-67154-8,true,1,all known sources of error have been quantified and/or sensitivity of the CO2 estimate to those sources is small,,false,,true,false,,false,added age uncertainty based on LR04,12.75,-78.73
boron_isotopes_delavega_2021_p1.0.xlsx,all known sources of error have been quantified and/or sensitivity of the CO2 estimate to those sources is small,Boron Proxies,3156.8,15,15,458.65,100.89,71.91,"de la Vega, E, Chalk, T.B, Wilson, P.A, Bysani, R.P, Foster, G.L (2020). ""Atmospheric CO2 during the Mid-Piacenzian Warm Period and the M2 glaciation"". Sci Rep 10, 11002 (2020).",10.1038/s41598-020-67154-8,true,1,all known sources of error have been quantified and/or sensitivity of the CO2 estimate to those sources is small,,false,,true,false,,false,added age uncertainty based on LR04,12.75,-78.73
boron_isotopes_delavega_2021_p1.0.xlsx,all known sources of error have been quantified and/or sensitivity of the CO2 estimate to those sources is small,Boron Proxies,3158.75,15,15,324.01,61.64,44.6,"de la Vega, E, Chalk, T.B, Wilson, P.A, Bysani, R.P, Foster, G.L (2020). ""Atmospheric CO2 during the Mid-Piacenzian Warm Period and the M2 glaciation"". Sci Rep 10, 11002 (2020).",10.1038/s41598-020-67154-8,true,1,all known sources of error have been quantified and/or sensitivity of the CO2 estimate to those sources is small,,false,,true,false,,false,added age uncertainty based on LR04,12.75,-78.73
boron_isotopes_delavega_2021_p1.0.xlsx,all known sources of error have been quantified and/or sensitivity of the CO2 estimate to those sources is small,Boron Proxies,3160.05,15,15,327.25,66.56,52.02,"de la Vega, E, Chalk, T.B, Wilson, P.A, Bysani, R.P, Foster, G.L (2020). ""Atmospheric CO2 during the Mid-Piacenzian Warm Period and the M2 glaciation"". Sci Rep 10, 11002 (2020).",10.1038/s41598-020-67154-8,true,1,all known sources of error have been quantified and/or sensitivity of the CO2 estimate to those sources is small,,false,,true,false,,false,added age uncertainty based on LR04,12.75,-78.73
boron_isotopes_delavega_2021_p1.0.xlsx,all known sources of error have been quantified and/or sensitivity of the CO2 estimate to those sources is small,Boron Proxies,3160.38,15,15,434.93,77.04,64.72,"de la Vega, E, Chalk, T.B, Wilson, P.A, Bysani, R.P, Foster, G.L (2020). ""Atmospheric CO2 during the Mid-Piacenzian Warm Period and the M2 glaciation"". Sci Rep 10, 11002 (2020).",10.1038/s41598-020-67154-8,true,1,all known sources of error have been quantified and/or sensitivity of the CO2 estimate to those sources is small,,false,,true,false,,false,added age uncertainty based on LR04,12.75,-78.73
boron_isotopes_delavega_2021_p1.0.xlsx,all known sources of error have been quantified and/or sensitivity of the CO2 estimate to those sources is small,Boron Proxies,3161.92,15,15,403.7,87.35,65.41,"de la Vega, E, Chalk, T.B, Wilson, P.A, Bysani, R.P, Foster, G.L (2020). ""Atmospheric CO2 during the Mid-Piacenzian Warm Period and the M2 glaciation"". Sci Rep 10, 11002 (2020).",10.1038/s41598-020-67154-8,true,1,all known sources of error have been quantified and/or sensitivity of the CO2 estimate to those sources is small,,false,,true,false,,false,added age uncertainty based on LR04,12.75,-78.73
boron_isotopes_delavega_2021_p1.0.xlsx,all known sources of error have been quantified and/or sensitivity of the CO2 estimate to those sources is small,Boron Proxies,3163.14,15,15,360.58,66.3,57.18,"de la Vega, E, Chalk, T.B, Wilson, P.A, Bysani, R.P, Foster, G.L (2020). ""Atmospheric CO2 during the Mid-Piacenzian Warm Period and the M2 glaciation"". Sci Rep 10, 11002 (2020).",10.1038/s41598-020-67154-8,true,1,all known sources of error have been quantified and/or sensitivity of the CO2 estimate to those sources is small,,false,,true,false,,false,added age uncertainty based on LR04,12.75,-78.73
boron_isotopes_delavega_2021_p1.0.xlsx,all known sources of error have been quantified and/or sensitivity of the CO2 estimate to those sources is small,Boron Proxies,3176.65,15,15,369.45,64,52.52,"de la Vega, E, Chalk, T.B, Wilson, P.A, Bysani, R.P, Foster, G.L (2020). ""Atmospheric CO2 during the Mid-Piacenzian Warm Period and the M2 glaciation"". Sci Rep 10, 11002 (2020).",10.1038/s41598-020-67154-8,true,1,all known sources of error have been quantified and/or sensitivity of the CO2 estimate to those sources is small,,false,,true,false,,false,added age uncertainty based on LR04,12.75,-78.73
boron_isotopes_delavega_2021_p1.0.xlsx,all known sources of error have been quantified and/or sensitivity of the CO2 estimate to those sources is small,Boron Proxies,3180.88,15,15,282.72,51.35,41.48,"de la Vega, E, Chalk, T.B, Wilson, P.A, Bysani, R.P, Foster, G.L (2020). ""Atmospheric CO2 during the Mid-Piacenzian Warm Period and the M2 glaciation"". Sci Rep 10, 11002 (2020).",10.1038/s41598-020-67154-8,true,1,all known sources of error have been quantified and/or sensitivity of the CO2 estimate to those sources is small,,false,,true,false,,false,added age uncertainty based on LR04,12.75,-78.73
boron_isotopes_delavega_2021_p1.0.xlsx,all known sources of error have been quantified and/or sensitivity of the CO2 estimate to those sources is small,Boron Proxies,3181.53,15,15,309.25,60.29,47.35,"de la Vega, E, Chalk, T.B, Wilson, P.A, Bysani, R.P, Foster, G.L (2020). ""Atmospheric CO2 during the Mid-Piacenzian Warm Period and the M2 glaciation"". Sci Rep 10, 11002 (2020).",10.1038/s41598-020-67154-8,true,1,all known sources of error have been quantified and/or sensitivity of the CO2 estimate to those sources is small,,false,,true,false,,false,added age uncertainty based on LR04,12.75,-78.73
boron_isotopes_delavega_2021_p1.0.xlsx,all known sources of error have been quantified and/or sensitivity of the CO2 estimate to those sources is small,Boron Proxies,3184.78,15,15,324.96,58.88,48.9,"de la Vega, E, Chalk, T.B, Wilson, P.A, Bysani, R.P, Foster, G.L (2020). ""Atmospheric CO2 during the Mid-Piacenzian Warm Period and the M2 glaciation"". Sci Rep 10, 11002 (2020).",10.1038/s41598-020-67154-8,true,1,all known sources of error have been quantified and/or sensitivity of the CO2 estimate to those sources is small,,false,,true,false,,false,added age uncertainty based on LR04,12.75,-78.73
boron_isotopes_delavega_2021_p1.0.xlsx,all known sources of error have been quantified and/or sensitivity of the CO2 estimate to those sources is small,Boron Proxies,3185.27,15,15,335.65,70.08,46.95,"de la Vega, E, Chalk, T.B, Wilson, P.A, Bysani, R.P, Foster, G.L (2020). ""Atmospheric CO2 during the Mid-Piacenzian Warm Period and the M2 glaciation"". Sci Rep 10, 11002 (2020).",10.1038/s41598-020-67154-8,true,1,all known sources of error have been quantified and/or sensitivity of the CO2 estimate to those sources is small,,false,,true,false,,false,added age uncertainty based on LR04,12.75,-78.73
boron_isotopes_delavega_2021_p1.0.xlsx,all known sources of error have been quantified and/or sensitivity of the CO2 estimate to those sources is small,Boron Proxies,3186.41,15,15,470.59,138.93,76.63,"de la Vega, E, Chalk, T.B, Wilson, P.A, Bysani, R.P, Foster, G.L (2020). ""Atmospheric CO2 during the Mid-Piacenzian Warm Period and the M2 glaciation"". Sci Rep 10, 11002 (2020).",10.1038/s41598-020-67154-8,true,1,all known sources of error have been quantified and/or sensitivity of the CO2 estimate to those sources is small,,false,,true,false,,false,added age uncertainty based on LR04,12.75,-78.73
boron_isotopes_delavega_2021_p1.0.xlsx,all known sources of error have been quantified and/or sensitivity of the CO2 estimate to those sources is small,Boron Proxies,3190.83,15,15,396.78,87.83,74.7,"de la Vega, E, Chalk, T.B, Wilson, P.A, Bysani, R.P, Foster, G.L (2020). ""Atmospheric CO2 during the Mid-Piacenzian Warm Period and the M2 glaciation"". Sci Rep 10, 11002 (2020).",10.1038/s41598-020-67154-8,true,1,all known sources of error have been quantified and/or sensitivity of the CO2 estimate to those sources is small,,false,,true,false,,false,added age uncertainty based on LR04,12.75,-78.73
boron_isotopes_delavega_2021_p1.0.xlsx,all known sources of error have been quantified and/or sensitivity of the CO2 estimate to those sources is small,Boron Proxies,3192.03,15,15,317.91,62.18,46.03,"de la Vega, E, Chalk, T.B, Wilson, P.A, Bysani, R.P, Foster, G.L (2020). ""Atmospheric CO2 during the Mid-Piacenzian Warm Period and the M2 glaciation"". Sci Rep 10, 11002 (2020).",10.1038/s41598-020-67154-8,true,1,all known sources of error have been quantified and/or sensitivity of the CO2 estimate to those sources is small,,false,,true,false,,false,added age uncertainty based on LR04,12.75,-78.73
boron_isotopes_delavega_2021_p1.0.xlsx,all known sources of error have been quantified and/or sensitivity of the CO2 estimate to those sources is small,Boron Proxies,3195.95,15,15,432.02,94.88,70.98,"de la Vega, E, Chalk, T.B, Wilson, P.A, Bysani, R.P, Foster, G.L (2020). ""Atmospheric CO2 during the Mid-Piacenzian Warm Period and the M2 glaciation"". Sci Rep 10, 11002 (2020).",10.1038/s41598-020-67154-8,true,1,all known sources of error have been quantified and/or sensitivity of the CO2 estimate to those sources is small,,false,,true,false,,false,added age uncertainty based on LR04,12.75,-78.73
boron_isotopes_delavega_2021_p1.0.xlsx,all known sources of error have been quantified and/or sensitivity of the CO2 estimate to those sources is small,Boron Proxies,3202.88,15,15,350,60.7,54.51,"de la Vega, E, Chalk, T.B, Wilson, P.A, Bysani, R.P, Foster, G.L (2020). ""Atmospheric CO2 during the Mid-Piacenzian Warm Period and the M2 glaciation"". Sci Rep 10, 11002 (2020).",10.1038/s41598-020-67154-8,true,1,all known sources of error have been quantified and/or sensitivity of the CO2 estimate to those sources is small,,false,,true,false,,false,added age uncertainty based on LR04,12.75,-78.73
boron_isotopes_delavega_2021_p1.0.xlsx,all known sources of error have been quantified and/or sensitivity of the CO2 estimate to those sources is small,Boron Proxies,3204.69,15,15,362.43,68.44,51.53,"de la Vega, E, Chalk, T.B, Wilson, P.A, Bysani, R.P, Foster, G.L (2020). ""Atmospheric CO2 during the Mid-Piacenzian Warm Period and the M2 glaciation"". Sci Rep 10, 11002 (2020).",10.1038/s41598-020-67154-8,true,1,all known sources of error have been quantified and/or sensitivity of the CO2 estimate to those sources is small,,false,,true,false,,false,added age uncertainty based on LR04,12.75,-78.73
boron_isotopes_delavega_2021_p1.0.xlsx,all known sources of error have been quantified and/or sensitivity of the CO2 estimate to those sources is small,Boron Proxies,3205.3,15,15,426.95,116.08,74.67,"de la Vega, E, Chalk, T.B, Wilson, P.A, Bysani, R.P, Foster, G.L (2020). ""Atmospheric CO2 during the Mid-Piacenzian Warm Period and the M2 glaciation"". Sci Rep 10, 11002 (2020).",10.1038/s41598-020-67154-8,true,1,all known sources of error have been quantified and/or sensitivity of the CO2 estimate to those sources is small,,false,,true,false,,false,added age uncertainty based on LR04,12.75,-78.73
boron_isotopes_delavega_2021_p1.0.xlsx,all known sources of error have been quantified and/or sensitivity of the CO2 estimate to those sources is small,Boron Proxies,3208.31,15,15,361.09,86.69,55.29,"de la Vega, E, Chalk, T.B, Wilson, P.A, Bysani, R.P, Foster, G.L (2020). ""Atmospheric CO2 during the Mid-Piacenzian Warm Period and the M2 glaciation"". Sci Rep 10, 11002 (2020).",10.1038/s41598-020-67154-8,true,1,all known sources of error have been quantified and/or sensitivity of the CO2 estimate to those sources is small,,false,,true,false,,false,added age uncertainty based on LR04,12.75,-78.73
boron_isotopes_delavega_2021_p1.0.xlsx,all known sources of error have been quantified and/or sensitivity of the CO2 estimate to those sources is small,Boron Proxies,3211.02,15,15,392.39,91.53,71.65,"de la Vega, E, Chalk, T.B, Wilson, P.A, Bysani, R.P, Foster, G.L (2020). ""Atmospheric CO2 during the Mid-Piacenzian Warm Period and the M2 glaciation"". Sci Rep 10, 11002 (2020).",10.1038/s41598-020-67154-8,true,1,all known sources of error have been quantified and/or sensitivity of the CO2 estimate to those sources is small,,false,,true,false,,false,added age uncertainty based on LR04,12.75,-78.73
boron_isotopes_delavega_2021_p1.0.xlsx,all known sources of error have been quantified and/or sensitivity of the CO2 estimate to those sources is small,Boron Proxies,3216.14,15,15,350.62,79.42,54.36,"de la Vega, E, Chalk, T.B, Wilson, P.A, Bysani, R.P, Foster, G.L (2020). ""Atmospheric CO2 during the Mid-Piacenzian Warm Period and the M2 glaciation"". Sci Rep 10, 11002 (2020).",10.1038/s41598-020-67154-8,true,1,all known sources of error have been quantified and/or sensitivity of the CO2 estimate to those sources is small,,false,,true,false,,false,added age uncertainty based on LR04,12.75,-78.73
boron_isotopes_delavega_2021_p1.0.xlsx,all known sources of error have been quantified and/or sensitivity of the CO2 estimate to those sources is small,Boron Proxies,3217.95,15,15,398.28,100,63.75,"de la Vega, E, Chalk, T.B, Wilson, P.A, Bysani, R.P, Foster, G.L (2020). ""Atmospheric CO2 during the Mid-Piacenzian Warm Period and the M2 glaciation"". Sci Rep 10, 11002 (2020).",10.1038/s41598-020-67154-8,true,1,all known sources of error have been quantified and/or sensitivity of the CO2 estimate to those sources is small,,false,,true,false,,false,added age uncertainty based on LR04,12.75,-78.73
boron_isotopes_delavega_2021_p1.0.xlsx,all known sources of error have been quantified and/or sensitivity of the CO2 estimate to those sources is small,Boron Proxies,3220.06,15,15,382.43,103.07,62.28,"de la Vega, E, Chalk, T.B, Wilson, P.A, Bysani, R.P, Foster, G.L (2020). ""Atmospheric CO2 during the Mid-Piacenzian Warm Period and the M2 glaciation"". Sci Rep 10, 11002 (2020).",10.1038/s41598-020-67154-8,true,1,all known sources of error have been quantified and/or sensitivity of the CO2 estimate to those sources is small,,false,,true,false,,false,added age uncertainty based on LR04,12.75,-78.73
boron_isotopes_delavega_2021_p1.0.xlsx,all known sources of error have been quantified and/or sensitivity of the CO2 estimate to those sources is small,Boron Proxies,3220.67,15,15,345.22,60.9,53.2,"de la Vega, E, Chalk, T.B, Wilson, P.A, Bysani, R.P, Foster, G.L (2020). ""Atmospheric CO2 during the Mid-Piacenzian Warm Period and the M2 glaciation"". Sci Rep 10, 11002 (2020).",10.1038/s41598-020-67154-8,true,1,all known sources of error have been quantified and/or sensitivity of the CO2 estimate to those sources is small,,false,,true,false,,false,added age uncertainty based on LR04,12.75,-78.73
boron_isotopes_delavega_2021_p1.0.xlsx,all known sources of error have been quantified and/or sensitivity of the CO2 estimate to those sources is small,Boron Proxies,3223.08,15,15,307.79,57.23,42.01,"de la Vega, E, Chalk, T.B, Wilson, P.A, Bysani, R.P, Foster, G.L (2020). ""Atmospheric CO2 during the Mid-Piacenzian Warm Period and the M2 glaciation"". Sci Rep 10, 11002 (2020).",10.1038/s41598-020-67154-8,true,1,all known sources of error have been quantified and/or sensitivity of the CO2 estimate to those sources is small,,false,,true,false,,false,added age uncertainty based on LR04,12.75,-78.73
boron_isotopes_delavega_2021_p1.0.xlsx,all known sources of error have been quantified and/or sensitivity of the CO2 estimate to those sources is small,Boron Proxies,3223.98,15,15,369.38,101.92,55.39,"de la Vega, E, Chalk, T.B, Wilson, P.A, Bysani, R.P, Foster, G.L (2020). ""Atmospheric CO2 during the Mid-Piacenzian Warm Period and the M2 glaciation"". Sci Rep 10, 11002 (2020).",10.1038/s41598-020-67154-8,true,1,all known sources of error have been quantified and/or sensitivity of the CO2 estimate to those sources is small,,false,,true,false,,false,added age uncertainty based on LR04,12.75,-78.73
boron_isotopes_delavega_2021_p1.0.xlsx,all known sources of error have been quantified and/or sensitivity of the CO2 estimate to those sources is small,Boron Proxies,3230.61,15,15,416.51,106.24,67.25,"de la Vega, E, Chalk, T.B, Wilson, P.A, Bysani, R.P, Foster, G.L (2020). ""Atmospheric CO2 during the Mid-Piacenzian Warm Period and the M2 glaciation"". Sci Rep 10, 11002 (2020).",10.1038/s41598-020-67154-8,true,1,all known sources of error have been quantified and/or sensitivity of the CO2 estimate to those sources is small,,false,,true,false,,false,added age uncertainty based on LR04,12.75,-78.73
boron_isotopes_delavega_2021_p1.0.xlsx,all known sources of error have been quantified and/or sensitivity of the CO2 estimate to those sources is small,Boron Proxies,3233.02,15,15,306.52,70.34,51.4,"de la Vega, E, Chalk, T.B, Wilson, P.A, Bysani, R.P, Foster, G.L (2020). ""Atmospheric CO2 during the Mid-Piacenzian Warm Period and the M2 glaciation"". Sci Rep 10, 11002 (2020).",10.1038/s41598-020-67154-8,true,1,all known sources of error have been quantified and/or sensitivity of the CO2 estimate to those sources is small,,false,,true,false,,false,added age uncertainty based on LR04,12.75,-78.73
boron_isotopes_delavega_2021_p1.0.xlsx,all known sources of error have been quantified and/or sensitivity of the CO2 estimate to those sources is small,Boron Proxies,3235.13,15,15,338.18,68.03,54.59,"de la Vega, E, Chalk, T.B, Wilson, P.A, Bysani, R.P, Foster, G.L (2020). ""Atmospheric CO2 during the Mid-Piacenzian Warm Period and the M2 glaciation"". Sci Rep 10, 11002 (2020).",10.1038/s41598-020-67154-8,true,1,all known sources of error have been quantified and/or sensitivity of the CO2 estimate to those sources is small,,false,,true,false,,false,added age uncertainty based on LR04,12.75,-78.73
boron_isotopes_delavega_2021_p1.0.xlsx,all known sources of error have been quantified and/or sensitivity of the CO2 estimate to those sources is small,Boron Proxies,3236.04,15,15,366.19,82.25,60.07,"de la Vega, E, Chalk, T.B, Wilson, P.A, Bysani, R.P, Foster, G.L (2020). ""Atmospheric CO2 during the Mid-Piacenzian Warm Period and the M2 glaciation"". Sci Rep 10, 11002 (2020).",10.1038/s41598-020-67154-8,true,1,all known sources of error have been quantified and/or sensitivity of the CO2 estimate to those sources is small,,false,,true,false,,false,added age uncertainty based on LR04,12.75,-78.73
boron_isotopes_delavega_2021_p1.0.xlsx,all known sources of error have been quantified and/or sensitivity of the CO2 estimate to those sources is small,Boron Proxies,3247.82,15,15,384.48,90.51,63.12,"de la Vega, E, Chalk, T.B, Wilson, P.A, Bysani, R.P, Foster, G.L (2020). ""Atmospheric CO2 during the Mid-Piacenzian Warm Period and the M2 glaciation"". Sci Rep 10, 11002 (2020).",10.1038/s41598-020-67154-8,true,1,all known sources of error have been quantified and/or sensitivity of the CO2 estimate to those sources is small,,false,,true,false,,false,added age uncertainty based on LR04,12.75,-78.73
boron_isotopes_delavega_2021_p1.0.xlsx,all known sources of error have been quantified and/or sensitivity of the CO2 estimate to those sources is small,Boron Proxies,3252.14,15,15,349.65,79.5,53.32,"de la Vega, E, Chalk, T.B, Wilson, P.A, Bysani, R.P, Foster, G.L (2020). ""Atmospheric CO2 during the Mid-Piacenzian Warm Period and the M2 glaciation"". Sci Rep 10, 11002 (2020).",10.1038/s41598-020-67154-8,true,1,all known sources of error have been quantified and/or sensitivity of the CO2 estimate to those sources is small,,false,,true,false,,false,added age uncertainty based on LR04,12.75,-78.73
boron_isotopes_delavega_2021_p1.0.xlsx,all known sources of error have been quantified and/or sensitivity of the CO2 estimate to those sources is small,Boron Proxies,3254.13,15,15,352.26,89.51,53.91,"de la Vega, E, Chalk, T.B, Wilson, P.A, Bysani, R.P, Foster, G.L (2020). ""Atmospheric CO2 during the Mid-Piacenzian Warm Period and the M2 glaciation"". Sci Rep 10, 11002 (2020).",10.1038/s41598-020-67154-8,true,1,all known sources of error have been quantified and/or sensitivity of the CO2 estimate to those sources is small,,false,,true,false,,false,added age uncertainty based on LR04,12.75,-78.73
boron_isotopes_delavega_2021_p1.0.xlsx,all known sources of error have been quantified and/or sensitivity of the CO2 estimate to those sources is small,Boron Proxies,3260.77,15,15,366.84,98.66,61.27,"de la Vega, E, Chalk, T.B, Wilson, P.A, Bysani, R.P, Foster, G.L (2020). ""Atmospheric CO2 during the Mid-Piacenzian Warm Period and the M2 glaciation"". Sci Rep 10, 11002 (2020).",10.1038/s41598-020-67154-8,true,1,all known sources of error have been quantified and/or sensitivity of the CO2 estimate to those sources is small,,false,,true,false,,false,added age uncertainty based on LR04,12.75,-78.73
boron_isotopes_delavega_2021_p1.0.xlsx,all known sources of error have been quantified and/or sensitivity of the CO2 estimate to those sources is small,Boron Proxies,3268.07,15,15,351.09,73.86,51.59,"de la Vega, E, Chalk, T.B, Wilson, P.A, Bysani, R.P, Foster, G.L (2020). ""Atmospheric CO2 during the Mid-Piacenzian Warm Period and the M2 glaciation"". Sci Rep 10, 11002 (2020).",10.1038/s41598-020-67154-8,true,1,all known sources of error have been quantified and/or sensitivity of the CO2 estimate to those sources is small,,false,,true,false,,false,added age uncertainty based on LR04,12.75,-78.73
boron_isotopes_delavega_2021_p1.0.xlsx,all known sources of error have been quantified and/or sensitivity of the CO2 estimate to those sources is small,Boron Proxies,3272.06,15,15,306.48,55.46,45.64,"de la Vega, E, Chalk, T.B, Wilson, P.A, Bysani, R.P, Foster, G.L (2020). ""Atmospheric CO2 during the Mid-Piacenzian Warm Period and the M2 glaciation"". Sci Rep 10, 11002 (2020).",10.1038/s41598-020-67154-8,true,1,all known sources of error have been quantified and/or sensitivity of the CO2 estimate to those sources is small,,false,,true,false,,false,added age uncertainty based on LR04,12.75,-78.73
boron_isotopes_delavega_2021_p1.0.xlsx,all known sources of error have been quantified and/or sensitivity of the CO2 estimate to those sources is small,Boron Proxies,3278.7,15,15,389.69,91.14,65.85,"de la Vega, E, Chalk, T.B, Wilson, P.A, Bysani, R.P, Foster, G.L (2020). ""Atmospheric CO2 during the Mid-Piacenzian Warm Period and the M2 glaciation"". Sci Rep 10, 11002 (2020).",10.1038/s41598-020-67154-8,true,1,all known sources of error have been quantified and/or sensitivity of the CO2 estimate to those sources is small,,false,,true,false,,false,added age uncertainty based on LR04,12.75,-78.73
boron_isotopes_delavega_2021_p1.0.xlsx,all known sources of error have been quantified and/or sensitivity of the CO2 estimate to those sources is small,Boron Proxies,3286.67,15,15,308.4,61.42,47.65,"de la Vega, E, Chalk, T.B, Wilson, P.A, Bysani, R.P, Foster, G.L (2020). ""Atmospheric CO2 during the Mid-Piacenzian Warm Period and the M2 glaciation"". Sci Rep 10, 11002 (2020).",10.1038/s41598-020-67154-8,true,1,all known sources of error have been quantified and/or sensitivity of the CO2 estimate to those sources is small,,false,,true,false,,false,added age uncertainty based on LR04,12.75,-78.73
boron_isotopes_delavega_2021_p1.0.xlsx,all known sources of error have been quantified and/or sensitivity of the CO2 estimate to those sources is small,Boron Proxies,3290.24,15,15,354,88.13,60.85,"de la Vega, E, Chalk, T.B, Wilson, P.A, Bysani, R.P, Foster, G.L (2020). ""Atmospheric CO2 during the Mid-Piacenzian Warm Period and the M2 glaciation"". Sci Rep 10, 11002 (2020).",10.1038/s41598-020-67154-8,true,1,all known sources of error have been quantified and/or sensitivity of the CO2 estimate to those sources is small,,false,,true,false,,false,added age uncertainty based on LR04,12.75,-78.73
boron_isotopes_delavega_2021_p1.0.xlsx,all known sources of error have been quantified and/or sensitivity of the CO2 estimate to those sources is small,Boron Proxies,3293.11,15,15,301,61.57,42.97,"de la Vega, E, Chalk, T.B, Wilson, P.A, Bysani, R.P, Foster, G.L (2020). ""Atmospheric CO2 during the Mid-Piacenzian Warm Period and the M2 glaciation"". Sci Rep 10, 11002 (2020).",10.1038/s41598-020-67154-8,true,1,all known sources of error have been quantified and/or sensitivity of the CO2 estimate to those sources is small,,false,,true,false,,false,added age uncertainty based on LR04,12.75,-78.73
boron_isotopes_delavega_2021_p1.0.xlsx,all known sources of error have been quantified and/or sensitivity of the CO2 estimate to those sources is small,Boron Proxies,3296.43,15,15,387.36,93.14,62.93,"de la Vega, E, Chalk, T.B, Wilson, P.A, Bysani, R.P, Foster, G.L (2020). ""Atmospheric CO2 during the Mid-Piacenzian Warm Period and the M2 glaciation"". Sci Rep 10, 11002 (2020).",10.1038/s41598-020-67154-8,true,1,all known sources of error have been quantified and/or sensitivity of the CO2 estimate to those sources is small,,false,,true,false,,false,added age uncertainty based on LR04,12.75,-78.73
boron_isotopes_delavega_2021_p1.0.xlsx,all known sources of error have been quantified and/or sensitivity of the CO2 estimate to those sources is small,Boron Proxies,3299.45,15,15,379.75,79.7,66.54,"de la Vega, E, Chalk, T.B, Wilson, P.A, Bysani, R.P, Foster, G.L (2020). ""Atmospheric CO2 during the Mid-Piacenzian Warm Period and the M2 glaciation"". Sci Rep 10, 11002 (2020).",10.1038/s41598-020-67154-8,true,1,all known sources of error have been quantified and/or sensitivity of the CO2 estimate to those sources is small,,false,,true,false,,false,added age uncertainty based on LR04,12.75,-78.73
boron_isotopes_delavega_2021_p1.0.xlsx,all known sources of error have been quantified and/or sensitivity of the CO2 estimate to those sources is small,Boron Proxies,3302.61,15,15,458.94,112.83,80.54,"de la Vega, E, Chalk, T.B, Wilson, P.A, Bysani, R.P, Foster, G.L (2020). ""Atmospheric CO2 during the Mid-Piacenzian Warm Period and the M2 glaciation"". Sci Rep 10, 11002 (2020).",10.1038/s41598-020-67154-8,true,1,all known sources of error have been quantified and/or sensitivity of the CO2 estimate to those sources is small,,false,,true,false,,false,added age uncertainty based on LR04,12.75,-78.73
boron_isotopes_delavega_2021_p1.0.xlsx,all known sources of error have been quantified and/or sensitivity of the CO2 estimate to those sources is small,Boron Proxies,3304.12,15,15,415.34,91.78,69.09,"de la Vega, E, Chalk, T.B, Wilson, P.A, Bysani, R.P, Foster, G.L (2020). ""Atmospheric CO2 during the Mid-Piacenzian Warm Period and the M2 glaciation"". Sci Rep 10, 11002 (2020).",10.1038/s41598-020-67154-8,true,1,all known sources of error have been quantified and/or sensitivity of the CO2 estimate to those sources is small,,false,,true,false,,false,added age uncertainty based on LR04,12.75,-78.73
boron_isotopes_delavega_2021_p1.0.xlsx,all known sources of error have been quantified and/or sensitivity of the CO2 estimate to those sources is small,Boron Proxies,3310.76,15,15,400.57,93.79,65.16,"de la Vega, E, Chalk, T.B, Wilson, P.A, Bysani, R.P, Foster, G.L (2020). ""Atmospheric CO2 during the Mid-Piacenzian Warm Period and the M2 glaciation"". Sci Rep 10, 11002 (2020).",10.1038/s41598-020-67154-8,true,1,all known sources of error have been quantified and/or sensitivity of the CO2 estimate to those sources is small,,false,,true,false,,false,added age uncertainty based on LR04,12.75,-78.73
boron_isotopes_delavega_2021_p1.0.xlsx,all known sources of error have been quantified and/or sensitivity of the CO2 estimate to those sources is small,Boron Proxies,3314.6,15,15,421.78,89.19,75.57,"de la Vega, E, Chalk, T.B, Wilson, P.A, Bysani, R.P, Foster, G.L (2020). ""Atmospheric CO2 during the Mid-Piacenzian Warm Period and the M2 glaciation"". Sci Rep 10, 11002 (2020).",10.1038/s41598-020-67154-8,true,1,all known sources of error have been quantified and/or sensitivity of the CO2 estimate to those sources is small,,false,,true,false,,false,added age uncertainty based on LR04,12.75,-78.73
boron_isotopes_delavega_2021_p1.0.xlsx,all known sources of error have been quantified and/or sensitivity of the CO2 estimate to those sources is small,Boron Proxies,3317.52,15,15,323.99,67.82,51.88,"de la Vega, E, Chalk, T.B, Wilson, P.A, Bysani, R.P, Foster, G.L (2020). ""Atmospheric CO2 during the Mid-Piacenzian Warm Period and the M2 glaciation"". Sci Rep 10, 11002 (2020).",10.1038/s41598-020-67154-8,true,1,all known sources of error have been quantified and/or sensitivity of the CO2 estimate to those sources is small,,false,,true,false,,false,added age uncertainty based on LR04,12.75,-78.73
boron_isotopes_delavega_2021_p1.0.xlsx,all known sources of error have been quantified and/or sensitivity of the CO2 estimate to those sources is small,Boron Proxies,3320.3,15,15,368.66,71.7,52.97,"de la Vega, E, Chalk, T.B, Wilson, P.A, Bysani, R.P, Foster, G.L (2020). ""Atmospheric CO2 during the Mid-Piacenzian Warm Period and the M2 glaciation"". Sci Rep 10, 11002 (2020).",10.1038/s41598-020-67154-8,true,1,all known sources of error have been quantified and/or sensitivity of the CO2 estimate to those sources is small,,false,,true,false,,false,added age uncertainty based on LR04,12.75,-78.73
boron_isotopes_delavega_2021_p1.0.xlsx,all known sources of error have been quantified and/or sensitivity of the CO2 estimate to those sources is small,Boron Proxies,3323.22,15,15,293.81,67.12,41.99,"de la Vega, E, Chalk, T.B, Wilson, P.A, Bysani, R.P, Foster, G.L (2020). ""Atmospheric CO2 during the Mid-Piacenzian Warm Period and the M2 glaciation"". Sci Rep 10, 11002 (2020).",10.1038/s41598-020-67154-8,true,1,all known sources of error have been quantified and/or sensitivity of the CO2 estimate to those sources is small,,false,,true,false,,false,added age uncertainty based on LR04,12.75,-78.73
boron_isotopes_delavega_2021_p1.0.xlsx,all known sources of error have been quantified and/or sensitivity of the CO2 estimate to those sources is small,Boron Proxies,3326.14,15,15,413.92,101.94,61.84,"de la Vega, E, Chalk, T.B, Wilson, P.A, Bysani, R.P, Foster, G.L (2020). ""Atmospheric CO2 during the Mid-Piacenzian Warm Period and the M2 glaciation"". Sci Rep 10, 11002 (2020).",10.1038/s41598-020-67154-8,true,1,all known sources of error have been quantified and/or sensitivity of the CO2 estimate to those sources is small,,false,,true,false,,false,added age uncertainty based on LR04,12.75,-78.73
boron_isotopes_delavega_2021_p1.0.xlsx,all known sources of error have been quantified and/or sensitivity of the CO2 estimate to those sources is small,Boron Proxies,3329.2,15,15,327.85,71.73,52.03,"de la Vega, E, Chalk, T.B, Wilson, P.A, Bysani, R.P, Foster, G.L (2020). ""Atmospheric CO2 during the Mid-Piacenzian Warm Period and the M2 glaciation"". Sci Rep 10, 11002 (2020).",10.1038/s41598-020-67154-8,true,1,all known sources of error have been quantified and/or sensitivity of the CO2 estimate to those sources is small,,false,,true,false,,false,added age uncertainty based on LR04,12.75,-78.73
boron_isotopes_delavega_2021_p1.0.xlsx,all known sources of error have been quantified and/or sensitivity of the CO2 estimate to those sources is small,Boron Proxies,3332.13,15,15,315.76,65.33,51.18,"de la Vega, E, Chalk, T.B, Wilson, P.A, Bysani, R.P, Foster, G.L (2020). ""Atmospheric CO2 during the Mid-Piacenzian Warm Period and the M2 glaciation"". Sci Rep 10, 11002 (2020).",10.1038/s41598-020-67154-8,true,1,all known sources of error have been quantified and/or sensitivity of the CO2 estimate to those sources is small,,false,,true,false,,false,added age uncertainty based on LR04,12.75,-78.73
boron_isotopes_delavega_2021_p1.0.xlsx,all known sources of error have been quantified and/or sensitivity of the CO2 estimate to those sources is small,Boron Proxies,2019.29,6,6,347.53,64.31,46.2,"de la Vega, E, Chalk, T.B, Wilson, P.A, Bysani, R.P, Foster, G.L (2020). ""Atmospheric CO2 during the Mid-Piacenzian Warm Period and the M2 glaciation"". Sci Rep 10, 11002 (2020).",10.1038/s41598-020-67154-8,true,1,all known sources of error have been quantified and/or sensitivity of the CO2 estimate to those sources is small,,false,,true,false,,false,added age uncertainty based on LR04,12.75,-78.73
boron_isotopes_delavega_2021_p1.0.xlsx,all known sources of error have been quantified and/or sensitivity of the CO2 estimate to those sources is small,Boron Proxies,2941.22,6,6,321.94,60.94,41.4,"de la Vega, E, Chalk, T.B, Wilson, P.A, Bysani, R.P, Foster, G.L (2020). ""Atmospheric CO2 during the Mid-Piacenzian Warm Period and the M2 glaciation"". Sci Rep 10, 11002 (2020).",10.1038/s41598-020-67154-8,true,1,all known sources of error have been quantified and/or sensitivity of the CO2 estimate to those sources is small,,false,,true,false,,false,added age uncertainty based on LR04,12.75,-78.73
boron_isotopes_delavega_2021_p1.0.xlsx,all known sources of error have been quantified and/or sensitivity of the CO2 estimate to those sources is small,Boron Proxies,3180.88,15,15,270.33,43.83,32.56,"de la Vega, E, Chalk, T.B, Wilson, P.A, Bysani, R.P, Foster, G.L (2020). ""Atmospheric CO2 during the Mid-Piacenzian Warm Period and the M2 glaciation"". Sci Rep 10, 11002 (2020).",10.1038/s41598-020-67154-8,true,1,all known sources of error have been quantified and/or sensitivity of the CO2 estimate to those sources is small,,false,,true,false,,false,added age uncertainty based on LR04,12.75,-78.73
boron_isotopes_delavega_2021_p1.0.xlsx,all known sources of error have been quantified and/or sensitivity of the CO2 estimate to those sources is small,Boron Proxies,3204.4,15,15,338.3,62.01,45.76,"de la Vega, E, Chalk, T.B, Wilson, P.A, Bysani, R.P, Foster, G.L (2020). ""Atmospheric CO2 during the Mid-Piacenzian Warm Period and the M2 glaciation"". Sci Rep 10, 11002 (2020).",10.1038/s41598-020-67154-8,true,1,all known sources of error have been quantified and/or sensitivity of the CO2 estimate to those sources is small,,false,,true,false,,false,added age uncertainty based on LR04,12.75,-78.73
boron_isotopes_delavega_2021_p1.0.xlsx,all known sources of error have been quantified and/or sensitivity of the CO2 estimate to those sources is small,Boron Proxies,3235.13,15,15,320.45,50.57,39.16,"de la Vega, E, Chalk, T.B, Wilson, P.A, Bysani, R.P, Foster, G.L (2020). ""Atmospheric CO2 during the Mid-Piacenzian Warm Period and the M2 glaciation"". Sci Rep 10, 11002 (2020).",10.1038/s41598-020-67154-8,true,1,all known sources of error have been quantified and/or sensitivity of the CO2 estimate to those sources is small,,false,,true,false,,false,added age uncertainty based on LR04,12.75,-78.73
boron_isotopes_delavega_2021_p1.0.xlsx,all known sources of error have been quantified and/or sensitivity of the CO2 estimate to those sources is small,Boron Proxies,4003.18,30,30,386.25,62.58,58.9,"de la Vega, E, Chalk, T.B, Wilson, P.A, Bysani, R.P, Foster, G.L (2020). ""Atmospheric CO2 during the Mid-Piacenzian Warm Period and the M2 glaciation"". Sci Rep 10, 11002 (2020).",10.1038/s41598-020-67154-8,true,1,all known sources of error have been quantified and/or sensitivity of the CO2 estimate to those sources is small,,false,,true,false,,false,added age uncertainty based on LR04,12.75,-78.73
boron_isotopes_delavega_2021_p1.0.xlsx,all known sources of error have been quantified and/or sensitivity of the CO2 estimate to those sources is small,Boron Proxies,4225.71,30,30,364.48,62.36,53.71,"de la Vega, E, Chalk, T.B, Wilson, P.A, Bysani, R.P, Foster, G.L (2020). ""Atmospheric CO2 during the Mid-Piacenzian Warm Period and the M2 glaciation"". Sci Rep 10, 11002 (2020).",10.1038/s41598-020-67154-8,true,1,all known sources of error have been quantified and/or sensitivity of the CO2 estimate to those sources is small,,false,,true,false,,false,added age uncertainty based on LR04,12.75,-78.73
boron_isotopes_henehan_2013_p1.0.xlsx,all known sources of error have been quantified and/or sensitivity of the CO2 estimate to those sources is small,Boron Proxies,3.1,4,4,259.37,29,29,"Henehan et al., 2013. Calibration of the boron isotope proxy in the planktonic foraminifera Globigerinoides ruber for use in palaeo-CO2 reconstruction. Earth Planet. Sci. Lett. 364; 111-122. Recalculated data originally generated by Foster (2008), EPSL",10.1016/j.epsl.2012.12.029,true,1,all known sources of error have been quantified and/or sensitivity of the CO2 estimate to those sources is small,False,false,,true,false,False,false,added age uncertainty in agreement with LR04,3.83167,-41.62167
boron_isotopes_henehan_2013_p1.0.xlsx,all known sources of error have been quantified and/or sensitivity of the CO2 estimate to those sources is small,Boron Proxies,5.98,4,4,263.8,29,29,"Henehan et al., 2013. Calibration of the boron isotope proxy in the planktonic foraminifera Globigerinoides ruber for use in palaeo-CO2 reconstruction. Earth Planet. Sci. Lett. 364; 111-122. Recalculated data originally generated by Foster (2008), EPSL",10.1016/j.epsl.2012.12.029,true,1,all known sources of error have been quantified and/or sensitivity of the CO2 estimate to those sources is small,False,false,,true,false,False,false,added age uncertainty in agreement with LR05,3.83167,-41.62167
boron_isotopes_henehan_2013_p1.0.xlsx,all known sources of error have been quantified and/or sensitivity of the CO2 estimate to those sources is small,Boron Proxies,8.52,4,4,240.18,29,29,"Henehan et al., 2013. Calibration of the boron isotope proxy in the planktonic foraminifera Globigerinoides ruber for use in palaeo-CO2 reconstruction. Earth Planet. Sci. Lett. 364; 111-122. Recalculated data originally generated by Foster (2008), EPSL",10.1016/j.epsl.2012.12.029,true,1,all known sources of error have been quantified and/or sensitivity of the CO2 estimate to those sources is small,False,false,,true,false,False,false,added age uncertainty in agreement with LR06,3.83167,-41.62167
boron_isotopes_henehan_2013_p1.0.xlsx,all known sources of error have been quantified and/or sensitivity of the CO2 estimate to those sources is small,Boron Proxies,10.54,4,4,262.31,29,29,"Henehan et al., 2013. Calibration of the boron isotope proxy in the planktonic foraminifera Globigerinoides ruber for use in palaeo-CO2 reconstruction. Earth Planet. Sci. Lett. 364; 111-122. Recalculated data originally generated by Foster (2008), EPSL",10.1016/j.epsl.2012.12.029,true,1,all known sources of error have been quantified and/or sensitivity of the CO2 estimate to those sources is small,False,false,,true,false,False,false,added age uncertainty in agreement with LR07,3.83167,-41.62167
boron_isotopes_henehan_2013_p1.0.xlsx,all known sources of error have been quantified and/or sensitivity of the CO2 estimate to those sources is small,Boron Proxies,12.55,4,4,206.34,29,29,"Henehan et al., 2013. Calibration of the boron isotope proxy in the planktonic foraminifera Globigerinoides ruber for use in palaeo-CO2 reconstruction. Earth Planet. Sci. Lett. 364; 111-122. Recalculated data originally generated by Foster (2008), EPSL",10.1016/j.epsl.2012.12.029,true,1,all known sources of error have been quantified and/or sensitivity of the CO2 estimate to those sources is small,False,false,,true,false,False,false,added age uncertainty in agreement with LR08,3.83167,-41.62167
boron_isotopes_henehan_2013_p1.0.xlsx,all known sources of error have been quantified and/or sensitivity of the CO2 estimate to those sources is small,Boron Proxies,14.57,4,4,220,29,29,"Henehan et al., 2013. Calibration of the boron isotope proxy in the planktonic foraminifera Globigerinoides ruber for use in palaeo-CO2 reconstruction. Earth Planet. Sci. Lett. 364; 111-122. Recalculated data originally generated by Foster (2008), EPSL",10.1016/j.epsl.2012.12.029,true,1,all known sources of error have been quantified and/or sensitivity of the CO2 estimate to those sources is small,False,false,,true,false,False,false,added age uncertainty in agreement with LR09,3.83167,-41.62167
boron_isotopes_henehan_2013_p1.0.xlsx,all known sources of error have been quantified and/or sensitivity of the CO2 estimate to those sources is small,Boron Proxies,16.59,4,4,193.91,29,29,"Henehan et al., 2013. Calibration of the boron isotope proxy in the planktonic foraminifera Globigerinoides ruber for use in palaeo-CO2 reconstruction. Earth Planet. Sci. Lett. 364; 111-122. Recalculated data originally generated by Foster (2008), EPSL",10.1016/j.epsl.2012.12.029,true,1,all known sources of error have been quantified and/or sensitivity of the CO2 estimate to those sources is small,False,false,,true,false,False,false,added age uncertainty in agreement with LR10,3.83167,-41.62167
boron_isotopes_henehan_2013_p1.0.xlsx,all known sources of error have been quantified and/or sensitivity of the CO2 estimate to those sources is small,Boron Proxies,18.16,4,4,194.11,29,29,"Henehan et al., 2013. Calibration of the boron isotope proxy in the planktonic foraminifera Globigerinoides ruber for use in palaeo-CO2 reconstruction. Earth Planet. Sci. Lett. 364; 111-122. Recalculated data originally generated by Foster (2008), EPSL",10.1016/j.epsl.2012.12.029,true,1,all known sources of error have been quantified and/or sensitivity of the CO2 estimate to those sources is small,False,false,,true,false,False,false,added age uncertainty in agreement with LR11,3.83167,-41.62167
boron_isotopes_henehan_2013_p1.0.xlsx,all known sources of error have been quantified and/or sensitivity of the CO2 estimate to those sources is small,Boron Proxies,19.06,4,4,209.4,29,29,"Henehan et al., 2013. Calibration of the boron isotope proxy in the planktonic foraminifera Globigerinoides ruber for use in palaeo-CO2 reconstruction. Earth Planet. Sci. Lett. 364; 111-122. Recalculated data originally generated by Foster (2008), EPSL",10.1016/j.epsl.2012.12.029,true,1,all known sources of error have been quantified and/or sensitivity of the CO2 estimate to those sources is small,False,false,,true,false,False,false,added age uncertainty in agreement with LR12,3.83167,-41.62167
boron_isotopes_henehan_2013_p1.0.xlsx,all known sources of error have been quantified and/or sensitivity of the CO2 estimate to those sources is small,Boron Proxies,20.86,4,4,216.74,29,29,"Henehan et al., 2013. Calibration of the boron isotope proxy in the planktonic foraminifera Globigerinoides ruber for use in palaeo-CO2 reconstruction. Earth Planet. Sci. Lett. 364; 111-122. Recalculated data originally generated by Foster (2008), EPSL",10.1016/j.epsl.2012.12.029,true,1,all known sources of error have been quantified and/or sensitivity of the CO2 estimate to those sources is small,False,false,,true,false,False,false,added age uncertainty in agreement with LR13,3.83167,-41.62167
boron_isotopes_henehan_2013_p1.0.xlsx,all known sources of error have been quantified and/or sensitivity of the CO2 estimate to those sources is small,Boron Proxies,23.86,4,4,225.22,29,29,"Henehan et al., 2013. Calibration of the boron isotope proxy in the planktonic foraminifera Globigerinoides ruber for use in palaeo-CO2 reconstruction. Earth Planet. Sci. Lett. 364; 111-122. Recalculated data originally generated by Foster (2008), EPSL",10.1016/j.epsl.2012.12.029,true,1,all known sources of error have been quantified and/or sensitivity of the CO2 estimate to those sources is small,False,false,,true,false,False,false,added age uncertainty in agreement with LR14,3.83167,-41.62167
boron_isotopes_henehan_2013_p1.0.xlsx,all known sources of error have been quantified and/or sensitivity of the CO2 estimate to those sources is small,Boron Proxies,27.37,4,4,208.16,29,29,"Henehan et al., 2013. Calibration of the boron isotope proxy in the planktonic foraminifera Globigerinoides ruber for use in palaeo-CO2 reconstruction. Earth Planet. Sci. Lett. 364; 111-122. Recalculated data originally generated by Foster (2008), EPSL",10.1016/j.epsl.2012.12.029,true,1,all known sources of error have been quantified and/or sensitivity of the CO2 estimate to those sources is small,False,false,,true,false,False,false,added age uncertainty in agreement with LR15,3.83167,-41.62167
boron_isotopes_henehan_2013_p1.0.xlsx,all known sources of error have been quantified and/or sensitivity of the CO2 estimate to those sources is small,Boron Proxies,30.88,4,4,253.37,29,29,"Henehan et al., 2013. Calibration of the boron isotope proxy in the planktonic foraminifera Globigerinoides ruber for use in palaeo-CO2 reconstruction. Earth Planet. Sci. Lett. 364; 111-122. Recalculated data originally generated by Foster (2008), EPSL",10.1016/j.epsl.2012.12.029,true,1,all known sources of error have been quantified and/or sensitivity of the CO2 estimate to those sources is small,False,false,,true,false,False,false,added age uncertainty in agreement with LR16,3.83167,-41.62167
